Season,Player,Position,Position Group,Conference,Overall Pick,Actual Tier Number,Predicted Tier Number,Actual Tier,Predicted Tier,Correct,Ordinal Error,Prob Round 1,Prob Rounds 2-3,Prob Rounds 4-5,Prob Rounds 6-7,Prob Undrafted,Early Round Probability
2026,Chris Adams,OT,OL,AAC,300,4,3,Undrafted,Rounds 6-7,Incorrect,1,0.11918571983996633,0.14017120578002884,0.13636033000624304,0.3006505692186317,0.3036321751551301,0.2593569256199952
2026,Austin Barber,OT,OL,SEC,86,1,3,Rounds 2-3,Rounds 6-7,Incorrect,2,0.12539503084033268,0.1452301292628055,0.13900808619840488,0.2988278141632176,0.29153893953523935,0.2706251601031382
2026,Markel Bell,OT,OL,ACC,68,1,3,Rounds 2-3,Rounds 6-7,Incorrect,2,0.10012490898886252,0.12344416810109819,0.12643623198149778,0.3034783085687995,0.346516382359742,0.2235690770899607
2026,Jude Bowry,OT,OL,ACC,102,2,3,Rounds 4-5,Rounds 6-7,Incorrect,1,0.1508540801569075,0.16409810493900856,0.14734540848665362,0.288394488296775,0.24930791812065534,0.31495218509591605
2026,Travis Burke,OT,OL,AAC,117,2,3,Rounds 4-5,Rounds 6-7,Incorrect,1,0.0676985105871705,0.09049357353269069,0.10184602893880168,0.29168439312488026,0.4482774938164569,0.1581920841198612
2026,Kage Casey,OT,OL,Mountain West,111,2,3,Rounds 4-5,Rounds 6-7,Incorrect,1,0.0954142469874092,0.11902034330599955,0.12351888287455212,0.30333839607142954,0.3587081307606096,0.21443459029340875
2026,Dametrious Crownover,OT,OL,SEC,196,3,2,Rounds 6-7,Rounds 4-5,Incorrect,1,0.21697226686855814,0.20064843418714629,0.15521323804744563,0.25162093402407226,0.17554512687277768,0.4176207010557044
2026,Enrique Cruz Jr.,OT,OL,Big 12,179,3,2,Rounds 6-7,Rounds 4-5,Incorrect,1,0.22072826288600494,0.20224558903609158,0.15522751094294834,0.24941073605838737,0.17238790107656776,0.4229738519220965
2026,J.C. Davis,OT,OL,Big Ten,192,3,3,Rounds 6-7,Rounds 6-7,Correct,0,0.11818246875054761,0.13933626840954005,0.1359072526586439,0.3009099941221657,0.30566401605910276,0.25751873716008766
2026,Fa'alili Fa'amoe,OT,OL,ACC,300,4,4,Undrafted,Undrafted,Correct,0,0.03993614497478464,0.05725179547305743,0.07038925213594269,0.24592814165663515,0.5864946657595801,0.09718794044784207
2026,Spencer Fano,OT,OL,Big 12,9,0,0,Round 1,Round 1,Correct,0,0.5415155996803053,0.21197117710960423,0.09761480899688069,0.1013218959103912,0.047576518302818616,0.7534867767899095
2026,Monroe Freeling,OT,OL,SEC,19,0,1,Round 1,Rounds 2-3,Incorrect,1,0.3616564128118654,0.23286006006384902,0.1382373490421701,0.17293044909375566,0.09431572898835983,0.5945164728757144
2026,Alan Herron,OT,OL,Big Ten,300,4,3,Undrafted,Rounds 6-7,Incorrect,1,0.10189021728210919,0.12507168615002767,0.12747907926991814,0.30343169439282985,0.34212732290511516,0.22696190343213685
2026,Max Iheanachor,OT,OL,Big 12,21,0,3,Round 1,Rounds 6-7,Incorrect,3,0.13077161504564994,0.14946196502705528,0.14109254108139546,0.2969792820817699,0.28169459676412945,0.2802335800727052
2026,Caleb Lomu,OT,OL,Big 12,28,0,0,Round 1,Round 1,Correct,0,0.5243966967952999,0.21609285689951896,0.10168344370506543,0.10703500686586653,0.050791995734249196,0.7404895536948188
2026,Francis Mauigoa,OT,OL,ACC,10,0,0,Round 1,Round 1,Correct,0,0.5359276073005589,0.21335855289901362,0.09894313449151704,0.10316480109290016,0.0486059042160103,0.7492861601995725
2026,Blake Miller,OT,OL,ACC,17,0,2,Round 1,Rounds 4-5,Incorrect,2,0.18369221822732015,0.18433728338911995,0.15328052136478887,0.27096522963707625,0.20772474738169477,0.3680295016164401
2026,Diego Pounds,OT,OL,SEC,300,4,2,Undrafted,Rounds 4-5,Incorrect,2,0.2012451121133364,0.19343528533162752,0.15473058309230986,0.26084807704151236,0.18974094242121387,0.3946803974449639
2026,Kadyn Proctor,OT,OL,SEC,12,0,0,Round 1,Round 1,Correct,0,0.5719464925352438,0.20373020206516812,0.09038986891167233,0.09164455865732934,0.042288877830586435,0.7756766946004119
2026,Drew Shelton,OT,OL,Big Ten,112,2,2,Rounds 4-5,Rounds 4-5,Correct,0,0.22654280450383457,0.20462547424002087,0.15517893248649428,0.24599076866802183,0.16766202010162845,0.43116827874385544
2026,Caleb Tiernan,OT,OL,Big Ten,97,2,2,Rounds 4-5,Rounds 4-5,Correct,0,0.2750000685998082,0.22036256771983997,0.1519897245487526,0.2180406748053313,0.13460696432626795,0.49536263631964816
2026,Keagen Trost,OT,OL,SEC,93,1,3,Rounds 2-3,Rounds 6-7,Incorrect,2,0.16508313141100442,0.1734063736718928,0.15049692918674162,0.2811960418256987,0.22981752390466248,0.3384895050828972
2026,Aamil Wagner,OT,OL,FBS Independent,300,4,2,Undrafted,Rounds 4-5,Incorrect,2,0.21189015576661369,0.19841131794763295,0.1551340945774362,0.25460987003014235,0.1799545616781748,0.41030147371424663
2026,Carver Willis,OT,OL,Big Ten,127,2,3,Rounds 4-5,Rounds 6-7,Incorrect,1,0.09196924968954485,0.11570962780064183,0.12125688891577371,0.3029698992673045,0.3680943343267351,0.20767887749018668
2026,Sonny Styles,LB,LB,Big Ten,7,0,0,Round 1,Round 1,Correct,0,0.7133873941824562,0.1522289910778113,0.05773049679114817,0.05349813356113997,0.023154984387444344,0.8656163852602675
2026,Anthony Hill,LB,LB,SEC,60,1,1,Rounds 2-3,Rounds 2-3,Correct,0,0.4879186735533242,0.22354749327770684,0.11031865255902851,0.1199044994321592,0.058310681177781265,0.711466166831031
2026,Jake Golday,LB,LB,Big 12,51,1,3,Rounds 2-3,Rounds 6-7,Incorrect,2,0.08417386768520446,0.10797741845783809,0.11571354849741516,0.3011761465644461,0.3909590187950962,0.19215128614304255
2026,Josiah Trotter,LB,LB,SEC,46,1,2,Rounds 2-3,Rounds 4-5,Incorrect,1,0.17485602693122734,0.17931730390367404,0.15213299616958825,0.27591013523175456,0.2177835377637558,0.3541733308349014
2026,CJ Allen,LB,LB,SEC,53,1,1,Rounds 2-3,Rounds 2-3,Correct,0,0.4357007980968303,0.23076010353392123,0.12241996874847227,0.14013015249311167,0.0709889771276645,0.6664609016307516
2026,Kyle Louis,LB,LB,ACC,138,2,3,Rounds 4-5,Rounds 6-7,Incorrect,1,0.12816662152373617,0.14742863404485643,0.14010598878533198,0.2979037653680712,0.2863949902780042,0.2755952555685926
2026,Jacob Rodriguez,LB,LB,Big 12,43,1,1,Rounds 2-3,Rounds 2-3,Correct,0,0.4415710964670073,0.23016814773410754,0.1210848782806625,0.13774318423937915,0.0694326932788435,0.6717392442011149
2026,Lander Barton,LB,LB,Big 12,300,4,4,Undrafted,Undrafted,Correct,0,0.04983308488755315,0.06967377901838526,0.08292935276016974,0.2681643063706126,0.5293994769632793,0.1195068639059384
2026,Harold Perkins Jr.,LB,LB,SEC,215,3,4,Rounds 6-7,Undrafted,Incorrect,1,0.019693710098420452,0.029726364474408098,0.039188473650678964,0.16540100314329326,0.7459904486331992,0.04942007457282855
2026,Red Murdock,LB,LB,MAC,257,3,0,Rounds 6-7,Round 1,Incorrect,3,0.6624264408201292,0.17305383946642383,0.0692519681331153,0.06607906433909538,0.029188687241236244,0.8354802802865531
2026,Keyshaun Elliott,LB,LB,Big 12,166,3,3,Rounds 6-7,Rounds 6-7,Correct,0,0.08563219327535654,0.1094496574899482,0.1167970198962919,0.30162227643940714,0.3864988528989962,0.19508185076530474
2026,Deontae Lawson,LB,LB,SEC,300,4,3,Undrafted,Rounds 6-7,Incorrect,1,0.1106731239452893,0.13292857075390466,0.13228076422178503,0.30249844172780177,0.32161909935121924,0.24360169469919396
2026,Bryce Boettcher,LB,LB,Big Ten,135,2,2,Rounds 4-5,Rounds 4-5,Correct,0,0.2101898988677288,0.19764310197032106,0.15509171929457122,0.25560884520954774,0.1814664346578312,0.40783300083804985
2026,Taurean York,LB,LB,SEC,300,4,2,Undrafted,Rounds 4-5,Incorrect,2,0.21092766457081166,0.19797766812745746,0.15511110485307666,0.25517545861226665,0.18080810383638757,0.4089053326982691
2026,Jimmy Rolder,LB,LB,Big Ten,118,2,3,Rounds 4-5,Rounds 6-7,Incorrect,1,0.09776245985747699,0.12124035719509758,0.12499798469228962,0.3034579966270931,0.3525412016280427,0.21900281705257457
2026,Aiden Fisher,LB,LB,Big Ten,243,3,0,Rounds 6-7,Round 1,Incorrect,3,0.5927031872916799,0.19747532656806532,0.08548312105075562,0.08537446497164014,0.038963900117858996,0.7901785138597452
2026,Wade Woodaz,LB,LB,ACC,123,2,4,Rounds 4-5,Undrafted,Incorrect,2,0.05053176668892482,0.07052617763317048,0.08375532365683905,0.26944075899727654,0.5257459730237891,0.1210579443220953
2026,Jack Kelly,LB,LB,Big 12,193,3,3,Rounds 6-7,Rounds 6-7,Correct,0,0.13187587485092608,0.1503143208248233,0.14149777390012724,0.29657195212126564,0.27974007830285774,0.2821901956757494
2026,Kaleb Elarms-Orr,LB,LB,Big 12,126,2,3,Rounds 4-5,Rounds 6-7,Incorrect,1,0.11741069132576587,0.13869061138743594,0.13555379022271807,0.30110243940944853,0.3072424676546316,0.2561013027132018
2026,Scooby Williams,LB,LB,SEC,300,4,4,Undrafted,Undrafted,Correct,0,0.04156597961467069,0.05934271826512255,0.07256624144485067,0.2501783863178965,0.5763466743574596,0.10090869787979324
2026,Justin Jefferson,LB,LB,SEC,149,2,3,Rounds 4-5,Rounds 6-7,Incorrect,1,0.1420594906411123,0.15791095148253495,0.14488794356096257,0.2924326707644183,0.26270894355097185,0.29997044212364726
2026,Xavian Sorey,LB,LB,SEC,300,4,3,Undrafted,Rounds 6-7,Incorrect,1,0.0725051532885001,0.09575906160758188,0.10621623098204672,0.2954078058507581,0.4301117482711132,0.16826421489608198
2026,Namdi Obiazor,LB,LB,Big 12,212,3,3,Rounds 6-7,Rounds 6-7,Correct,0,0.10810180841806097,0.1306693711374257,0.13093979368581976,0.3028842184186322,0.32740480834006136,0.23877117955548666
2026,Owen Heinecke,LB,LB,SEC,300,4,3,Undrafted,Rounds 6-7,Incorrect,1,0.08948264997348675,0.11327973799444725,0.11955406338967767,0.302550182074669,0.37513336656771934,0.202762387967934
2026,Kendal Daniels,LB,LB,SEC,134,2,3,Rounds 4-5,Rounds 6-7,Incorrect,1,0.13939569880505295,0.15596932399862293,0.14405983202465372,0.2935770274339131,0.2669981177377573,0.2953650228036759
2026,Eric Gentry,LB,LB,Big Ten,300,4,3,Undrafted,Rounds 6-7,Incorrect,1,0.12712438081735597,0.14660616928172363,0.13969904013436973,0.29825868958179563,0.28831172018475504,0.2737305500990796
2026,Karson Sharar,LB,LB,Big Ten,183,3,2,Rounds 6-7,Rounds 4-5,Incorrect,1,0.19301067715763542,0.18930881940275923,0.15417963122996858,0.2656307878371261,0.19787008437251064,0.38231949656039466
2026,Wesley Bissainthe,LB,LB,ACC,300,4,3,Undrafted,Rounds 6-7,Incorrect,1,0.1171258817714118,0.13845160415709173,0.13542226293806658,0.3011718638504602,0.3078283872829697,0.25557748592850354
2026,Rueben Bain Jr.,EDGE,DL,ACC,15,0,1,Round 1,Rounds 2-3,Incorrect,1,0.48838003550674,0.2234650335552481,0.11021001579104184,0.11973554282606413,0.05820937232090595,0.7118450690619881
2026,Arvell Reese,EDGE,DL,Big Ten,5,0,0,Round 1,Round 1,Correct,0,0.616189675320999,0.1898151702369999,0.07996580359025907,0.07858252263664334,0.0354468282150987,0.8060048455579989
2026,David Bailey,EDGE,DL,Big 12,2,0,0,Round 1,Round 1,Correct,0,0.6480663196083143,0.17848790599777165,0.07255553066924192,0.06984508479090379,0.031045158933768358,0.8265542256060859
2026,Cashius Howell,EDGE,DL,SEC,41,1,1,Rounds 2-3,Rounds 2-3,Correct,0,0.40369417530014884,0.23293284550687154,0.12952789615087323,0.15368166666642857,0.08016341637567781,0.6366270208070204
2026,Akheem Mesidor,EDGE,DL,ACC,22,0,1,Round 1,Rounds 2-3,Incorrect,1,0.36419588780001116,0.23296554666991515,0.13773771519591937,0.17171915604765342,0.0933816942865009,0.5971614344699263
2026,R Mason Thomas,EDGE,DL,SEC,40,1,1,Rounds 2-3,Rounds 2-3,Correct,0,0.37753521648860205,0.2333006321744842,0.13505178295156972,0.16545999724889338,0.08865237113645064,0.6108358486630863
2026,T.J. Parker,EDGE,DL,ACC,35,1,1,Rounds 2-3,Rounds 2-3,Correct,0,0.3941168444506673,0.23322042350923844,0.1315853531620661,0.15791879659618002,0.08315858228184814,0.6273372679599057
2026,Anthony Lucas,EDGE,DL,Big Ten,300,4,2,Undrafted,Rounds 4-5,Incorrect,2,0.1767913947072826,0.1804427831859592,0.1524102347990824,0.27483868297486,0.21551690433281578,0.3572341778932418
2026,Malachi Lawrence,EDGE,DL,Big 12,23,0,2,Round 1,Rounds 4-5,Incorrect,2,0.18251590418828822,0.18368639568070183,0.1531449018244619,0.271630808096041,0.20902199021050705,0.36620229986899006
2026,Gabe Jacas,EDGE,DL,Big Ten,55,1,3,Rounds 2-3,Rounds 6-7,Incorrect,2,0.10603987640326967,0.12883333263800123,0.12982629842723287,0.3031287441845546,0.33217174834694163,0.2348732090412709
2026,Joshua Josephs,EDGE,DL,SEC,147,2,2,Rounds 4-5,Rounds 4-5,Correct,0,0.21428536092269285,0.19947665478788984,0.15518014880384912,0.25320160527157476,0.17785623021399344,0.4137620157105827
2026,Zion Young,EDGE,DL,SEC,45,1,4,Rounds 2-3,Undrafted,Incorrect,3,0.046536385917649525,0.06560853707148728,0.07892930692283723,0.26165686840679725,0.5472689016812287,0.11214492298913681
2026,Romello Height,EDGE,DL,Big 12,70,1,2,Rounds 2-3,Rounds 4-5,Incorrect,1,0.22847642935046858,0.20539230281512183,0.15514445056531612,0.24485456809692552,0.16613224917216796,0.4338687321655904
2026,Keyron Crawford,EDGE,DL,SEC,67,1,3,Rounds 2-3,Rounds 6-7,Incorrect,2,0.09579270713532684,0.11938014051624118,0.12376065915183188,0.3033646355086695,0.3577018576879306,0.21517284765156802
2026,Derrick Moore,EDGE,DL,Big Ten,44,1,2,Rounds 2-3,Rounds 4-5,Incorrect,1,0.2579757793987282,0.21563228311557814,0.15361111723530696,0.22769909259516397,0.14508172765522276,0.4736080625143063
2026,Dani Dennis-Sutton,EDGE,DL,Big Ten,120,2,1,Rounds 4-5,Rounds 2-3,Incorrect,1,0.3966671661114542,0.23316078061395246,0.13104113772776593,0.15678210858739983,0.08234880695942759,0.6298279467254067
2026,Nadame Tucker,EDGE,DL,MAC,300,4,3,Undrafted,Rounds 6-7,Incorrect,1,0.06823918775442132,0.09109278848441187,0.10235177330719483,0.2921487114041339,0.4461675390498381,0.1593319762388332
2026,Tyreak Sapp,EDGE,DL,SEC,300,4,3,Undrafted,Rounds 6-7,Incorrect,1,0.13592820959101404,0.15339387991966852,0.14292046811250075,0.2950037099705981,0.2727537324062186,0.28932208951068256
2026,Wesley Williams,EDGE,DL,ACC,119,2,3,Rounds 4-5,Rounds 6-7,Incorrect,1,0.12342677474734598,0.14364664081154305,0.13819741032651378,0.2994442119887399,0.2952849621258573,0.267073415558889
2026,Caden Curry,EDGE,DL,Big Ten,214,3,3,Rounds 6-7,Rounds 6-7,Correct,0,0.15750497929784676,0.16855484917937077,0.14893876915098953,0.28511714286848855,0.2398842595033044,0.32605982847721754
2026,Quintayvious Hutchins,EDGE,DL,ACC,247,3,3,Rounds 6-7,Rounds 6-7,Correct,0,0.05762273460429651,0.0789988336349004,0.0917257246603436,0.2805858404072724,0.4910668666931871,0.1366215682391969
2026,Trey Moore,EDGE,DL,SEC,130,2,2,Rounds 4-5,Rounds 4-5,Correct,0,0.26158086782629547,0.21670333060303132,0.15330800859921012,0.22563600712441767,0.14277178584704542,0.4782841984293268
2026,Vincent Anthony Jr.,EDGE,DL,ACC,300,4,3,Undrafted,Rounds 6-7,Incorrect,1,0.12658890062952624,0.14618160665101423,0.1394871996950271,0.29843759134425135,0.2893047016801811,0.2727705072805405
2026,Logan Fano,EDGE,DL,Big 12,300,4,3,Undrafted,Rounds 6-7,Incorrect,1,0.1408647208684861,0.15704402612109572,0.14452150046029166,0.29295090224596,0.26461885030416654,0.2979087469895818
2026,Max Llewellyn,EDGE,DL,Big Ten,238,3,3,Rounds 6-7,Rounds 6-7,Correct,0,0.10952919352241422,0.13192764409764504,0.1316906347439012,0.30268080636324607,0.3241717212727935,0.24145683762005926
2026,George Gumbs Jr.,EDGE,DL,SEC,156,2,3,Rounds 4-5,Rounds 6-7,Incorrect,1,0.15517758821113423,0.16701668235771708,0.1484060186434945,0.28628320968685056,0.24311650110080363,0.3221942705688513
2026,Patrick Payton,EDGE,DL,SEC,300,4,3,Undrafted,Rounds 6-7,Incorrect,1,0.16532808314399375,0.17355923836391637,0.15054293994481605,0.28106644242225143,0.2295032961250224,0.3388873215079101
2026,Aidan Hubbard,EDGE,DL,Big Ten,300,4,3,Undrafted,Rounds 6-7,Incorrect,1,0.13829847876512155,0.15516027548987657,0.14370691087497534,0.29403644116129724,0.2687978937087293,0.2934587542549981
2026,Jack Pyburn,EDGE,DL,SEC,300,4,3,Undrafted,Rounds 6-7,Incorrect,1,0.12720100299475498,0.146666809115812,0.1397291988148392,0.2982328972148737,0.2881700918597201,0.273867812110567
2026,Marvin Jones Jr.,EDGE,DL,SEC,300,4,1,Undrafted,Rounds 2-3,Incorrect,3,0.2843882490933214,0.22262449920850236,0.15090398567751628,0.21281312451912482,0.12927014150153515,0.5070127483018237
2026,Nyjalik Kelly,EDGE,DL,Big 12,300,4,3,Undrafted,Rounds 6-7,Incorrect,1,0.11298059457318027,0.13492747788872558,0.13344025450036337,0.302080418342288,0.3165712546954428,0.24790807246190585
2026,Mason Reiger,EDGE,DL,Big Ten,300,4,2,Undrafted,Rounds 4-5,Incorrect,2,0.19125666367415892,0.18839780978330414,0.15403348811283568,0.2666422631569574,0.19966977527274388,0.37965447345746306
2026,Peter Woods,DL,DL,ACC,29,0,1,Round 1,Rounds 2-3,Incorrect,1,0.48086481598305486,0.224769036831181,0.11197693190725555,0.12250818692745946,0.05988102835104914,0.7056338528142359
2026,Lee Hunter,DL,DL,Big 12,49,1,3,Rounds 2-3,Rounds 6-7,Incorrect,2,0.08312186533549354,0.1069079349188724,0.11491824436462106,0.30082008692954926,0.39423186845146374,0.19002980025436594
2026,Kayden McDonald,DL,DL,Big Ten,36,1,2,Rounds 2-3,Rounds 4-5,Incorrect,1,0.2632362655762067,0.2171824892953571,0.15316130397432426,0.22469172372005586,0.14172821743405606,0.4804187548715638
2026,Keldric Faulk,DL,DL,SEC,31,0,1,Round 1,Rounds 2-3,Incorrect,1,0.463570462830121,0.22744552118213707,0.11601692397666308,0.1290578240255169,0.06390926798556196,0.691015984012258
2026,Christen Miller,DL,DL,SEC,42,1,1,Rounds 2-3,Rounds 2-3,Correct,0,0.33051820606380317,0.23042921440949377,0.144002023296124,0.18830110592253568,0.10674945030804339,0.5609474204732969
2026,Caleb Banks,DL,DL,SEC,18,0,2,Round 1,Rounds 4-5,Incorrect,2,0.20733087528518712,0.1963287203370384,0.15500192091970488,0.2572868730770954,0.18405161038097417,0.40365959562222553
2026,Jaishawn Barham,DL,DL,Big Ten,92,1,3,Rounds 2-3,Rounds 6-7,Incorrect,2,0.13415814773266557,0.1520580339452243,0.14231133916537325,0.29570248670636795,0.27576999245036893,0.28621618167788987
2026,Chris McClellan,DL,DL,SEC,77,1,3,Rounds 2-3,Rounds 6-7,Incorrect,2,0.16554219078993798,0.173692653769484,0.15058293972650572,0.2809530276857104,0.2292291880283619,0.339234844559422
2026,Rayshaun Benny,DL,DL,Big Ten,250,3,3,Rounds 6-7,Rounds 6-7,Correct,0,0.09782978342601542,0.12130357046677023,0.12503965662096972,0.3034599340396723,0.3523670554465723,0.21913335389278565
2026,Domonique Orange,DL,DL,Big 12,82,1,3,Rounds 2-3,Rounds 6-7,Incorrect,2,0.09858596513786852,0.122011927358214,0.1255049390241385,0.3034761444591123,0.35042102402066666,0.22059789249608253
2026,Dontae Corleone,DL,DL,Big 12,300,4,3,Undrafted,Rounds 6-7,Incorrect,1,0.13258740359578272,0.15086053257306622,0.14175485732186843,0.2963048103588693,0.2784923961504133,0.28344793616884895
2026,Nick Barrett,DL,DL,SEC,145,2,3,Rounds 4-5,Rounds 6-7,Incorrect,1,0.13131671561215552,0.14988342673165855,0.14129353236858044,0.2967793266017982,0.2807269986858073,0.2812001423438141
2026,Darrell Jackson Jr.,DL,DL,ACC,103,2,3,Rounds 4-5,Rounds 6-7,Incorrect,1,0.10500061183377421,0.12789963168181745,0.12925192680329203,0.30322899472493414,0.33461883495618217,0.23290024351559166
2026,LT Overton,DL,DL,SEC,137,2,0,Rounds 4-5,Round 1,Incorrect,2,0.5587076842497711,0.20745504412846338,0.09353003455185649,0.09578164034446002,0.04452559672544898,0.7661627283782345
2026,Tim Keenan,DL,DL,SEC,232,3,3,Rounds 6-7,Rounds 6-7,Correct,0,0.08924320626241934,0.11304396012456554,0.11938691820902272,0.30250257398302377,0.3758233414209686,0.20228716638698488
2026,Zxavian Harris,DL,DL,SEC,300,4,3,Undrafted,Rounds 6-7,Incorrect,1,0.09920641891755066,0.12259087112793804,0.1258829158039741,0.3034819295116453,0.3488378646388919,0.2217972900454887
2026,Skyler Gill-Howard,DL,DL,Big 12,205,3,3,Rounds 6-7,Rounds 6-7,Correct,0,0.11070394905090546,0.13295545069007503,0.13229652466743416,0.30249329488175136,0.321550780709834,0.2436593997409805
2026,Gracen Halton,DL,DL,SEC,107,2,2,Rounds 4-5,Rounds 4-5,Correct,0,0.2429701369973813,0.2107591489195771,0.15461491198997845,0.23637388767170475,0.1552819144213584,0.4537292859169584
2026,DeMonte Capehart,DL,DL,ACC,155,2,2,Rounds 4-5,Rounds 4-5,Correct,0,0.18109598055762388,0.18289364989134094,0.15297432672178135,0.2724314807040741,0.21060456212517975,0.3639896304489648
2026,Albert Regis,DL,DL,SEC,81,1,2,Rounds 2-3,Rounds 4-5,Incorrect,1,0.22207878964527392,0.20280833221700437,0.15522375729759907,0.24861609287733033,0.1712730279627923,0.4248871218622783
2026,Tyler Onyedim,DL,DL,SEC,66,1,3,Rounds 2-3,Rounds 6-7,Incorrect,2,0.15761534751768072,0.16862722371389313,0.14896338426960865,0.28506136651868885,0.23973267798012865,0.32624257123157385
2026,Bryson Eason,DL,DL,SEC,300,4,3,Undrafted,Rounds 6-7,Incorrect,1,0.1615247423013095,0.1711579465038899,0.14979820040538877,0.283059403008877,0.23445970778053482,0.3326826888051994
2026,David Gusta,DL,DL,SEC,300,4,3,Undrafted,Rounds 6-7,Incorrect,1,0.07490812882532935,0.0983399090416476,0.10829731386964792,0.29694865674016957,0.42150599152320556,0.17324803786697696
2026,Brandon Cleveland,DL,DL,ACC,229,3,3,Rounds 6-7,Rounds 6-7,Correct,0,0.07364984570358175,0.09699273279863453,0.10721601334097294,0.2961669692435664,0.4259744389132444,0.17064257850221629
2026,Zane Durant,DL,DL,Big Ten,181,3,2,Rounds 6-7,Rounds 4-5,Incorrect,1,0.2766283487693175,0.22077217467118349,0.15181058926051716,0.21712870562025544,0.1336601816787264,0.497400523440501
2026,Damonic Williams,DL,DL,SEC,300,4,2,Undrafted,Rounds 4-5,Incorrect,2,0.2535859528202095,0.21427656023238623,0.15394891985672265,0.2302229809534928,0.1479655861371888,0.46786251305259574
2026,Gary Smith III,DL,DL,Big Ten,300,4,3,Undrafted,Rounds 6-7,Incorrect,1,0.11121827705922334,0.13340324374826396,0.13255840378232225,0.30240564273100634,0.3204144326791841,0.24462152080748728
2026,Cameron Ball,DL,DL,SEC,300,4,3,Undrafted,Rounds 6-7,Incorrect,1,0.09468486343097032,0.11832475191870201,0.1230492057048469,0.3032800672217185,0.36066111172376225,0.21300961534967233
2026,Bobby Jamison-Travis,DL,DL,SEC,186,3,3,Rounds 6-7,Rounds 6-7,Correct,0,0.0748705475819169,0.09829980763137662,0.10826528462654086,0.296926093392246,0.4216382667679196,0.17317035521329352
2026,Deven Eastern,DL,DL,Big Ten,242,3,3,Rounds 6-7,Rounds 6-7,Correct,0,0.13681922032842095,0.15406088850810692,0.14321999112493566,0.294644236899875,0.27125566313866145,0.2908801088365279
2026,Jackie Marshall,DL,DL,Big 12,184,3,3,Rounds 6-7,Rounds 6-7,Correct,0,0.1282824224800753,0.14751969969536102,0.14015076851342412,0.29786379112968175,0.2861833181814578,0.2758021221754363
2026,Caleb Downs,SAF,Secondary,Big Ten,11,0,0,Round 1,Round 1,Correct,0,0.5419180771935952,0.21186970391902915,0.09751913810079815,0.10118996984987694,0.047503110936700566,0.7537877811126243
2026,Emmanuel McNeil-Warren,SAF,Secondary,MAC,58,1,3,Rounds 2-3,Rounds 6-7,Incorrect,2,0.07346466853061305,0.09679368647821461,0.10705532368445267,0.29604730521392925,0.4266390160927904,0.17025835500882766
2026,Dillon Thieneman,SAF,Secondary,Big Ten,25,0,0,Round 1,Round 1,Correct,0,0.6018708839662752,0.19455708788598636,0.0833244940272132,0.08268606438660686,0.037561469733918385,0.7964279718522616
2026,Genesis Smith,SAF,Secondary,Big 12,131,2,3,Rounds 4-5,Rounds 6-7,Incorrect,1,0.13366127782960482,0.15168046284847683,0.14213694246111597,0.2958948623347784,0.27662645452602397,0.28534174067808166
2026,A.J. Haulcy,SAF,Secondary,SEC,78,1,3,Rounds 2-3,Rounds 6-7,Incorrect,2,0.0973804895902037,0.12088124968425676,0.12476078363671006,0.30344545809057843,0.35353201899825104,0.21826173927446046
2026,Treydan Stukes,SAF,Secondary,Big 12,38,1,3,Rounds 2-3,Rounds 6-7,Incorrect,2,0.10057234645318201,0.12385823282718038,0.1267031057787211,0.30347136900483773,0.3453949459360788,0.2244305792803624
2026,Zakee Wheatley,SAF,Secondary,Big Ten,151,2,3,Rounds 4-5,Rounds 6-7,Incorrect,1,0.14900441776412,0.16282493353193317,0.14686267038163142,0.2892740406918283,0.2520339376304871,0.31182935129605316
2026,Kamari Ramsey,SAF,Secondary,Big Ten,141,2,3,Rounds 4-5,Rounds 6-7,Incorrect,1,0.12255364851511334,0.1429382483300955,0.13782938534939743,0.29970651740334764,0.2969722004020461,0.26549189684520885
2026,Robert Spears-Jennings,SAF,Secondary,SEC,224,3,2,Rounds 6-7,Rounds 4-5,Incorrect,1,0.1763121999433454,0.18016548493463896,0.15234297736402802,0.2751046368818727,0.2160747008761149,0.35647768487798437
2026,Bud Clark,SAF,Secondary,Big 12,64,1,3,Rounds 2-3,Rounds 6-7,Incorrect,2,0.09748376256019063,0.1209784180552314,0.1248250446417564,0.30344910826626753,0.35326366647655405,0.21846218061542202
2026,Bishop Fitzgerald,SAF,Secondary,Big Ten,300,4,3,Undrafted,Rounds 6-7,Incorrect,1,0.13927128406235306,0.15587785870766818,0.14402016400808382,0.2936294802673485,0.26720121295454646,0.29514914277002124
2026,VJ Payne,SAF,Secondary,Big 12,228,3,3,Rounds 6-7,Rounds 6-7,Correct,0,0.10621625338516569,0.12899124100773401,0.12992289666706272,0.3031101748103023,0.3317594341297353,0.2352074943928997
2026,Michael Taaffe,SAF,Secondary,SEC,158,2,3,Rounds 4-5,Rounds 6-7,Incorrect,1,0.16756550769106893,0.1749442134255778,0.15095100983109938,0.27987523253890056,0.22666403651335332,0.34250972111664674
2026,Louis Moore,SAF,Secondary,Big Ten,300,4,2,Undrafted,Rounds 4-5,Incorrect,2,0.17780950076172858,0.18102895618194514,0.15255013179145854,0.2742722338287378,0.21433917743612996,0.3588384569436737
2026,Lorenzo Styles,SAF,Secondary,Big Ten,172,3,2,Rounds 6-7,Rounds 4-5,Incorrect,1,0.2334017355509303,0.2072909003376633,0.15501696315198327,0.2419645041520404,0.16232589680738274,0.4406926358885936
2026,Jakobe Thomas,SAF,Secondary,ACC,98,2,2,Rounds 4-5,Rounds 4-5,Correct,0,0.21628728921934837,0.2003520380581264,0.1552066411311429,0.25202395883695117,0.17613007275443116,0.41663932727747477
2026,Jalon Kilgore,SAF,Secondary,SEC,167,3,2,Rounds 6-7,Rounds 4-5,Incorrect,1,0.17183439190043104,0.1775305730135634,0.15166994076689516,0.2775679304557991,0.22139716386331132,0.34936496491399444
2026,Xavier Nwankpa,SAF,Secondary,Big Ten,300,4,3,Undrafted,Rounds 6-7,Incorrect,1,0.15773371719419674,0.1687047883169814,0.14898971921522292,0.2850014994523277,0.23957027582127122,0.32643850551117815
2026,DeShon Singleton,SAF,Secondary,Big Ten,300,4,3,Undrafted,Rounds 6-7,Incorrect,1,0.16942514612884743,0.17607990247644248,0.15127368472377767,0.2788754324240326,0.2243458342468998,0.3455050486052899
2026,Jalen Huskey,SAF,Secondary,Big Ten,100,2,3,Rounds 4-5,Rounds 6-7,Incorrect,1,0.08085677363443787,0.10458388183872559,0.11316614136700104,0.2999516535355054,0.4014415496243301,0.18544065547316346
2026,Ahmaad Moses,SAF,Secondary,ACC,300,4,3,Undrafted,Rounds 6-7,Incorrect,1,0.1363228402228516,0.15368974661857268,0.14305370965611136,0.29484512412925395,0.2720885793732104,0.2900125868414243
2026,Dalton Johnson,SAF,Secondary,Big 12,150,2,3,Rounds 4-5,Rounds 6-7,Incorrect,1,0.0720648794857433,0.09528249874095382,0.10582756529900242,0.29510329289995757,0.4317217635743429,0.16734737822669712
2026,Kenyon Sadiq,TE,Skill,Big Ten,16,0,1,Round 1,Rounds 2-3,Incorrect,1,0.47734332448022837,0.22535105401471905,0.11280273754821146,0.1238225405596548,0.06068034339718631,0.7026943784949474
2026,Michael Trigg,TE,Skill,Big 12,300,4,3,Undrafted,Rounds 6-7,Incorrect,1,0.07193320478605553,0.09513974740280404,0.10571087691812228,0.2950108470909919,0.43220532380202625,0.16707295218885956
2026,Eli Stowers,TE,Skill,SEC,54,1,0,Rounds 2-3,Round 1,Incorrect,1,0.6797284800944198,0.16624647218548771,0.06530351358511277,0.06167425629236789,0.02704727784261185,0.8459749522799075
2026,Nate Boerkircher,TE,Skill,SEC,56,1,3,Rounds 2-3,Rounds 6-7,Incorrect,2,0.15849726623260826,0.16920370829330691,0.14915798985380907,0.28461416562907377,0.23852686999120198,0.3277009745259152
2026,Max Klare,TE,Skill,Big Ten,61,1,1,Rounds 2-3,Rounds 2-3,Correct,0,0.4218419987001735,0.23192382645430526,0.1255364921324137,0.14588497807766643,0.0748127046354411,0.6537658251544788
2026,Josh Cuevas,TE,Skill,SEC,173,3,3,Rounds 6-7,Rounds 6-7,Correct,0,0.11262134202953587,0.13461802541222156,0.13326241671768124,0.3021497901101955,0.3173484257303658,0.24723936744175745
2026,Jack Endries,TE,Skill,SEC,221,3,3,Rounds 6-7,Rounds 6-7,Correct,0,0.16248899620418,0.17177237869831213,0.1499932027034484,0.2825581470407416,0.23318727535331785,0.33426137490249214
2026,Eli Raridon,TE,Skill,FBS Independent,95,1,2,Rounds 2-3,Rounds 4-5,Incorrect,1,0.25042867142454883,0.213266055275181,0.1541698515796916,0.23204569510696238,0.1500897266136162,0.46369472669972983
2026,Will Kacmarek,TE,Skill,Big Ten,87,1,2,Rounds 2-3,Rounds 4-5,Incorrect,1,0.2223236431673261,0.20290970934012542,0.15522258216518559,0.24847203495986503,0.17107203036749785,0.42523335250745153
2026,Oscar Delp,TE,Skill,SEC,73,1,0,Rounds 2-3,Round 1,Incorrect,1,0.547950580358256,0.21032412964891933,0.09608533503460304,0.09922551019632342,0.046414444761898266,0.7582747100071753
2026,Joe Royer,TE,Skill,Big 12,170,3,4,Rounds 6-7,Undrafted,Incorrect,1,0.03091642798726379,0.04534844393070234,0.057480447512396615,0.21721098284258158,0.6490436977270557,0.07626487191796613
2026,Dallen Bentley,TE,Skill,Big 12,256,3,3,Rounds 6-7,Rounds 6-7,Correct,0,0.15053709271877908,0.16388096533430752,0.1472639319820388,0.28854627587720755,0.24977173408766706,0.3144180580530866
2026,Marlin Klein,TE,Skill,Big Ten,59,1,3,Rounds 2-3,Rounds 6-7,Incorrect,2,0.12489534483411362,0.14482987986652784,0.13880474398166048,0.2989875247745788,0.29248250654311925,0.2697252247006415
2026,Justin Joly,TE,Skill,ACC,152,2,3,Rounds 4-5,Rounds 6-7,Incorrect,1,0.11130556717652702,0.13347910920285116,0.1326026454558307,0.3023904360648137,0.3202222420999774,0.24478467637937817
2026,Sam Roush,TE,Skill,ACC,69,1,3,Rounds 2-3,Rounds 6-7,Incorrect,2,0.15286921779748755,0.16546837641941695,0.14785140357767446,0.2874197342335156,0.24639126797190547,0.3183375942169045
2026,Dae'Quan Wright,TE,Skill,SEC,300,4,2,Undrafted,Rounds 4-5,Incorrect,2,0.20745431277066603,0.1963860571241197,0.15500628530472466,0.2572144788175893,0.18393886598290032,0.4038403698947857
2026,Tanner Koziol,TE,Skill,Big 12,164,3,3,Rounds 6-7,Rounds 6-7,Correct,0,0.09347234774874569,0.11716205135031546,0.1222575007024809,0.3031600141445136,0.36394808605394435,0.21063439909906115
2026,John Michael Gyllenborg,TE,Skill,Mountain West,300,4,3,Undrafted,Rounds 6-7,Incorrect,1,0.08293382834083078,0.10671611352061651,0.11477486715908547,0.30075334571563656,0.3948218452638307,0.1896499418614473
2026,Miles Kitselman,TE,Skill,SEC,300,4,3,Undrafted,Rounds 6-7,Incorrect,1,0.09914225102132473,0.12253109090232245,0.12584398280085035,0.3034816416331179,0.34900103364238455,0.22167334192364718
2026,Bauer Sharp,TE,Skill,SEC,185,3,2,Rounds 6-7,Rounds 4-5,Incorrect,1,0.18872982006730676,0.1870653231741503,0.15380443713677022,0.2680938547980508,0.2023065648237219,0.3757951432414571
2026,Matthew Hibner,TE,Skill,ACC,133,2,3,Rounds 4-5,Rounds 6-7,Incorrect,1,0.14301287084617414,0.1585981512958038,0.1451746080289576,0.2920135434683746,0.26120082636068986,0.30161102214197794
2026,DJ Rogers,TE,Skill,Big 12,300,4,3,Undrafted,Rounds 6-7,Incorrect,1,0.05906655119295885,0.08068471598728784,0.09325987148145351,0.28248819842348005,0.48450066291481975,0.1397512671802467
2026,Lake McRee,TE,Skill,Big Ten,300,4,3,Undrafted,Rounds 6-7,Incorrect,1,0.07648319570158986,0.10001316432781075,0.1096251171950397,0.2978520831528573,0.41602643962270236,0.1764963600294006
2026,Riley Nowakowski,TE,Skill,Big Ten,169,3,2,Rounds 6-7,Rounds 4-5,Incorrect,1,0.24731293101416088,0.21223942896283068,0.15436917415560875,0.23385013050208991,0.15222833536530977,0.45955235997699156
2026,RJ Maryland,TE,Skill,ACC,300,4,3,Undrafted,Rounds 6-7,Incorrect,1,0.10902002928617824,0.13147999474892366,0.13142465716532847,0.30275648604843836,0.32531883275113127,0.2405000240351019
2026,Jaren Kanak,TE,Skill,SEC,225,3,3,Rounds 6-7,Rounds 6-7,Correct,0,0.15214958850753177,0.16498103948544948,0.1476730671071934,0.28776974748043976,0.24742655741938557,0.31713062799298125
2026,Khalil Dinkins,TE,Skill,Big Ten,300,4,3,Undrafted,Rounds 6-7,Incorrect,1,0.16370128647852655,0.17253941769902398,0.1502323670973934,0.28192401590849475,0.2316029128165613,0.33624070417755053
2026,Fernando Mendoza,QB,Skill,Big Ten,1,0,3,Round 1,Rounds 6-7,Incorrect,3,0.08117558126893197,0.10491275646358937,0.11341606330815326,0.30008252635093574,0.40041307260838965,0.18608833773252134
2026,Ty Simpson,QB,Skill,SEC,13,0,4,Round 1,Undrafted,Incorrect,4,0.015033478998238405,0.022964711993332332,0.030786686043330867,0.13674186524412252,0.7944732577209759,0.037998190991570736
2026,Garrett Nussmeier,QB,Skill,SEC,249,3,4,Rounds 6-7,Undrafted,Incorrect,1,0.019922209998024437,0.030053686847659668,0.0395876949001684,0.16668250251738698,0.7437539057367606,0.049975896845684105
2026,Cade Klubnik,QB,Skill,ACC,110,2,4,Rounds 4-5,Undrafted,Incorrect,2,0.012064443012504875,0.018570359827494304,0.02516681986306234,0.11568466191331214,0.8285137153836264,0.030634802839999177
2026,Drew Allar,QB,Skill,Big Ten,76,1,2,Rounds 2-3,Rounds 4-5,Incorrect,1,0.24087982639885908,0.21002593809547837,0.1547194541379016,0.2375919464207923,0.15678283494696865,0.45090576449433745
2026,Carson Beck,QB,Skill,ACC,65,1,0,Rounds 2-3,Round 1,Incorrect,1,0.8033228448620238,0.11024858955456118,0.038275283020508755,0.03391412377244962,0.014239158790456674,0.913571434416585
2026,Behren Morton,QB,Skill,Big 12,234,3,2,Rounds 6-7,Rounds 4-5,Incorrect,1,0.21845555034890646,0.20128483223769417,0.15522326942259124,0.2507481224543633,0.17428822553644485,0.4197403825866006
2026,Sawyer Robertson,QB,Skill,Big 12,300,4,3,Undrafted,Rounds 6-7,Incorrect,1,0.12242265108047608,0.14283164957937888,0.13777371924104026,0.29974526581238625,0.29722671428671854,0.26525430065985495
2026,Luke Altmyer,QB,Skill,Big Ten,300,4,3,Undrafted,Rounds 6-7,Incorrect,1,0.07091893318370315,0.094036696831205,0.10480508134034572,0.29427722376336235,0.4359620648813838,0.16495563001490815
2026,Taylen Green,QB,Skill,SEC,182,3,1,Rounds 6-7,Rounds 2-3,Incorrect,2,0.3055532909125637,0.226865914262614,0.14802857368431244,0.20131536544988282,0.11823685569062703,0.5324192051751777
2026,Jalon Daniels,QB,Skill,Big 12,300,4,1,Undrafted,Rounds 2-3,Incorrect,3,0.4535742197380688,0.22877969870300197,0.11833122533992135,0.13295416253784642,0.06636069368116149,0.6823539184410707
2026,Diego Pavia,QB,Skill,SEC,300,4,3,Undrafted,Rounds 6-7,Incorrect,1,0.07438186443289699,0.09777759883637419,0.10784730891808963,0.2966283325896465,0.4233648952229927,0.17215946326927117
2026,Haynes King,QB,Skill,ACC,300,4,3,Undrafted,Rounds 6-7,Incorrect,1,0.10467683528927857,0.1276076020789833,0.1290711629743726,0.30325698129705125,0.33538741836031427,0.23228443736826188
2026,Joe Fagnano,QB,Skill,FBS Independent,300,4,3,Undrafted,Rounds 6-7,Incorrect,1,0.07456476760698595,0.09797321417133038,0.10800407174604718,0.29674072928585665,0.42271721718977984,0.17253798177831633
2026,Joey Aguilar,QB,Skill,SEC,300,4,0,Undrafted,Round 1,Incorrect,4,0.8493949989089759,0.08648398685237735,0.028778462920625247,0.024989722042082496,0.010352829275939057,0.9358789857613532
2026,Jermod McCoy,CB,Secondary,SEC,101,2,0,Rounds 4-5,Round 1,Incorrect,2,0.6029633362214069,0.19420314286250784,0.08306767056557751,0.08236892287032527,0.03739692748018253,0.7971664790839147
2026,Avieon Terrell,CB,Secondary,ACC,48,1,1,Rounds 2-3,Rounds 2-3,Correct,0,0.29670148053583284,0.22523325823030632,0.14929818405722173,0.20607388643123414,0.12269319074540497,0.5219347387661392
2026,Mansoor Delane,CB,Secondary,SEC,6,0,3,Round 1,Rounds 6-7,Incorrect,3,0.07685690637259054,0.10040804625796534,0.10993601306757281,0.29805455401010983,0.4147444802917615,0.1772649526305559
2026,Colton Hood,CB,Secondary,SEC,37,1,3,Rounds 2-3,Rounds 6-7,Incorrect,2,0.1552333215966638,0.16705378428697404,0.14841908398641812,0.2862555174280951,0.24303829270184896,0.32228710588363785
2026,Keith Abney,CB,Secondary,Big 12,157,2,3,Rounds 4-5,Rounds 6-7,Incorrect,1,0.13720025545622358,0.15434502546946213,0.14334664419193194,0.2944889749526338,0.27061909992974853,0.2915452809256857
2026,Chris Johnson,CB,Secondary,Mountain West,27,0,3,Round 1,Rounds 6-7,Incorrect,3,0.12562522135639512,0.1454141117089324,0.13910119964817758,0.2987535164353026,0.2911059508511923,0.2710393330653275
2026,D'Angelo Ponds,CB,Secondary,Big Ten,50,1,0,Rounds 2-3,Round 1,Incorrect,1,0.5668822597952322,0.20517992499786863,0.09159030364848475,0.09321413247860977,0.043133379079804635,0.7720621847931008
2026,Keionte Scott,CB,Secondary,ACC,116,2,1,Rounds 4-5,Rounds 2-3,Incorrect,1,0.34617277569947896,0.23191906584930816,0.14119290059828626,0.1804535154130933,0.10026174243983332,0.5780918415487871
2026,Brandon Cisse,CB,Secondary,SEC,52,1,3,Rounds 2-3,Rounds 6-7,Incorrect,2,0.1698045107303364,0.17630987094559294,0.15133769882649073,0.278670442341442,0.22387747715613793,0.34611438167592934
2026,Devin Moore,CB,Secondary,SEC,114,2,3,Rounds 4-5,Rounds 6-7,Incorrect,1,0.10110192267617346,0.12434694680888861,0.12701672528837135,0.3034588475647432,0.3440755576618234,0.22544886948506207
2026,Julian Neal,CB,Secondary,SEC,99,2,2,Rounds 4-5,Rounds 4-5,Correct,0,0.19612429853244448,0.19089810740184512,0.15441373639899048,0.26382839633524013,0.1947354613314798,0.3870224059342896
2026,Will Lee III,CB,Secondary,SEC,129,2,2,Rounds 4-5,Rounds 4-5,Correct,0,0.2012816486700424,0.19345304878963637,0.15473254729963265,0.260826752069687,0.1897060031710016,0.39473469745967876
2026,Malik Muhammad,CB,Secondary,SEC,124,2,0,Rounds 4-5,Round 1,Incorrect,2,0.607301441006477,0.19278476089376828,0.08204873336888174,0.08111623510109944,0.03674882962977355,0.8000862019002453
2026,Davison Igbinosun,CB,Secondary,Big Ten,62,1,3,Rounds 2-3,Rounds 6-7,Incorrect,2,0.14109261239816887,0.15720987754670793,0.1445920181352091,0.2928526674486265,0.2642528244712876,0.2983024899448768
2026,Daylen Everette,CB,Secondary,SEC,85,1,2,Rounds 2-3,Rounds 4-5,Incorrect,1,0.2182769231224508,0.20120858550902423,0.15522236762640784,0.25085323631105627,0.17443888743106084,0.41948550863147505
2026,Chandler Rivers,CB,Secondary,ACC,162,3,2,Rounds 6-7,Rounds 4-5,Incorrect,1,0.19159570802856732,0.1885747920353393,0.1540625504906986,0.2664469834745584,0.19931996597083634,0.3801705000639066
2026,Hezekiah Masses,CB,Secondary,ACC,175,3,4,Rounds 6-7,Undrafted,Incorrect,1,0.03540192274596124,0.051338894990058156,0.06408690806621707,0.2326718385950063,0.6165004356027572,0.0867408177360194
2026,TJ Hall,CB,Secondary,Big Ten,219,3,3,Rounds 6-7,Rounds 6-7,Correct,0,0.1427618290580473,0.15841759223738594,0.1450996154419107,0.29212438057992496,0.2615965826827311,0.30117942129543324
2026,Domani Jackson,CB,Secondary,SEC,201,3,3,Rounds 6-7,Rounds 6-7,Correct,0,0.14031635501490755,0.1566439897212286,0.14435060796037597,0.2931860766676194,0.2655029706358685,0.29696034473613614
2026,Tacario Davis,CB,Secondary,Big Ten,72,1,3,Rounds 2-3,Rounds 6-7,Incorrect,2,0.12136178292799076,0.14196531825220526,0.13731855294103418,0.30005313242530085,0.29930121345346894,0.26332710118019603
2026,Thaddeus Dixon,CB,Secondary,ACC,300,4,3,Undrafted,Rounds 6-7,Incorrect,1,0.14481530683792562,0.15988631836221764,0.14570282687096064,0.2912080645436649,0.2583874833852312,0.30470162520014327
2026,Ephesians Prysock,CB,Secondary,Big Ten,139,2,3,Rounds 4-5,Rounds 6-7,Incorrect,1,0.15272522974901911,0.1653710445766358,0.14781592938578048,0.2874899344822053,0.24659786180635934,0.3180962743256549
2026,Jaylon Guilbeau,CB,Secondary,SEC,300,4,1,Undrafted,Rounds 2-3,Incorrect,3,0.29642389818832116,0.2251788192677432,0.1493365009854125,0.20622429287382327,0.12283648868469987,0.5216027174560643
2026,Andre Fuller,CB,Secondary,MAC,236,3,3,Rounds 6-7,Rounds 6-7,Correct,0,0.13026463873783004,0.14906873589257066,0.14090392749175157,0.2971632701363639,0.28259942774148383,0.2793333746304007
2026,Jadon Canady,CB,Secondary,Big Ten,109,2,1,Rounds 4-5,Rounds 2-3,Incorrect,1,0.29377058510158255,0.22464838424761674,0.14969798449098437,0.20766556034924488,0.12421748581057146,0.5184189693491993
2026,Collin Wright,CB,Secondary,ACC,300,4,3,Undrafted,Rounds 6-7,Incorrect,1,0.08138690411801534,0.10513043221573316,0.11358112233387174,0.30016769034302077,0.399733850989359,0.1865173363337485
2026,Toriano Pride Jr.,CB,Secondary,SEC,220,3,3,Rounds 6-7,Rounds 6-7,Correct,0,0.16229973355960375,0.17165208184112823,0.1499552629066429,0.28265675502055576,0.23343616667206935,0.333951815400732
2026,Ahmari Harvey,CB,Secondary,ACC,300,4,2,Undrafted,Rounds 4-5,Incorrect,2,0.2415623383987151,0.2102668299474043,0.1546863199296311,0.2371940132235646,0.15629049850068488,0.4518291683461194
2026,Latrell McCutchin,CB,Secondary,Big 12,300,4,3,Undrafted,Rounds 6-7,Incorrect,1,0.10185428857759371,0.1250387250691025,0.12745812225977074,0.3034331509988363,0.3422157130946968,0.2268930136466962
2026,Avery Smith,CB,Secondary,MAC,300,4,3,Undrafted,Rounds 6-7,Incorrect,1,0.1104202599570756,0.13270788828637772,0.13215119883793933,0.30254020486318256,0.3221804480554248,0.24312814824345333
2026,Marcus Allen,CB,Secondary,ACC,300,4,3,Undrafted,Rounds 6-7,Incorrect,1,0.06586380107311399,0.08844701603961336,0.10010241682382329,0.2900171583922981,0.4555696076711513,0.15431081711272734
2026,Jeremiyah Love,RB,Skill,FBS Independent,3,0,0,Round 1,Round 1,Correct,0,0.6121653230341675,0.19117021582799998,0.08090808299239338,0.07972428760256,0.03603209054287915,0.8033355388621675
2026,Jadarian Price,RB,Skill,FBS Independent,32,0,3,Round 1,Rounds 6-7,Incorrect,3,0.14309223814033037,0.1586551770178051,0.14519824426454758,0.29197843237452414,0.2610759082027928,0.30174741515813547
2026,Kaytron Allen,RB,Skill,Big Ten,187,3,1,Rounds 6-7,Rounds 2-3,Incorrect,2,0.2868957225622152,0.223188254601266,0.1505930540383671,0.21142972820564843,0.1278932405925033,0.5100839771634812
2026,Jonah Coleman,RB,Skill,Big Ten,108,2,3,Rounds 4-5,Rounds 6-7,Incorrect,1,0.08184878749647365,0.1056053139326959,0.11394022136829982,0.30034947083811414,0.3982562063644165,0.18745410142916955
2026,Demond Claiborne,RB,Skill,ACC,198,3,4,Rounds 6-7,Undrafted,Incorrect,1,0.0517179558136855,0.07196605645358375,0.08514053425381957,0.2715300453280719,0.5196454081508393,0.12368401226726924
2026,Emmett Johnson,RB,Skill,Big Ten,161,3,3,Rounds 6-7,Rounds 6-7,Correct,0,0.08811390256887194,0.11192767241651358,0.11859097723089887,0.3022603995663039,0.3791070482174117,0.20004157498538552
2026,Mike Washington,RB,Skill,SEC,122,2,3,Rounds 4-5,Rounds 6-7,Incorrect,1,0.13667191104097307,0.15395086306006603,0.1431707966767603,0.29470401672510854,0.27150241249709206,0.2906227741010391
2026,Seth McGowan,RB,Skill,SEC,237,3,3,Rounds 6-7,Rounds 6-7,Correct,0,0.12592740977630273,0.14565525627034204,0.13922290212477384,0.29865529351894676,0.2905391383096346,0.27158266604664477
2026,Robert Henry,RB,Skill,AAC,300,4,3,Undrafted,Rounds 6-7,Incorrect,1,0.05948769597130442,0.08117399846451377,0.09370190469582598,0.28302179099011393,0.4826146098782419,0.1406616944358182
2026,Nicholas Singleton,RB,Skill,Big Ten,165,3,3,Rounds 6-7,Rounds 6-7,Correct,0,0.12686038792197857,0.14639702881171385,0.13959483748245122,0.2983471846893792,0.28880056109447716,0.2732574167336924
2026,Le'Veon Moss,RB,Skill,SEC,300,4,1,Undrafted,Rounds 2-3,Incorrect,3,0.4022425136759646,0.23298752121322802,0.12984210511213867,0.15431839251826063,0.08060946748040809,0.6352300348891926
2026,Jam Miller,RB,Skill,SEC,245,3,3,Rounds 6-7,Rounds 6-7,Correct,0,0.06401225416894873,0.08636086517227007,0.09829912318504302,0.28818502738205565,0.4631427300916825,0.1503731193412188
2026,Desmond Reid,RB,Skill,ACC,300,4,4,Undrafted,Undrafted,Correct,0,0.04179528738816222,0.05963544909109262,0.0728688756777293,0.25075607136768624,0.5749443164753296,0.10143073647925484
2026,Eli Heidenreich,RB,Skill,AAC,230,3,3,Rounds 6-7,Rounds 6-7,Correct,0,0.05689735800542833,0.07814687545517549,0.09094391684675848,0.2795862740746624,0.4944255756179753,0.13504423346060382
2026,J'Mari Taylor,RB,Skill,ACC,300,4,3,Undrafted,Rounds 6-7,Incorrect,1,0.05989757329887108,0.08164912281623679,0.094129764682059,0.2835320796496068,0.48079145955322633,0.14154669611510787
2026,Roman Hemby,RB,Skill,Big Ten,300,4,3,Undrafted,Rounds 6-7,Incorrect,1,0.09023887894578297,0.11402231369248278,0.1200782691843465,0.3026921147832214,0.37296842339416636,0.20426119263826575
2026,Rahsul Faison,RB,Skill,SEC,300,4,3,Undrafted,Rounds 6-7,Incorrect,1,0.09868005740655113,0.12209985603480795,0.1255624786500171,0.3034774542450229,0.3501801536636009,0.22077991344135908
2026,Max Bredeson,RB,Skill,Big Ten,159,2,3,Rounds 4-5,Rounds 6-7,Incorrect,1,0.09148280276512466,0.11523694215589328,0.12092846191239645,0.302898295356187,0.3694534978103986,0.20671974492101794
2026,Adam Randall,RB,Skill,ACC,174,3,3,Rounds 6-7,Rounds 6-7,Correct,0,0.11760626110161661,0.13885449895115282,0.1356437652683719,0.30105426771258686,0.3068412069662718,0.2564607600527694
2026,CJ Donaldson,RB,Skill,Big Ten,300,4,2,Undrafted,Rounds 4-5,Incorrect,2,0.17335462344589847,0.17843402766718924,0.15190756769178942,0.2767362525182796,0.21956752867684326,0.3517886511130877
2026,Noah Whittington,RB,Skill,Big Ten,300,4,2,Undrafted,Rounds 4-5,Incorrect,2,0.2636200512910999,0.21729244738083775,0.15312662845323377,0.22447308337568372,0.14148778949914487,0.48091249867193764
2026,Olaivavega Ioane,IOL,OL,Big Ten,14,0,3,Round 1,Rounds 6-7,Incorrect,3,0.1387543382318862,0.1554970699539659,0.14385438524676963,0.29384644219599804,0.2680477643713802,0.2942514081858521
2026,Connor Lew,IOL,OL,SEC,128,2,4,Rounds 4-5,Undrafted,Incorrect,2,0.04014079812028629,0.057515339944132236,0.07066512702785671,0.24647597905972535,0.5852027558479994,0.09765613806441853
2026,Trey Zuhn III,IOL,OL,SEC,91,1,3,Rounds 2-3,Rounds 6-7,Incorrect,2,0.07030791488736948,0.0933692349672261,0.10425342342984728,0.29381656824652463,0.4382528584690325,0.16367714985459558
2026,Chase Bisontis,IOL,OL,SEC,34,1,3,Rounds 2-3,Rounds 6-7,Incorrect,2,0.12340616179567976,0.1436299591914969,0.1381887818710098,0.29945048479861225,0.2953246123432013,0.26703612098717666
2026,Emmanuel Pregnon,IOL,OL,Big Ten,88,1,2,Rounds 2-3,Rounds 4-5,Incorrect,1,0.26279000585888773,0.21705409792919622,0.15320131121561253,0.2249460889792545,0.142008496017049,0.47984410378808395
2026,Gennings Dunker,IOL,OL,Big Ten,96,1,3,Rounds 2-3,Rounds 6-7,Incorrect,2,0.1511068823823196,0.16427096619410872,0.14741001833120204,0.28827312936637944,0.2489390037259902,0.3153778485764283
2026,Billy Schrauth,IOL,OL,FBS Independent,160,2,3,Rounds 4-5,Rounds 6-7,Incorrect,1,0.11905789200686355,0.14006509721314836,0.136303001409728,0.3006841969552001,0.30388981241505997,0.2591229892200119
2026,Alex Harkey,IOL,OL,Big Ten,206,3,3,Rounds 6-7,Rounds 6-7,Correct,0,0.11475611012182305,0.13644739285439908,0.1343048449464201,0.3017151636117409,0.3127764884656169,0.2512035029762221
2026,Parker Brailsford,IOL,OL,SEC,146,2,1,Rounds 4-5,Rounds 2-3,Incorrect,1,0.4319026281715252,0.23111200605330545,0.12327926491468455,0.14169050141286543,0.07201559944761937,0.6630146342248306
2026,Keylan Rutledge,IOL,OL,ACC,26,0,3,Round 1,Rounds 6-7,Incorrect,3,0.11701142957134417,0.1383554453157532,0.1353692419927755,0.30119951787900534,0.3080643652411218,0.25536687488709736
2026,Jake Slaughter,IOL,OL,SEC,63,1,1,Rounds 2-3,Rounds 2-3,Correct,0,0.3168093565677363,0.22865880455045934,0.14628916717502827,0.19537229766698194,0.11287037403979416,0.5454681611181956
2026,Brian Parker II,IOL,OL,ACC,189,3,3,Rounds 6-7,Rounds 6-7,Correct,0,0.08337036888765603,0.10716113251190185,0.11510715632425694,0.3009068377309253,0.3934545045452599,0.19053150139955788
2026,Jager Burton,IOL,OL,SEC,153,2,3,Rounds 4-5,Rounds 6-7,Incorrect,1,0.09460969070332205,0.11825289880547886,0.12300051983456164,0.30327346867917454,0.3608634219774629,0.2128625895088009
2026,Matt Gulbin,IOL,OL,Big Ten,209,3,3,Rounds 6-7,Rounds 6-7,Correct,0,0.10475035451952072,0.12767396024266758,0.12911228492654894,0.30325076332551565,0.3352126369857471,0.2324243147621883
2026,Logan Jones,IOL,OL,Big Ten,57,1,3,Rounds 2-3,Rounds 6-7,Incorrect,2,0.15281657887724287,0.16543280429812762,0.14783844704876098,0.28744540757353343,0.2464667622023351,0.3182493831753705
2026,Ar'maj Reed-Adams,IOL,OL,SEC,241,3,1,Rounds 6-7,Rounds 2-3,Incorrect,2,0.32527603326813737,0.22980469667280345,0.14489705644863748,0.19098324114485277,0.10903897246556893,0.5550807299409408
2026,Jalen Farmer,IOL,OL,SEC,113,2,3,Rounds 4-5,Rounds 6-7,Incorrect,1,0.07230021930802971,0.09553737923409039,0.10603560572948079,0.2952669410381298,0.43085985469026933,0.1678375985421201
2026,Pat Coogan,IOL,OL,Big Ten,194,3,1,Rounds 6-7,Rounds 2-3,Incorrect,2,0.3116976750336048,0.22788328000487856,0.14709555955915432,0.19805604371766383,0.11526744168469849,0.5395809550384834
2026,Beau Stephens,IOL,OL,Big Ten,148,2,3,Rounds 4-5,Rounds 6-7,Incorrect,1,0.06649954156338357,0.08915847934976427,0.1007114230091325,0.29061116869197,0.45301938738574965,0.15565802091314784
2026,Sam Hecht,IOL,OL,Big 12,144,2,4,Rounds 4-5,Undrafted,Incorrect,2,0.051045124052831195,0.07115044968623835,0.08435743987040166,0.2703568253785158,0.523090161012013,0.12219557373906954
2026,DJ Campbell,IOL,OL,SEC,200,3,1,Rounds 6-7,Rounds 2-3,Incorrect,2,0.3847814048792325,0.23333193522209184,0.13355301178988188,0.16213215421197602,0.08620149389681775,0.6181133401013243
2026,Evan Beerntsen,IOL,OL,Big Ten,253,3,3,Rounds 6-7,Rounds 6-7,Correct,0,0.06015309282491731,0.08194478554569504,0.09439532813710544,0.28384573884725495,0.4796610546450273,0.14209787837061236
2026,Garrett DiGiorgio,IOL,OL,Big Ten,300,4,4,Undrafted,Undrafted,Correct,0,0.055121014517935094,0.07604644229397338,0.08899769114608311,0.27700963389118827,0.5028252181508202,0.13116745681190847
2026,Anez Cooper,IOL,OL,ACC,188,3,3,Rounds 6-7,Rounds 6-7,Correct,0,0.15189438941850325,0.1648076834504053,0.14760919678945084,0.2878933648063307,0.2477953655353099,0.31670207286890856
2026,Joshua Braun,IOL,OL,SEC,300,4,3,Undrafted,Rounds 6-7,Incorrect,1,0.1434234749655763,0.15889286972239428,0.14529651260915816,0.29183153784150173,0.2605556048613695,0.3023163446879706
2026,Jaeden Roberts,IOL,OL,SEC,300,4,3,Undrafted,Rounds 6-7,Incorrect,1,0.08835763714266488,0.11216919545955321,0.1187638319818961,0.30231515562719197,0.37839417978869383,0.2005268326022181
2026,Dillon Wade,IOL,OL,SEC,300,4,3,Undrafted,Rounds 6-7,Incorrect,1,0.09827831841587552,0.12172410488464179,0.1253162570605705,0.30347077369169706,0.3512105459472151,0.2200024233005173
2026,Micah Morris,IOL,OL,SEC,207,3,2,Rounds 6-7,Rounds 4-5,Incorrect,1,0.20066886578396523,0.19315449212587985,0.1546990567521545,0.26118430679657256,0.19029327854142786,0.3938233579098451
2026,Febechi Nwaiwu,IOL,OL,SEC,106,2,4,Rounds 4-5,Undrafted,Incorrect,2,0.05108191602532974,0.07119512495659489,0.08440043881982928,0.27042177909572007,0.522900741102526,0.12227704098192463
2026,Fernando Carmona,IOL,OL,SEC,142,2,4,Rounds 4-5,Undrafted,Incorrect,2,0.05440582190983055,0.07519508023211825,0.08820123220467,0.2759188245929842,0.506279041060397,0.1296009021419488
2026,Logan Taylor,IOL,OL,ACC,202,3,3,Rounds 6-7,Rounds 6-7,Correct,0,0.06700442596166346,0.08972174887543065,0.10119141579461616,0.29107051316417576,0.45101189620411397,0.1567261748370941
2026,Jeremiah Wright,IOL,OL,SEC,132,2,3,Rounds 4-5,Rounds 6-7,Incorrect,1,0.06303991685285301,0.08525689713488269,0.09733423640733799,0.2871598874634447,0.4672090621414816,0.1482968139877357
2026,Jordyn Tyson,WR,Skill,Big 12,8,0,2,Round 1,Rounds 4-5,Incorrect,2,0.2677853198189168,0.2184586751068257,0.1527345437399103,0.22210714483279737,0.13891431650154984,0.4862439949257425
2026,Carnell Tate,WR,Skill,Big Ten,4,0,3,Round 1,Rounds 6-7,Incorrect,3,0.14587859928073094,0.1606394972927081,0.1460061133294629,0.29072515052022946,0.2567506395768686,0.30651809657343904
2026,Omar Cooper Jr.,WR,Skill,Big Ten,30,0,2,Round 1,Rounds 4-5,Incorrect,2,0.2178985980233543,0.2010467433989737,0.1552201815987404,0.2510758605014881,0.1747586164774435,0.418945341422328
2026,Makai Lemon,WR,Skill,Big Ten,20,0,1,Round 1,Rounds 2-3,Incorrect,1,0.3620213633995722,0.23287605306272968,0.13816578977107463,0.17275598312492713,0.09418081064169637,0.5948974164623019
2026,KC Concepcion,WR,Skill,SEC,24,0,1,Round 1,Rounds 2-3,Incorrect,1,0.285572792426773,0.2228929170847539,0.15075816239744844,0.2121589124361598,0.12861721565486484,0.5084657095115269
2026,Denzel Boston,WR,Skill,Big Ten,39,1,3,Rounds 2-3,Rounds 6-7,Incorrect,2,0.1480823290180964,0.16218468809271022,0.14661536941579217,0.2897068375962661,0.2534107758771351,0.3102670171108066
2026,Germie Bernard,WR,Skill,SEC,47,1,3,Rounds 2-3,Rounds 6-7,Incorrect,2,0.12652603346685606,0.14613167240589955,0.13946220535984594,0.2984584391076229,0.28942164965977557,0.2726577058727556
2026,Brenen Thompson,WR,Skill,SEC,105,2,3,Rounds 4-5,Rounds 6-7,Incorrect,1,0.08311187979311772,0.10689775344731693,0.1149106398037478,0.3008165665524838,0.39426316040333376,0.19000963324043466
2026,Zachariah Branch,WR,Skill,SEC,79,1,3,Rounds 2-3,Rounds 6-7,Incorrect,2,0.13830434496731964,0.15516461548681965,0.14370881631726123,0.2940340041280621,0.2687882191005374,0.2934689604541393
2026,Chris Brazzell II,WR,Skill,SEC,83,1,3,Rounds 2-3,Rounds 6-7,Incorrect,2,0.1495702544070768,0.16321598755491798,0.14701222636765215,0.2890065638041,0.25119496786625306,0.3127862419619948
2026,Malachi Fields,WR,Skill,FBS Independent,74,1,3,Rounds 2-3,Rounds 6-7,Incorrect,2,0.15125718808530436,0.16437361169274234,0.14744827787531856,0.2882008465426837,0.24872007580395106,0.3156307997780467
2026,Eric McAlister,WR,Skill,Big 12,300,4,3,Undrafted,Rounds 6-7,Incorrect,1,0.0891292887636065,0.11293167555027993,0.11930719959813829,0.30247946893686206,0.3761523671511132,0.20206096431388643
2026,Antonio Williams,WR,Skill,ACC,71,1,3,Rounds 2-3,Rounds 6-7,Incorrect,2,0.11152963630079754,0.1336736759097697,0.132715941786825,0.3023509653353399,0.31972978066726787,0.24520331221056724
2026,Elijah Sarratt,WR,Skill,Big Ten,115,2,1,Rounds 4-5,Rounds 2-3,Incorrect,1,0.352327027171845,0.23235509667458448,0.1400376541270465,0.1774349559930105,0.09784526603351351,0.5846821238464295
2026,Chris Bell,WR,Skill,ACC,94,1,3,Rounds 2-3,Rounds 6-7,Incorrect,2,0.14514210013130574,0.16011833168821665,0.14579669162603742,0.2910602449370381,0.2578826316174021,0.3052604318195224
2026,Kevin Coleman Jr.,WR,Skill,SEC,177,3,3,Rounds 6-7,Rounds 6-7,Correct,0,0.10149167494372087,0.12470568350350962,0.12724599222221222,0.3034466850402256,0.3431099642903317,0.2261973584472305
2026,Eric Rivers,WR,Skill,ACC,300,4,3,Undrafted,Rounds 6-7,Incorrect,1,0.09492355663856218,0.11855270228153318,0.12320344950274964,0.30330028903127493,0.36002000254588007,0.21347625892009536
2026,Josh Cameron,WR,Skill,Big 12,191,3,3,Rounds 6-7,Rounds 6-7,Correct,0,0.1119723638278612,0.13405736741629415,0.1329386604244205,0.30227114430213786,0.31876046402928626,0.24602973124415534
2026,Vinny Anthony II,WR,Skill,Big Ten,300,4,4,Undrafted,Undrafted,Correct,0,0.04391338355836041,0.06232257624421363,0.07562233432621927,0.25586563712897603,0.5622760687422307,0.10623595980257404
2026,Skyler Bell,WR,Skill,FBS Independent,125,2,1,Rounds 4-5,Rounds 2-3,Incorrect,1,0.3948039588300718,0.23320557468494907,0.13143900007694642,0.15761194444419568,0.08293952196383703,0.6280095335150209
2026,Ted Hurst,WR,Skill,Sun Belt,84,1,3,Rounds 2-3,Rounds 6-7,Incorrect,2,0.055898506323353074,0.0769682575573036,0.08985511455419917,0.278160325901244,0.49911779566390013,0.13286676388065669
2026,Jeff Caldwell,WR,Skill,Big 12,300,4,2,Undrafted,Rounds 4-5,Incorrect,2,0.17536700577129208,0.17961588441437906,0.1522076439198657,0.2756279488202882,0.217181517074175,0.35498289018567114
2026,Reggie Virgil,WR,Skill,Big 12,143,2,3,Rounds 4-5,Rounds 6-7,Incorrect,1,0.10740011825274355,0.13004700188142798,0.13056472201571953,0.302974098389125,0.32901405946098394,0.23744712013417152
2026,Ja'Kobi Lane,WR,Skill,Big Ten,80,1,2,Rounds 2-3,Rounds 4-5,Incorrect,1,0.18453051194280948,0.18479791333038645,0.15337405853107028,0.27048970847352727,0.20680780772220653,0.3693284252731959
2026,Deion Burks,WR,Skill,SEC,254,3,2,Rounds 6-7,Rounds 4-5,Incorrect,1,0.1940437866712456,0.18984009112345174,0.15426086595127275,0.2650336780800677,0.19682157817396218,0.38388387779469735
2026,Barion Brown,WR,Skill,SEC,190,3,3,Rounds 6-7,Rounds 6-7,Correct,0,0.11732961019297962,0.13862261017464905,0.13551640626699513,0.3011222916863068,0.30740908167906944,0.25595222036762866
2026,Aaron Anderson,WR,Skill,SEC,300,4,4,Undrafted,Undrafted,Correct,0,0.04350867121150311,0.06181147365895321,0.07510202562107898,0.25492024218256404,0.5646575873259007,0.10532014487045632
2026,Zavion Thomas,WR,Skill,SEC,89,1,3,Rounds 2-3,Rounds 6-7,Incorrect,2,0.09456380127147977,0.11820902084179939,0.12297077364913886,0.30326938624703376,0.3609870179905482,0.21277282211327916
2026,J. Michael Sturdivant,WR,Skill,SEC,300,4,3,Undrafted,Rounds 6-7,Incorrect,1,0.15515806848154798,0.167003684881348,0.14840143911688208,0.2862929057131455,0.24314390180707646,0.322161753362896
2026,Kendrick Law,WR,Skill,SEC,168,3,3,Rounds 6-7,Rounds 6-7,Correct,0,0.13397013194192128,0.15191529468781775,0.14224552434614268,0.2957754798987945,0.2760935691253238,0.28588542662973904
2026,Chase Roberts,WR,Skill,Big 12,300,4,3,Undrafted,Rounds 6-7,Incorrect,1,0.12809493639008598,0.14737222931249136,0.1400782249662078,0.29792845732796447,0.2865261520032504,0.27546716570257734
2026,CJ Daniels,WR,Skill,ACC,197,3,3,Rounds 6-7,Rounds 6-7,Correct,0,0.16476352202004893,0.1732065492570273,0.15043649497980205,0.2813648924697446,0.2302285412733771,0.33797007127707623
2026,De'Zhaun Stribling,WR,Skill,SEC,33,1,2,Rounds 2-3,Rounds 4-5,Incorrect,1,0.2005391589749129,0.1930911245955699,0.1546918182451057,0.26125996134788665,0.19041793683652486,0.3936302835704828
2026,Harrison Wallace III,WR,Skill,SEC,300,4,3,Undrafted,Rounds 6-7,Incorrect,1,0.09313386167928536,0.11683604903613634,0.12203403279380615,0.3031212453711742,0.36487481111959796,0.2099699107154217
2026,Kaden Wetjen,WR,Skill,Big Ten,121,2,2,Rounds 4-5,Rounds 4-5,Correct,0,0.2777112832618913,0.22104054619450897,0.15168927154265344,0.21652338715392072,0.13303551184702556,0.4987518294564003
2026,Caullin Lacy,WR,Skill,ACC,300,4,3,Undrafted,Rounds 6-7,Incorrect,1,0.07104558728139472,0.09417477180763502,0.1049188657643256,0.2943709352817528,0.43548983986489187,0.16522035908902974
2026,Colbie Young,WR,Skill,SEC,140,2,2,Rounds 4-5,Rounds 4-5,Correct,0,0.244253615564427,0.21120265793448653,0.15454625383364856,0.23562701408396736,0.15437045858347054,0.45545627349891354
2026,Caleb Douglas,WR,Skill,Big 12,75,1,3,Rounds 2-3,Rounds 6-7,Incorrect,2,0.15033761586179514,0.16374409913834984,0.14721239515039686,0.2886415736661148,0.25006431618334335,0.314081715000145
2026,Jordan Hudson,WR,Skill,ACC,300,4,3,Undrafted,Rounds 6-7,Incorrect,1,0.1583847056041787,0.16913031239023715,0.14913335788996185,0.28467139057500024,0.23868023354062207,0.32751501799441585
2026,Donaven McCulley,WR,Skill,Big Ten,300,4,3,Undrafted,Rounds 6-7,Incorrect,1,0.150897961380676,0.164128129841747,0.1473566468648731,0.288373442314596,0.24924381959810793,0.315026091222423
2026,Dillon Bell,WR,Skill,SEC,300,4,2,Undrafted,Rounds 4-5,Incorrect,2,0.20136327828799017,0.19349271848554894,0.15473692079594792,0.2607791052591063,0.18962797717140667,0.3948559967735391
2026,Emmanuel Henderson Jr.,WR,Skill,Big 12,199,3,4,Rounds 6-7,Undrafted,Incorrect,1,0.047206853248986456,0.06644111551092671,0.07975673453881327,0.26304743608376707,0.5435478606175065,0.11364796875991318
2026,Malik Benson,WR,Skill,Big Ten,195,3,3,Rounds 6-7,Rounds 6-7,Correct,0,0.11245688721190153,0.1344761515478821,0.13318067978161774,0.30218102689671994,0.3177052545618787,0.24693303875978362
2026,Chris Hilton Jr.,WR,Skill,SEC,300,4,3,Undrafted,Rounds 6-7,Incorrect,1,0.07300029503898693,0.09629364239925155,0.10665058682688075,0.29574190519672267,0.4283135705381581,0.16929393743823848
