Season,Player,Position,Position Group,Conference,Overall Pick,Actual 4-Tier Number,Predicted 4-Tier Number,Actual 4-Tier,Predicted 4-Tier,Correct,Ordinal Error,Prob Round 1,Prob Rounds 2-5,Prob Rounds 6-7,Prob Undrafted
2026,Chris Adams,OT,OL,AAC,300,3,2,Undrafted,Rounds 6-7,Incorrect,1,0.03277884838626041,0.3282470946521582,0.2711869606906922,0.36778709627088924
2026,Austin Barber,OT,OL,SEC,86,1,2,Rounds 2-5,Rounds 6-7,Incorrect,1,0.051862605246996124,0.4251107658174338,0.25808965880925855,0.26493697012631157
2026,Markel Bell,OT,OL,ACC,68,1,2,Rounds 2-5,Rounds 6-7,Incorrect,1,0.035733110767336804,0.3461505484958319,0.2708495903702386,0.3472667503665927
2026,Jude Bowry,OT,OL,ACC,102,1,1,Rounds 2-5,Rounds 2-5,Correct,0,0.06389372137052435,0.4683668440081569,0.2436266591190065,0.22411277550231223
2026,Travis Burke,OT,OL,AAC,117,1,3,Rounds 2-5,Undrafted,Incorrect,2,0.011006393447848007,0.14549651659596,0.20430810805581462,0.6391889819003773
2026,Kage Casey,OT,OL,Mountain West,111,1,2,Rounds 2-5,Rounds 6-7,Incorrect,1,0.04231001477161102,0.3818374038432222,0.26729372029804377,0.30855886108712305
2026,Dametrious Crownover,OT,OL,SEC,196,2,1,Rounds 6-7,Rounds 2-5,Incorrect,1,0.1258095096964155,0.5800171141801665,0.17368742080817012,0.12048595531524786
2026,Enrique Cruz Jr.,OT,OL,Big 12,179,2,1,Rounds 6-7,Rounds 2-5,Incorrect,1,0.07438382976201537,0.49822634450086717,0.23038882195645904,0.19700100378065843
2026,J.C. Davis,OT,OL,Big Ten,192,2,2,Rounds 6-7,Rounds 6-7,Correct,0,0.042211174606967924,0.381339898185903,0.267368815249043,0.30908011195808605
2026,Fa'alili Fa'amoe,OT,OL,ACC,300,3,3,Undrafted,Undrafted,Correct,0,0.014208258993779475,0.17953130496873015,0.2285806237543379,0.5776798122831525
2026,Spencer Fano,OT,OL,Big 12,9,0,0,Round 1,Round 1,Correct,0,0.5492327664743318,0.4038492954999905,0.030994897411553146,0.01592304061412453
2026,Monroe Freeling,OT,OL,SEC,19,0,1,Round 1,Rounds 2-5,Incorrect,1,0.2134266240770178,0.6055362717569996,0.11329949699203812,0.06773760717394439
2026,Alan Herron,OT,OL,Big Ten,300,3,2,Undrafted,Rounds 6-7,Incorrect,1,0.05559668247296846,0.4397284303965619,0.25379704387946006,0.2508778432510096
2026,Max Iheanachor,OT,OL,Big 12,21,0,2,Round 1,Rounds 6-7,Incorrect,2,0.04150615142426072,0.3777587404515653,0.2678884276183775,0.31284668050579645
2026,Caleb Lomu,OT,OL,Big 12,28,0,1,Round 1,Rounds 2-5,Incorrect,1,0.46327140061338223,0.4717523540585442,0.042645046337152936,0.02233119899092062
2026,Francis Mauigoa,OT,OL,ACC,10,0,0,Round 1,Round 1,Correct,0,0.6442169800020445,0.32371939779988923,0.021292747276070334,0.01077087492199591
2026,Blake Miller,OT,OL,ACC,17,0,1,Round 1,Rounds 2-5,Incorrect,1,0.12479558250700833,0.5791065448880602,0.17462814488705913,0.12146972771787234
2026,Diego Pounds,OT,OL,SEC,300,3,1,Undrafted,Rounds 2-5,Incorrect,2,0.11418467395224294,0.5682619250037726,0.1848971644222408,0.13265623662174364
2026,Kadyn Proctor,OT,OL,SEC,12,0,0,Round 1,Round 1,Correct,0,0.6394036277381694,0.327876525937699,0.021723580569777856,0.010996265754353751
2026,Drew Shelton,OT,OL,Big Ten,112,1,1,Rounds 2-5,Rounds 2-5,Correct,0,0.14404100628883998,0.5931859818499672,0.15790242914554786,0.10487058271564498
2026,Caleb Tiernan,OT,OL,Big Ten,97,1,1,Rounds 2-5,Rounds 2-5,Correct,0,0.1045243911883946,0.5560365959889995,0.19494205292010425,0.14449695990250166
2026,Keagen Trost,OT,OL,SEC,93,1,1,Rounds 2-5,Rounds 2-5,Correct,0,0.11124553664395906,0.5647980321979511,0.18788198969400316,0.13607444146408665
2026,Aamil Wagner,OT,OL,FBS Independent,300,3,1,Undrafted,Rounds 2-5,Incorrect,2,0.07270429603519213,0.49386259300297475,0.23250338664066428,0.20092972432116885
2026,Carver Willis,OT,OL,Big Ten,127,1,2,Rounds 2-5,Rounds 6-7,Incorrect,1,0.04320209126870115,0.38627777385367307,0.2665921650955261,0.3039279697820997
2026,Sonny Styles,LB,LB,Big Ten,7,0,0,Round 1,Round 1,Correct,0,0.7270987162764048,0.25088437868154356,0.014671573070519695,0.0073453319715319765
2026,Anthony Hill,LB,LB,SEC,60,1,0,Rounds 2-5,Round 1,Incorrect,1,0.5495344271291911,0.40360209331721975,0.03095952142371916,0.01590395812987
2026,Jake Golday,LB,LB,Big 12,51,1,2,Rounds 2-5,Rounds 6-7,Incorrect,1,0.029476370700385165,0.30666952856246305,0.27023363130016176,0.39362046943699003
2026,Josiah Trotter,LB,LB,SEC,46,1,1,Rounds 2-5,Rounds 2-5,Correct,0,0.08787352644591863,0.528420976882686,0.21382657825606266,0.16987891841533276
2026,CJ Allen,LB,LB,SEC,53,1,1,Rounds 2-5,Rounds 2-5,Correct,0,0.2525570019276424,0.5966901622185667,0.09562238359194364,0.05513045226184721
2026,Kyle Louis,LB,LB,ACC,138,1,1,Rounds 2-5,Rounds 2-5,Correct,0,0.08788008494092227,0.528433767391613,0.21381876765318564,0.16986738001427915
2026,Jacob Rodriguez,LB,LB,Big 12,43,1,1,Rounds 2-5,Rounds 2-5,Correct,0,0.4382656816052538,0.4903439844346026,0.04674376071078912,0.024646573249354486
2026,Lander Barton,LB,LB,Big 12,300,3,3,Undrafted,Undrafted,Correct,0,0.013428653925220281,0.1715286974867732,0.2234678934181994,0.5915747551698072
2026,Harold Perkins Jr.,LB,LB,SEC,215,2,3,Rounds 6-7,Undrafted,Incorrect,1,0.01163280432613753,0.15240375910299073,0.20978436415647123,0.6261790724144005
2026,Red Murdock,LB,LB,MAC,257,2,1,Rounds 6-7,Rounds 2-5,Incorrect,1,0.42214179901259197,0.5019819641690785,0.049597845766992,0.026278391051337557
2026,Keyshaun Elliott,LB,LB,Big 12,166,2,2,Rounds 6-7,Rounds 6-7,Correct,0,0.03735162722953985,0.3554425561333886,0.2702866758610714,0.33691914077600016
2026,Deontae Lawson,LB,LB,SEC,300,3,1,Undrafted,Rounds 2-5,Incorrect,2,0.06267084212210157,0.4644503829372281,0.24515826963109877,0.22772050530957155
2026,Bryce Boettcher,LB,LB,Big Ten,135,1,1,Rounds 2-5,Rounds 2-5,Correct,0,0.07863794686878209,0.508641733624259,0.22507249216936775,0.1876478273375911
2026,Taurean York,LB,LB,SEC,300,3,1,Undrafted,Rounds 2-5,Incorrect,2,0.1405494769347775,0.5910977451383401,0.1607660486186575,0.10758672930822488
2026,Jimmy Rolder,LB,LB,Big Ten,118,1,2,Rounds 2-5,Rounds 6-7,Incorrect,1,0.043652098133940796,0.3884841178631218,0.2662226930075146,0.3016410909954228
2026,Aiden Fisher,LB,LB,Big Ten,243,2,1,Rounds 6-7,Rounds 2-5,Incorrect,1,0.32215182787383645,0.5657841505159582,0.07223307988816674,0.039830941722038604
2026,Wade Woodaz,LB,LB,ACC,123,1,3,Rounds 2-5,Undrafted,Incorrect,2,0.015541115103264492,0.1928132846307594,0.23631381525341053,0.5553317850125656
2026,Jack Kelly,LB,LB,Big 12,193,2,2,Rounds 6-7,Rounds 6-7,Correct,0,0.052275705883096824,0.4267859990830396,0.25762804141120654,0.26331025362265703
2026,Kaleb Elarms-Orr,LB,LB,Big 12,126,1,2,Rounds 2-5,Rounds 6-7,Incorrect,1,0.03733031868672567,0.355322490852177,0.2702956064456506,0.33705158401544677
2026,Scooby Williams,LB,LB,SEC,300,3,3,Undrafted,Undrafted,Correct,0,0.018528416179792433,0.22086320735837212,0.24976462982881673,0.5108437466330187
2026,Justin Jefferson,LB,LB,SEC,149,1,1,Rounds 2-5,Rounds 2-5,Correct,0,0.08710599749400572,0.5269125117412048,0.21474250489741475,0.17123898586737474
2026,Xavian Sorey,LB,LB,SEC,300,3,2,Undrafted,Rounds 6-7,Incorrect,1,0.035942106389352683,0.34737031367101007,0.2707905936179132,0.34589698632172405
2026,Namdi Obiazor,LB,LB,Big 12,212,2,2,Rounds 6-7,Rounds 6-7,Correct,0,0.03960541864036967,0.36781282000805854,0.26913736732483384,0.32344439402673797
2026,Owen Heinecke,LB,LB,SEC,300,3,2,Undrafted,Rounds 6-7,Incorrect,1,0.049805271089602324,0.41654157906246614,0.26032851130712253,0.273324638540809
2026,Kendal Daniels,LB,LB,SEC,134,1,1,Rounds 2-5,Rounds 2-5,Correct,0,0.07410793377391504,0.4975196171405511,0.23073569114415748,0.19763675794137636
2026,Eric Gentry,LB,LB,Big Ten,300,3,2,Undrafted,Rounds 6-7,Incorrect,1,0.04450435561538943,0.39260217479970383,0.2654961570604659,0.2973973125244408
2026,Karson Sharar,LB,LB,Big Ten,183,2,1,Rounds 6-7,Rounds 2-5,Incorrect,1,0.08820439148513805,0.5290641540560095,0.21343288613488465,0.16929856832396784
2026,Wesley Bissainthe,LB,LB,ACC,300,3,1,Undrafted,Rounds 2-5,Incorrect,2,0.056995530918983184,0.44491234253885076,0.25213046688939367,0.2459616596527724
2026,Rueben Bain Jr.,EDGE,DL,ACC,15,0,1,Round 1,Rounds 2-5,Incorrect,1,0.45887460158008475,0.47506582091486516,0.04333877886627879,0.0227207986387713
2026,Arvell Reese,EDGE,DL,Big Ten,5,0,1,Round 1,Rounds 2-5,Incorrect,1,0.40816332385885734,0.511823378811189,0.052220779397046946,0.027792517932906713
2026,David Bailey,EDGE,DL,Big 12,2,0,0,Round 1,Round 1,Correct,0,0.563519293670646,0.39208440363885466,0.02935534561529396,0.015040957075205363
2026,Cashius Howell,EDGE,DL,SEC,41,1,1,Rounds 2-5,Rounds 2-5,Correct,0,0.42245766512960353,0.5017568335290499,0.04954021935467279,0.026245281986673863
2026,Akheem Mesidor,EDGE,DL,ACC,22,0,1,Round 1,Rounds 2-5,Incorrect,1,0.19180885687814525,0.6064472489344377,0.12504488237157418,0.07669901181584282
2026,R Mason Thomas,EDGE,DL,SEC,40,1,1,Rounds 2-5,Rounds 2-5,Correct,0,0.2586535775781194,0.5946501524548646,0.09321135790374657,0.05348491206326933
2026,T.J. Parker,EDGE,DL,ACC,35,1,1,Rounds 2-5,Rounds 2-5,Correct,0,0.4000851907901357,0.5173970381493197,0.05380431189642643,0.02871345916411816
2026,Anthony Lucas,EDGE,DL,Big Ten,300,3,2,Undrafted,Rounds 6-7,Incorrect,1,0.05634162713434069,0.4425081569038795,0.25291283614695004,0.24823737981482974
2026,Malachi Lawrence,EDGE,DL,Big 12,23,0,1,Round 1,Rounds 2-5,Incorrect,1,0.07639530649471304,0.5032620078165171,0.2278669197086315,0.19247576598013838
2026,Gabe Jacas,EDGE,DL,Big Ten,55,1,2,Rounds 2-5,Rounds 6-7,Incorrect,1,0.0367574566117382,0.35207218201916357,0.27052095184824204,0.3406494095208562
2026,Joshua Josephs,EDGE,DL,SEC,147,1,1,Rounds 2-5,Rounds 2-5,Correct,0,0.0771761405947012,0.5051626179814599,0.2268917065852989,0.19076953483853998
2026,Zion Young,EDGE,DL,SEC,45,1,2,Rounds 2-5,Rounds 6-7,Incorrect,1,0.01979065862276012,0.23204867506778085,0.2541127817301642,0.4940478845792948
2026,Romello Height,EDGE,DL,Big 12,70,1,1,Rounds 2-5,Rounds 2-5,Correct,0,0.09045243302051255,0.533323540651199,0.21077663595796126,0.16544739037032719
2026,Keyron Crawford,EDGE,DL,SEC,67,1,2,Rounds 2-5,Rounds 6-7,Incorrect,1,0.03532755821673434,0.3437664275177097,0.2709517952352733,0.3499542190302827
2026,Derrick Moore,EDGE,DL,Big Ten,44,1,1,Rounds 2-5,Rounds 2-5,Correct,0,0.0890035795190173,0.5306003177538701,0.21248482334215846,0.1679112793849542
2026,Dani Dennis-Sutton,EDGE,DL,Big Ten,120,1,1,Rounds 2-5,Rounds 2-5,Correct,0,0.1732290943861503,0.6042121645246604,0.13655636403492122,0.08600237705426805
2026,Nadame Tucker,EDGE,DL,MAC,300,3,2,Undrafted,Rounds 6-7,Incorrect,1,0.026546508029566273,0.28600402938936736,0.2678490314945244,0.419600431086542
2026,Tyreak Sapp,EDGE,DL,SEC,300,3,1,Undrafted,Rounds 2-5,Incorrect,2,0.06519609828456382,0.47243076617231905,0.24198888576587052,0.22038424977724658
2026,Wesley Williams,EDGE,DL,ACC,119,1,1,Rounds 2-5,Rounds 2-5,Correct,0,0.05684544314874645,0.44436345096144386,0.25231052939713805,0.24648057649267163
2026,Caden Curry,EDGE,DL,Big Ten,214,2,2,Rounds 6-7,Rounds 6-7,Correct,0,0.04910888180159682,0.4135532655358524,0.2610611163619788,0.2762767363005719
2026,Quintayvious Hutchins,EDGE,DL,ACC,247,2,2,Rounds 6-7,Rounds 6-7,Correct,0,0.02559847519175257,0.27898601926745387,0.2666954081330647,0.4287200974077289
2026,Trey Moore,EDGE,DL,SEC,130,1,1,Rounds 2-5,Rounds 2-5,Correct,0,0.12271421722984521,0.577171791639224,0.17658103376086487,0.12353295737006587
2026,Vincent Anthony Jr.,EDGE,DL,ACC,300,3,2,Undrafted,Rounds 6-7,Incorrect,1,0.052608469944328974,0.4281246684209137,0.2572535334879842,0.26201332814677314
2026,Logan Fano,EDGE,DL,Big 12,300,3,2,Undrafted,Rounds 6-7,Incorrect,1,0.03660452635989707,0.35119710810081756,0.2705761958146214,0.34162216972466397
2026,Max Llewellyn,EDGE,DL,Big Ten,238,2,2,Rounds 6-7,Rounds 6-7,Correct,0,0.042159915390696925,0.3810814501268298,0.26740754650532533,0.30935108797714794
2026,George Gumbs Jr.,EDGE,DL,SEC,156,1,1,Rounds 2-5,Rounds 2-5,Correct,0,0.08307007389187422,0.5185891030055755,0.21961721352029917,0.1787236095822511
2026,Patrick Payton,EDGE,DL,SEC,300,3,1,Undrafted,Rounds 2-5,Incorrect,2,0.06871621356663629,0.4828870921224906,0.23754293374973545,0.2108537605611377
2026,Aidan Hubbard,EDGE,DL,Big Ten,300,3,1,Undrafted,Rounds 2-5,Incorrect,2,0.05661450496699467,0.4435154753370905,0.2525870271834132,0.24728299251250163
2026,Jack Pyburn,EDGE,DL,SEC,300,3,2,Undrafted,Rounds 6-7,Incorrect,1,0.05063309592029111,0.4200355646116031,0.2594403653538124,0.2698909741142934
2026,Marvin Jones Jr.,EDGE,DL,SEC,300,3,1,Undrafted,Rounds 2-5,Incorrect,2,0.1769746278147313,0.6049212552447062,0.13411838825574007,0.08398572868482246
2026,Nyjalik Kelly,EDGE,DL,Big 12,300,3,2,Undrafted,Rounds 6-7,Incorrect,1,0.04157188417532955,0.3780950535732082,0.26784119690174063,0.3124918653497216
2026,Mason Reiger,EDGE,DL,Big Ten,300,3,1,Undrafted,Rounds 2-5,Incorrect,2,0.08932515418231528,0.5312115567927197,0.21210450566068872,0.16735878336427634
2026,Peter Woods,DL,DL,ACC,29,0,1,Round 1,Rounds 2-5,Incorrect,1,0.39173952837902737,0.5230620006215168,0.05549562959662069,0.02970284140283519
2026,Lee Hunter,DL,DL,Big 12,49,1,2,Rounds 2-5,Rounds 6-7,Incorrect,1,0.031925392074911865,0.322835306850721,0.27109030665476225,0.3741489944196049
2026,Kayden McDonald,DL,DL,Big Ten,36,1,1,Rounds 2-5,Rounds 2-5,Correct,0,0.0823586350154172,0.5170511199302207,0.22048614647789755,0.1801040985764646
2026,Keldric Faulk,DL,DL,SEC,31,0,1,Round 1,Rounds 2-5,Incorrect,1,0.4135785617068186,0.5080395799105664,0.05118749252626409,0.027194365856350933
2026,Christen Miller,DL,DL,SEC,42,1,1,Rounds 2-5,Rounds 2-5,Correct,0,0.08093113291331634,0.5138984574041895,0.22223772380209528,0.1829326858803989
2026,Caleb Banks,DL,DL,SEC,18,0,1,Round 1,Rounds 2-5,Incorrect,1,0.08206308450113871,0.5164057502076617,0.22084792301773248,0.1806832422734671
2026,Jaishawn Barham,DL,DL,Big Ten,92,1,2,Rounds 2-5,Rounds 6-7,Incorrect,1,0.02865039442139509,0.30099494972532187,0.26972601816110753,0.4006286376921755
2026,Chris McClellan,DL,DL,SEC,77,1,1,Rounds 2-5,Rounds 2-5,Correct,0,0.07023151098297171,0.48716219100521646,0.23562644633115803,0.2069798516806538
2026,Rayshaun Benny,DL,DL,Big Ten,250,2,2,Rounds 6-7,Rounds 6-7,Correct,0,0.024041914183166008,0.26709036289100374,0.26432481920273154,0.4445429037230987
2026,Domonique Orange,DL,DL,Big 12,82,1,3,Rounds 2-5,Undrafted,Incorrect,2,0.013076441587328291,0.167854847430384,0.22100237446842227,0.5980663365138654
2026,Dontae Corleone,DL,DL,Big 12,300,3,2,Undrafted,Rounds 6-7,Incorrect,1,0.03463070485338137,0.3396161557661584,0.271088099116313,0.35466504026414725
2026,Nick Barrett,DL,DL,SEC,145,1,1,Rounds 2-5,Rounds 2-5,Correct,0,0.057094230951932425,0.4452723562390878,0.2520119012408367,0.24562151156814305
2026,Darrell Jackson Jr.,DL,DL,ACC,103,1,2,Rounds 2-5,Rounds 6-7,Incorrect,1,0.02735744280101594,0.2918756709173257,0.26867823738081975,0.4120886489008386
2026,LT Overton,DL,DL,SEC,137,1,0,Rounds 2-5,Round 1,Incorrect,1,0.5212734556765687,0.4265173364029461,0.034425188143312746,0.017784019777172477
2026,Tim Keenan,DL,DL,SEC,232,2,2,Rounds 6-7,Rounds 6-7,Correct,0,0.04685429517129034,0.40356037358767477,0.2633298973998411,0.2862554338411938
2026,Zxavian Harris,DL,DL,SEC,300,3,2,Undrafted,Rounds 6-7,Incorrect,1,0.041031810302034656,0.3753168899136283,0.26822158384969114,0.31542971593464586
2026,Skyler Gill-Howard,DL,DL,Big 12,205,2,2,Rounds 6-7,Rounds 6-7,Correct,0,0.03025074412141858,0.31188589539973405,0.2706044409026182,0.38725891957622915
2026,Gracen Halton,DL,DL,SEC,107,1,1,Rounds 2-5,Rounds 2-5,Correct,0,0.11446459278350324,0.5685808093542626,0.18461611871036498,0.13233847915186925
2026,DeMonte Capehart,DL,DL,ACC,155,1,1,Rounds 2-5,Rounds 2-5,Correct,0,0.08234838333077,0.5170287978653116,0.2204986875555236,0.18012413124839477
2026,Albert Regis,DL,DL,SEC,81,1,1,Rounds 2-5,Rounds 2-5,Correct,0,0.09815501261949361,0.5465478376079254,0.20193501682873427,0.1533621329438467
2026,Tyler Onyedim,DL,DL,SEC,66,1,2,Rounds 2-5,Rounds 6-7,Incorrect,1,0.05318038724848777,0.43040320757239653,0.25660457234708733,0.25981183283202836
2026,Bryson Eason,DL,DL,SEC,300,3,1,Undrafted,Rounds 2-5,Incorrect,2,0.06602848738626985,0.47497175167253536,0.24093946952447232,0.21806029141672245
2026,David Gusta,DL,DL,SEC,300,3,2,Undrafted,Rounds 6-7,Incorrect,1,0.03218819199225643,0.32451359800979385,0.2711303225208932,0.37216788747705654
2026,Brandon Cleveland,DL,DL,ACC,229,2,2,Rounds 6-7,Rounds 6-7,Correct,0,0.01968105508088286,0.23109233630135467,0.25376254382251795,0.4954640647952445
2026,Zane Durant,DL,DL,Big Ten,181,2,1,Rounds 6-7,Rounds 2-5,Incorrect,1,0.0668435658331637,0.47741824160953567,0.23991041524998302,0.21582777730731761
2026,Damonic Williams,DL,DL,SEC,300,3,1,Undrafted,Rounds 2-5,Incorrect,2,0.12235077210107674,0.5768247377254574,0.1769250717261288,0.1238994184473371
2026,Gary Smith III,DL,DL,Big Ten,300,3,2,Undrafted,Rounds 6-7,Incorrect,1,0.030970787041615974,0.3166484477353605,0.27086401583192204,0.3815167493911015
2026,Cameron Ball,DL,DL,SEC,300,3,2,Undrafted,Rounds 6-7,Incorrect,1,0.03838417887461986,0.3611899329805199,0.26980894835814623,0.330616939786714
2026,Bobby Jamison-Travis,DL,DL,SEC,186,2,2,Rounds 6-7,Rounds 6-7,Correct,0,0.023352978523257135,0.2616719422970578,0.2630671806690643,0.45190789851062074
2026,Deven Eastern,DL,DL,Big Ten,242,2,2,Rounds 6-7,Rounds 6-7,Correct,0,0.0431094273516222,0.3858206745459901,0.26666697972922254,0.30440291837316513
2026,Jackie Marshall,DL,DL,Big 12,184,2,2,Rounds 6-7,Rounds 6-7,Correct,0,0.029045634850702964,0.3037247394054731,0.26998387270789914,0.3972457530359248
2026,Caleb Downs,SAF,Secondary,Big Ten,11,0,1,Round 1,Rounds 2-5,Incorrect,1,0.45540273689062954,0.47766928484406196,0.04389444750777294,0.02303353075753556
2026,Emmanuel McNeil-Warren,SAF,Secondary,MAC,58,1,2,Rounds 2-5,Rounds 6-7,Incorrect,1,0.027688879984908505,0.29424136933823136,0.26897787019277464,0.4090918804840855
2026,Dillon Thieneman,SAF,Secondary,Big Ten,25,0,0,Round 1,Round 1,Correct,0,0.548573604410694,0.4043892730417288,0.0310723141343463,0.01596480841323089
2026,Genesis Smith,SAF,Secondary,Big 12,131,1,2,Rounds 2-5,Rounds 6-7,Incorrect,1,0.048123702015839424,0.40924739581528996,0.262072922398224,0.2805559797706466
2026,A.J. Haulcy,SAF,Secondary,SEC,78,1,2,Rounds 2-5,Rounds 6-7,Incorrect,1,0.05064192644141951,0.4200724984241032,0.2594307952746582,0.2698547798598191
2026,Treydan Stukes,SAF,Secondary,Big 12,38,1,2,Rounds 2-5,Rounds 6-7,Incorrect,1,0.04075496499682418,0.373879496543207,0.2684096494288802,0.3169558890310886
2026,Zakee Wheatley,SAF,Secondary,Big Ten,151,1,2,Rounds 2-5,Rounds 6-7,Incorrect,1,0.04728135259511635,0.4054913632317909,0.2629132427300106,0.28431404144308214
2026,Kamari Ramsey,SAF,Secondary,Big Ten,141,1,2,Rounds 2-5,Rounds 6-7,Incorrect,1,0.042476580120915416,0.38267329038531006,0.2671659549647159,0.3076841745290586
2026,Robert Spears-Jennings,SAF,Secondary,SEC,224,2,1,Rounds 6-7,Rounds 2-5,Incorrect,1,0.08115553588595181,0.5144000306758697,0.2219616834479945,0.182482749990184
2026,Bud Clark,SAF,Secondary,Big 12,64,1,2,Rounds 2-5,Rounds 6-7,Incorrect,1,0.03205761309075411,0.32368102610258653,0.27111160419655095,0.3731497566101084
2026,Bishop Fitzgerald,SAF,Secondary,Big Ten,300,3,1,Undrafted,Rounds 2-5,Incorrect,2,0.06109613029582078,0.4592588947385479,0.24711872240857535,0.23252625255705595
2026,VJ Payne,SAF,Secondary,Big 12,228,2,2,Rounds 6-7,Rounds 6-7,Correct,0,0.03397602406720593,0.33565411196284833,0.27116850538344606,0.3592013585864997
2026,Michael Taaffe,SAF,Secondary,SEC,158,1,1,Rounds 2-5,Rounds 2-5,Correct,0,0.06840348705945754,0.4819882758923355,0.2379384693755724,0.21166976767263457
2026,Louis Moore,SAF,Secondary,Big Ten,300,3,2,Undrafted,Rounds 6-7,Incorrect,1,0.04326740984393927,0.3865994103021153,0.26653916568896985,0.30359401416497556
2026,Lorenzo Styles,SAF,Secondary,Big Ten,172,2,1,Rounds 6-7,Rounds 2-5,Incorrect,1,0.10933795926744624,0.5624335471549229,0.18985248444665148,0.13837600913097936
2026,Jakobe Thomas,SAF,Secondary,ACC,98,1,1,Rounds 2-5,Rounds 2-5,Correct,0,0.07472869167108107,0.49910422945074207,0.22995554781587435,0.1962115310623025
2026,Jalon Kilgore,SAF,Secondary,SEC,167,2,1,Rounds 6-7,Rounds 2-5,Incorrect,1,0.09482661287542594,0.5410827670617835,0.20570500758521504,0.15838561247757554
2026,Xavier Nwankpa,SAF,Secondary,Big Ten,300,3,1,Undrafted,Rounds 2-5,Incorrect,2,0.07087986341406927,0.4889515838755252,0.23480682203762382,0.20536173067278174
2026,DeShon Singleton,SAF,Secondary,Big Ten,300,3,1,Undrafted,Rounds 2-5,Incorrect,2,0.06292649387025974,0.46527734728988346,0.24483866069533677,0.22695749814452004
2026,Jalen Huskey,SAF,Secondary,Big Ten,100,1,2,Rounds 2-5,Rounds 6-7,Incorrect,1,0.020177078760308723,0.23539816383625073,0.2553083109744569,0.48911644642898366
2026,Ahmaad Moses,SAF,Secondary,ACC,300,3,1,Undrafted,Rounds 2-5,Incorrect,2,0.05921533006821738,0.45283130635338015,0.2494372041615187,0.23851615941688376
2026,Dalton Johnson,SAF,Secondary,Big 12,150,1,2,Rounds 2-5,Rounds 6-7,Incorrect,1,0.02411720983517141,0.2676767551146807,0.26445416307485836,0.44375187197528954
2026,Kenyon Sadiq,TE,Skill,Big Ten,16,0,1,Round 1,Rounds 2-5,Incorrect,1,0.21786272679836746,0.6049562960866736,0.11108097677922713,0.06610000033573182
2026,Michael Trigg,TE,Skill,Big 12,300,3,3,Undrafted,Undrafted,Correct,0,0.012498811349260501,0.1617492540653726,0.21673580553658073,0.6090161290487861
2026,Eli Stowers,TE,Skill,SEC,54,1,0,Rounds 2-5,Round 1,Incorrect,1,0.6999669996426845,0.2749673176405918,0.01668580217018778,0.008379880546535934
2026,Nate Boerkircher,TE,Skill,SEC,56,1,1,Rounds 2-5,Rounds 2-5,Correct,0,0.07210124291093849,0.4922593017430405,0.23326416689996898,0.20237528844605202
2026,Max Klare,TE,Skill,Big Ten,61,1,1,Rounds 2-5,Rounds 2-5,Correct,0,0.3386447966800015,0.5564986182340794,0.06778136240874377,0.037075222677175224
2026,Josh Cuevas,TE,Skill,SEC,173,2,2,Rounds 6-7,Rounds 6-7,Correct,0,0.05304759676815685,0.42987665258342,0.2567558322785609,0.26031991836986224
2026,Jack Endries,TE,Skill,SEC,221,2,2,Rounds 6-7,Rounds 6-7,Correct,0,0.05381034031991766,0.4328808805709003,0.2558824146672427,0.25742636444193934
2026,Eli Raridon,TE,Skill,FBS Independent,95,1,1,Rounds 2-5,Rounds 2-5,Correct,0,0.07768279610997415,0.5063800243372285,0.22626018207947407,0.18967699747332323
2026,Will Kacmarek,TE,Skill,Big Ten,87,1,1,Rounds 2-5,Rounds 2-5,Correct,0,0.1103799998465098,0.5637367758478093,0.1887728176961615,0.13711040660951934
2026,Oscar Delp,TE,Skill,SEC,73,1,1,Rounds 2-5,Rounds 2-5,Correct,0,0.30589345109385024,0.5743081927303073,0.07697798302410219,0.042820373151740254
2026,Joe Royer,TE,Skill,Big 12,170,2,3,Rounds 6-7,Undrafted,Incorrect,1,0.006248761588832013,0.08863816686088132,0.14693110468015982,0.7581819668701268
2026,Dallen Bentley,TE,Skill,Big 12,256,2,2,Rounds 6-7,Rounds 6-7,Correct,0,0.04484917848214156,0.3942461830842193,0.2651927151992476,0.29571192323439155
2026,Marlin Klein,TE,Skill,Big Ten,59,1,2,Rounds 2-5,Rounds 6-7,Incorrect,1,0.03824728938086645,0.36043586873561234,0.2698772170753668,0.33143962480815436
2026,Justin Joly,TE,Skill,ACC,152,1,2,Rounds 2-5,Rounds 6-7,Incorrect,1,0.02765449666082951,0.29399686030817884,0.2689478108817247,0.4094008321492669
2026,Sam Roush,TE,Skill,ACC,69,1,1,Rounds 2-5,Rounds 2-5,Correct,0,0.08195022422211637,0.5161582995964504,0.22098619446023704,0.18090528172119613
2026,Dae'Quan Wright,TE,Skill,SEC,300,3,2,Undrafted,Rounds 6-7,Incorrect,1,0.048144318230031166,0.40933845590494267,0.26205206049429686,0.2804651653707293
2026,Tanner Koziol,TE,Skill,Big 12,164,2,2,Rounds 6-7,Rounds 6-7,Correct,0,0.02805032799688558,0.2967990894404962,0.2692798036262292,0.405870778936389
2026,John Michael Gyllenborg,TE,Skill,Mountain West,300,3,2,Undrafted,Rounds 6-7,Incorrect,1,0.02841540647428084,0.2993592720022903,0.26955928830780507,0.4026660332156238
2026,Miles Kitselman,TE,Skill,SEC,300,3,2,Undrafted,Rounds 6-7,Incorrect,1,0.050782979026270846,0.42066149723743534,0.25927766336287844,0.2692778603734154
2026,Bauer Sharp,TE,Skill,SEC,185,2,1,Rounds 6-7,Rounds 2-5,Incorrect,1,0.09009575336573132,0.5326604246174376,0.21119588104447207,0.1660479409723591
2026,Matthew Hibner,TE,Skill,ACC,133,1,1,Rounds 2-5,Rounds 2-5,Correct,0,0.06208993813102116,0.462554969641787,0.24588320189314483,0.22947189033404702
2026,DJ Rogers,TE,Skill,Big 12,300,3,3,Undrafted,Undrafted,Correct,0,0.010464248840611975,0.13941586775707485,0.19924078784484792,0.6508790955574653
2026,Lake McRee,TE,Skill,Big Ten,300,3,2,Undrafted,Rounds 6-7,Incorrect,1,0.025922535358317365,0.281403877189976,0.267113062651188,0.42556052480051865
2026,Riley Nowakowski,TE,Skill,Big Ten,169,2,1,Rounds 6-7,Rounds 2-5,Incorrect,1,0.08904674259576278,0.5306825888288131,0.21243373662634535,0.16783693194907867
2026,RJ Maryland,TE,Skill,ACC,300,3,2,Undrafted,Rounds 6-7,Incorrect,1,0.038876677652033904,0.36388324567469266,0.26955139894251673,0.3276886777307567
2026,Jaren Kanak,TE,Skill,SEC,225,2,1,Rounds 6-7,Rounds 2-5,Incorrect,1,0.07701660977008673,0.5047767247176058,0.2270907635074777,0.19111590200482975
2026,Khalil Dinkins,TE,Skill,Big Ten,300,3,1,Undrafted,Rounds 2-5,Incorrect,2,0.06917362845819355,0.4841914986649596,0.236964364294881,0.2096705085819659
2026,Fernando Mendoza,QB,Skill,Big Ten,1,0,1,Round 1,Rounds 2-5,Incorrect,1,0.24896223435935702,0.5978189135305092,0.0970831815333566,0.05613567057677715
2026,Ty Simpson,QB,Skill,SEC,13,0,2,Round 1,Rounds 6-7,Incorrect,2,0.02159113371762463,0.2473669608498205,0.2591923095237324,0.4718495959088225
2026,Garrett Nussmeier,QB,Skill,SEC,249,2,3,Rounds 6-7,Undrafted,Incorrect,1,0.017712879068677433,0.21343127239365778,0.24656415220485114,0.5222916963328137
2026,Cade Klubnik,QB,Skill,ACC,110,1,3,Rounds 2-5,Undrafted,Incorrect,2,0.008601608677195966,0.11776897694061768,0.17922296192579126,0.6944064524563951
2026,Drew Allar,QB,Skill,Big Ten,76,1,1,Rounds 2-5,Rounds 2-5,Correct,0,0.26553307352378336,0.5921678110529154,0.09058671116561046,0.05171240425769075
2026,Carson Beck,QB,Skill,ACC,65,1,0,Rounds 2-5,Round 1,Incorrect,1,0.7355600106256123,0.2433315404709141,0.014070554699474602,0.007037894203999029
2026,Behren Morton,QB,Skill,Big 12,234,2,1,Rounds 6-7,Rounds 2-5,Incorrect,1,0.1016356464103179,0.5518844106232644,0.1980772518799616,0.1484026910864561
2026,Sawyer Robertson,QB,Skill,Big 12,300,3,1,Undrafted,Rounds 2-5,Incorrect,2,0.0668298470798179,0.47737740097705494,0.23992774507619108,0.2158650068669361
2026,Luke Altmyer,QB,Skill,Big Ten,300,3,2,Undrafted,Rounds 6-7,Incorrect,1,0.029551849814357368,0.30718234541702105,0.2702741292474668,0.39299167552115477
2026,Taylen Green,QB,Skill,SEC,182,2,1,Rounds 6-7,Rounds 2-5,Incorrect,1,0.2168773293060016,0.6050956573696256,0.11156854579237885,0.06645846753199403
2026,Jalon Daniels,QB,Skill,Big 12,300,3,1,Undrafted,Rounds 2-5,Incorrect,2,0.2906343828558466,0.5816628369505319,0.08179215154725461,0.04591062864636697
2026,Diego Pavia,QB,Skill,SEC,300,3,2,Undrafted,Rounds 6-7,Incorrect,1,0.0528658376158892,0.42915348870201875,0.2569623073342027,0.26101836634788933
2026,Haynes King,QB,Skill,ACC,300,3,2,Undrafted,Rounds 6-7,Incorrect,1,0.051240575728137665,0.4225599779025206,0.2587775003030554,0.26742194606628633
2026,Joe Fagnano,QB,Skill,FBS Independent,300,3,2,Undrafted,Rounds 6-7,Incorrect,1,0.03455188685130423,0.3391424134631918,0.2711002785952825,0.35520542109022146
2026,Joey Aguilar,QB,Skill,SEC,300,3,0,Undrafted,Round 1,Incorrect,3,0.791546661459125,0.1929030451178816,0.010385126569432801,0.00516516685356061
2026,Jermod McCoy,CB,Secondary,SEC,101,1,0,Rounds 2-5,Round 1,Incorrect,1,0.6471539906987962,0.3211784368461462,0.02103262907003922,0.010634943385018358
2026,Avieon Terrell,CB,Secondary,ACC,48,1,1,Rounds 2-5,Rounds 2-5,Correct,0,0.32998458488852006,0.561449588828532,0.07007599031696543,0.03848983596598243
2026,Mansoor Delane,CB,Secondary,SEC,6,0,2,Round 1,Rounds 6-7,Incorrect,2,0.03091517941642458,0.31628361435823693,0.2708467736992802,0.3819544325260583
2026,Colton Hood,CB,Secondary,SEC,37,1,1,Rounds 2-5,Rounds 2-5,Correct,0,0.07786171515283442,0.5068069898488851,0.22603741362885776,0.1892938813694227
2026,Keith Abney,CB,Secondary,Big 12,157,1,2,Rounds 2-5,Rounds 6-7,Incorrect,1,0.05019087845496746,0.4181769144308955,0.25991705739662596,0.2717151497175111
2026,Chris Johnson,CB,Secondary,Mountain West,27,0,2,Round 1,Rounds 6-7,Incorrect,2,0.04679523677339508,0.4032919009547294,0.26338699978584446,0.28652586248603107
2026,D'Angelo Ponds,CB,Secondary,Big Ten,50,1,1,Rounds 2-5,Rounds 2-5,Correct,0,0.3171873487573087,0.5684569656202381,0.07364248825448516,0.04071319736796808
2026,Keionte Scott,CB,Secondary,ACC,116,1,1,Rounds 2-5,Rounds 2-5,Correct,0,0.1574029047045974,0.5995506944470274,0.1475834979425108,0.09546290290586446
2026,Brandon Cisse,CB,Secondary,SEC,52,1,1,Rounds 2-5,Rounds 2-5,Correct,0,0.10336237322708977,0.5543956049773192,0.19619592518230078,0.14604609661329027
2026,Devin Moore,CB,Secondary,SEC,114,1,2,Rounds 2-5,Rounds 6-7,Incorrect,1,0.053308753860455055,0.4309107992835425,0.25645802581435995,0.2593224210416425
2026,Julian Neal,CB,Secondary,SEC,99,1,1,Rounds 2-5,Rounds 2-5,Correct,0,0.08898584338383733,0.5305664912122082,0.21250581886886144,0.16794184653509303
2026,Will Lee III,CB,Secondary,SEC,129,1,1,Rounds 2-5,Rounds 2-5,Correct,0,0.10645799433811315,0.5586824119392053,0.1928773576277525,0.1419822360949291
2026,Malik Muhammad,CB,Secondary,SEC,124,1,0,Rounds 2-5,Round 1,Incorrect,1,0.5887876226290787,0.37100572074807026,0.02662447746527019,0.013582179157580865
2026,Davison Igbinosun,CB,Secondary,Big Ten,62,1,2,Rounds 2-5,Rounds 6-7,Incorrect,1,0.05243615163494897,0.4274326474747004,0.25744775905805356,0.2626834418322971
2026,Daylen Everette,CB,Secondary,SEC,85,1,1,Rounds 2-5,Rounds 2-5,Correct,0,0.10281909783375263,0.5536149847640778,0.1967855097452934,0.14678040765687617
2026,Chandler Rivers,CB,Secondary,ACC,162,2,1,Rounds 6-7,Rounds 2-5,Incorrect,1,0.10431461741916215,0.5557432214693772,0.19516768291700792,0.14477447819445277
2026,Hezekiah Masses,CB,Secondary,ACC,175,2,3,Rounds 6-7,Undrafted,Incorrect,1,0.01643555652974901,0.20145421322628954,0.2408615953715513,0.5412486348724102
2026,TJ Hall,CB,Secondary,Big Ten,219,2,1,Rounds 6-7,Rounds 2-5,Incorrect,1,0.05661407631019786,0.4435138975162173,0.2525875397621794,0.24728448641140544
2026,Domani Jackson,CB,Secondary,SEC,201,2,1,Rounds 6-7,Rounds 2-5,Incorrect,1,0.07490759865456391,0.49955726223957936,0.22973091200639228,0.19580422709946443
2026,Tacario Davis,CB,Secondary,Big Ten,72,1,2,Rounds 2-5,Rounds 6-7,Incorrect,1,0.04358009215371096,0.3881325750224547,0.2662824881243606,0.30200484469947375
2026,Thaddeus Dixon,CB,Secondary,ACC,300,3,1,Undrafted,Rounds 2-5,Incorrect,2,0.05991080681801972,0.4552375155443392,0.2485832566549201,0.23626842098272094
2026,Ephesians Prysock,CB,Secondary,Big Ten,139,1,2,Rounds 2-5,Rounds 6-7,Incorrect,1,0.05450454602185349,0.4355729379371521,0.2550782770535842,0.25484423898741015
2026,Jaylon Guilbeau,CB,Secondary,SEC,300,3,1,Undrafted,Rounds 2-5,Incorrect,2,0.1435167902241701,0.5928844453693808,0.15832777635661466,0.10527098804983448
2026,Andre Fuller,CB,Secondary,MAC,236,2,2,Rounds 6-7,Rounds 6-7,Correct,0,0.055945814247584214,0.4410366593382913,0.25338362416889276,0.24963390224523174
2026,Jadon Canady,CB,Secondary,Big Ten,109,1,1,Rounds 2-5,Rounds 2-5,Correct,0,0.11740499964903256,0.5718187480473076,0.18169749037012917,0.12907876193353063
2026,Collin Wright,CB,Secondary,ACC,300,3,2,Undrafted,Rounds 6-7,Incorrect,1,0.042017569630477404,0.38036217189214205,0.2675143309257364,0.3101059275516441
2026,Toriano Pride Jr.,CB,Secondary,SEC,220,2,1,Rounds 6-7,Rounds 2-5,Incorrect,1,0.08000810847755395,0.5118115390566614,0.2233757599843581,0.18480459248142656
2026,Ahmari Harvey,CB,Secondary,ACC,300,3,1,Undrafted,Rounds 2-5,Incorrect,2,0.11906913268248857,0.5735632303489822,0.18007268945311727,0.12729494751541204
2026,Latrell McCutchin,CB,Secondary,Big 12,300,3,2,Undrafted,Rounds 6-7,Incorrect,1,0.03753609532651205,0.3564794764674126,0.2702077561066749,0.33577667209940043
2026,Avery Smith,CB,Secondary,MAC,300,3,1,Undrafted,Rounds 2-5,Incorrect,2,0.05790012986457017,0.4481840778510311,0.25103942985577943,0.24287636242861932
2026,Marcus Allen,CB,Secondary,ACC,300,3,2,Undrafted,Rounds 6-7,Incorrect,1,0.035180853071661904,0.3428983622957647,0.27098468699636447,0.3509360976362089
2026,Jeremiyah Love,RB,Skill,FBS Independent,3,0,0,Round 1,Round 1,Correct,0,0.5297046112390029,0.4197342671666239,0.033358213538536186,0.01720290805583702
2026,Jadarian Price,RB,Skill,FBS Independent,32,0,2,Round 1,Rounds 6-7,Incorrect,2,0.0425499383349761,0.3830404331087306,0.2671092058854735,0.3073004226708198
2026,Kaytron Allen,RB,Skill,Big Ten,187,2,1,Rounds 6-7,Rounds 2-5,Incorrect,1,0.08035796476793534,0.5126070848024367,0.22294391914449851,0.1840910312851295
2026,Jonah Coleman,RB,Skill,Big Ten,108,1,2,Rounds 2-5,Rounds 6-7,Incorrect,1,0.023250847720383345,0.2608604653894716,0.2628690515509453,0.45301963533919976
2026,Demond Claiborne,RB,Skill,ACC,198,2,2,Rounds 6-7,Rounds 6-7,Correct,0,0.026938292412816468,0.28885568955028446,0.2682670614705922,0.41593895656630686
2026,Emmett Johnson,RB,Skill,Big Ten,161,2,2,Rounds 6-7,Rounds 6-7,Correct,0,0.02821992556338619,0.29799131134306805,0.2694127733742411,0.40437598971930466
2026,Mike Washington,RB,Skill,SEC,122,1,2,Rounds 2-5,Rounds 6-7,Incorrect,1,0.05117138041003561,0.42227410333561827,0.2588534579199233,0.2677010583344228
2026,Seth McGowan,RB,Skill,SEC,237,2,1,Rounds 6-7,Rounds 2-5,Incorrect,1,0.059123658851173766,0.45251152462021316,0.24954943803675322,0.23881537849185985
2026,Robert Henry,RB,Skill,AAC,300,3,2,Undrafted,Rounds 6-7,Incorrect,1,0.020832939636334032,0.24100508206009252,0.2572024683254347,0.48095950997813874
2026,Nicholas Singleton,RB,Skill,Big Ten,165,2,2,Rounds 6-7,Rounds 6-7,Correct,0,0.027007129558575947,0.28935384035906747,0.2683371114749178,0.4153019186074388
2026,Le'Veon Moss,RB,Skill,SEC,300,3,1,Undrafted,Rounds 2-5,Incorrect,2,0.19170562562447357,0.606443193328741,0.12510498758005306,0.0767461934667324
2026,Jam Miller,RB,Skill,SEC,245,2,2,Rounds 6-7,Rounds 6-7,Correct,0,0.02476786173560628,0.2726970809470925,0.26550815562403746,0.43702690169326375
2026,Desmond Reid,RB,Skill,ACC,300,3,3,Undrafted,Undrafted,Correct,0,0.016874860243854962,0.2056207758871547,0.24292322342802092,0.5345811404409695
2026,Eli Heidenreich,RB,Skill,AAC,230,2,3,Rounds 6-7,Undrafted,Incorrect,1,0.016236969336983532,0.199554126655557,0.2398933349915629,0.5443155690158965
2026,J'Mari Taylor,RB,Skill,ACC,300,3,2,Undrafted,Rounds 6-7,Incorrect,1,0.021670668262259364,0.24802700191931423,0.2593892035230115,0.47091312629541493
2026,Roman Hemby,RB,Skill,Big Ten,300,3,3,Undrafted,Undrafted,Correct,0,0.01734709552050257,0.21004406557148558,0.2450205963413563,0.5275882425666556
2026,Rahsul Faison,RB,Skill,SEC,300,3,2,Undrafted,Rounds 6-7,Incorrect,1,0.0400332984973725,0.37008960257533896,0.2688768106031444,0.3210002883241442
2026,Max Bredeson,RB,Skill,Big Ten,159,1,3,Rounds 2-5,Undrafted,Incorrect,2,0.018819860275015553,0.22347963163124587,0.25083152721011287,0.5068689808836258
2026,Adam Randall,RB,Skill,ACC,174,2,2,Rounds 6-7,Rounds 6-7,Correct,0,0.040817903913935534,0.37420707503112677,0.26836731530235114,0.31660770575258657
2026,CJ Donaldson,RB,Skill,Big Ten,300,3,2,Undrafted,Rounds 6-7,Incorrect,1,0.04067861171026483,0.3734814686615922,0.2684606700690949,0.31737924955904806
2026,Noah Whittington,RB,Skill,Big Ten,300,3,1,Undrafted,Rounds 2-5,Incorrect,2,0.09162405613017537,0.5354688099642415,0.20940545300698332,0.16350168089859984
2026,Olaivavega Ioane,IOL,OL,Big Ten,14,0,2,Round 1,Rounds 6-7,Incorrect,2,0.04574158590714525,0.3984427738615206,0.26438358465848955,0.2914320555728446
2026,Connor Lew,IOL,OL,SEC,128,1,3,Rounds 2-5,Undrafted,Incorrect,2,0.013988785841623406,0.17729622467667283,0.2271877484344291,0.5815272410472747
2026,Trey Zuhn III,IOL,OL,SEC,91,1,2,Rounds 2-5,Rounds 6-7,Incorrect,1,0.029431327694919844,0.30636304556994637,0.27020900465931125,0.39399662207582253
2026,Chase Bisontis,IOL,OL,SEC,34,1,2,Rounds 2-5,Rounds 6-7,Incorrect,1,0.048714959110698064,0.41184268645161154,0.26146926772859835,0.27797308670909204
2026,Emmanuel Pregnon,IOL,OL,Big Ten,88,1,1,Rounds 2-5,Rounds 2-5,Correct,0,0.08267930847690153,0.5177470540020136,0.220094145068634,0.17947949245245087
2026,Gennings Dunker,IOL,OL,Big Ten,96,1,2,Rounds 2-5,Rounds 6-7,Incorrect,1,0.05272789380520191,0.42860276851660756,0.2571185664814581,0.2615507711967324
2026,Billy Schrauth,IOL,OL,FBS Independent,160,1,2,Rounds 2-5,Rounds 6-7,Incorrect,1,0.027143713607136924,0.29033971137919373,0.2684731483139621,0.4140434266997073
2026,Alex Harkey,IOL,OL,Big Ten,206,2,2,Rounds 6-7,Rounds 6-7,Correct,0,0.02554189756578663,0.27856184639487847,0.2666199300042349,0.4292763260351
2026,Parker Brailsford,IOL,OL,SEC,146,1,1,Rounds 2-5,Rounds 2-5,Correct,0,0.38837200285208895,0.5253198278243248,0.056194658568399225,0.03011351075518698
2026,Keylan Rutledge,IOL,OL,ACC,26,0,2,Round 1,Rounds 6-7,Incorrect,2,0.04035292878607373,0.3717758811989917,0.26867410013168413,0.31919708988325046
2026,Jake Slaughter,IOL,OL,SEC,63,1,1,Rounds 2-5,Rounds 2-5,Correct,0,0.2628426812566079,0.5931606433522519,0.0916013518147436,0.052395323576396535
2026,Brian Parker II,IOL,OL,ACC,189,2,2,Rounds 6-7,Rounds 6-7,Correct,0,0.0413343693700972,0.3768774663114957,0.26801064680908593,0.31377751750932115
2026,Jager Burton,IOL,OL,SEC,153,1,2,Rounds 2-5,Rounds 6-7,Incorrect,1,0.04209011273240908,0.380729024225542,0.26746005306469683,0.3097208099773521
2026,Matt Gulbin,IOL,OL,Big Ten,209,2,2,Rounds 6-7,Rounds 6-7,Correct,0,0.03142881275776574,0.31963480943922284,0.27098878499407997,0.3779475928089314
2026,Logan Jones,IOL,OL,Big Ten,57,1,2,Rounds 2-5,Rounds 6-7,Incorrect,1,0.055739934916135284,0.44026638162177195,0.25362762765570207,0.2503660558063907
2026,Ar'maj Reed-Adams,IOL,OL,SEC,241,2,1,Rounds 6-7,Rounds 2-5,Incorrect,1,0.3609144068292316,0.5430726580999116,0.0622800830014929,0.03373285206936394
2026,Jalen Farmer,IOL,OL,SEC,113,1,2,Rounds 2-5,Rounds 6-7,Incorrect,1,0.04477304521645583,0.3938842899370627,0.265260166310523,0.29608249853595847
2026,Pat Coogan,IOL,OL,Big Ten,194,2,1,Rounds 6-7,Rounds 2-5,Incorrect,1,0.10364104781156291,0.5547926927839402,0.19589432785674676,0.14567193154775016
2026,Beau Stephens,IOL,OL,Big Ten,148,1,2,Rounds 2-5,Rounds 6-7,Incorrect,1,0.02557915264443285,0.27884122300511444,0.2666697170954002,0.4289099072550525
2026,Sam Hecht,IOL,OL,Big 12,144,1,3,Rounds 2-5,Undrafted,Incorrect,2,0.013809768007274743,0.17546285618292595,0.22602503330815937,0.58470234250164
2026,DJ Campbell,IOL,OL,SEC,200,2,1,Rounds 6-7,Rounds 2-5,Incorrect,1,0.38270988927764193,0.5290783775904108,0.05739225017551175,0.03081948295643555
2026,Evan Beerntsen,IOL,OL,Big Ten,253,2,3,Rounds 6-7,Undrafted,Incorrect,1,0.01580825032339734,0.19541643585250343,0.2377230788525362,0.551052234971563
2026,Garrett DiGiorgio,IOL,OL,Big Ten,300,3,3,Undrafted,Undrafted,Correct,0,0.01867400258545963,0.2221727704547618,0.2503024800972391,0.5088507468625394
2026,Anez Cooper,IOL,OL,ACC,188,2,2,Rounds 6-7,Rounds 6-7,Correct,0,0.03925317031910879,0.36592162453399624,0.26934228129736093,0.32548292384953403
2026,Joshua Braun,IOL,OL,SEC,300,3,2,Undrafted,Rounds 6-7,Incorrect,1,0.047138480691241706,0.404847372053193,0.2630533583215833,0.284960788933982
2026,Jaeden Roberts,IOL,OL,SEC,300,3,2,Undrafted,Rounds 6-7,Incorrect,1,0.03924486018599939,0.36587682285914835,0.26934700860754046,0.3255313083473118
2026,Dillon Wade,IOL,OL,SEC,300,3,2,Undrafted,Rounds 6-7,Incorrect,1,0.03877758873093158,0.36334381927738973,0.2696046946857724,0.3282738973059063
2026,Micah Morris,IOL,OL,SEC,207,2,1,Rounds 6-7,Rounds 2-5,Incorrect,1,0.061113252357582255,0.4593162598252133,0.24709749084881882,0.23247299696838564
2026,Febechi Nwaiwu,IOL,OL,SEC,106,1,2,Rounds 2-5,Rounds 6-7,Incorrect,1,0.02219341717046182,0.25233114721991323,0.26062972415510516,0.4648457114545198
2026,Fernando Carmona,IOL,OL,SEC,142,1,2,Rounds 2-5,Rounds 6-7,Incorrect,1,0.021282806361793954,0.2447951458935124,0.2584080736069026,0.47551397413779106
2026,Logan Taylor,IOL,OL,ACC,202,2,2,Rounds 6-7,Rounds 6-7,Correct,0,0.028850771810588455,0.3023822192594502,0.26986023797271724,0.39890677095724414
2026,Jeremiah Wright,IOL,OL,SEC,132,1,2,Rounds 2-5,Rounds 6-7,Incorrect,1,0.01936972902651361,0.22836055813939438,0.25274013736221446,0.4995295754718776
2026,Jordyn Tyson,WR,Skill,Big 12,8,0,1,Round 1,Rounds 2-5,Incorrect,1,0.23712887947241854,0.601118398461213,0.10210958703279516,0.059643135033573325
2026,Carnell Tate,WR,Skill,Big Ten,4,0,2,Round 1,Rounds 6-7,Incorrect,2,0.05295243216043569,0.42949837320377005,0.2568640195475313,0.26068517508826294
2026,Omar Cooper Jr.,WR,Skill,Big Ten,30,0,1,Round 1,Rounds 2-5,Incorrect,1,0.06870633728651619,0.4828587938667377,0.23755542566902021,0.2108794431777259
2026,Makai Lemon,WR,Skill,Big Ten,20,0,1,Round 1,Rounds 2-5,Incorrect,1,0.29380525710673383,0.5801900451479023,0.08076096043882042,0.04524373730654341
2026,KC Concepcion,WR,Skill,SEC,24,0,1,Round 1,Rounds 2-5,Incorrect,1,0.24061911850457193,0.6002142002486962,0.1005911738841837,0.05857550736254813
2026,Denzel Boston,WR,Skill,Big Ten,39,1,2,Rounds 2-5,Rounds 6-7,Incorrect,1,0.05345617617309931,0.43149202399382547,0.25628933548435634,0.25876246434871886
2026,Germie Bernard,WR,Skill,SEC,47,1,1,Rounds 2-5,Rounds 2-5,Correct,0,0.057712280565919614,0.44750978352925497,0.2512667804080876,0.24351115549673785
2026,Brenen Thompson,WR,Skill,SEC,105,1,2,Rounds 2-5,Rounds 6-7,Incorrect,1,0.046143596442791354,0.4003062600969038,0.2640084103194986,0.2895417331408062
2026,Zachariah Branch,WR,Skill,SEC,79,1,1,Rounds 2-5,Rounds 2-5,Correct,0,0.06729642607236974,0.4787599938317755,0.23933820182025967,0.21460537827559512
2026,Chris Brazzell II,WR,Skill,SEC,83,1,1,Rounds 2-5,Rounds 2-5,Correct,0,0.07525645322854482,0.5004359641901376,0.2292931711228794,0.19501441145843823
2026,Malachi Fields,WR,Skill,FBS Independent,74,1,2,Rounds 2-5,Rounds 6-7,Incorrect,1,0.05277479066453215,0.428790180108748,0.2570654862008714,0.26136954302584847
2026,Eric McAlister,WR,Skill,Big 12,300,3,2,Undrafted,Rounds 6-7,Incorrect,1,0.02025380688512591,0.23605915595987642,0.2555385488770376,0.4881484882779601
2026,Antonio Williams,WR,Skill,ACC,71,1,1,Rounds 2-5,Rounds 2-5,Correct,0,0.06296348120326428,0.4653966297545021,0.24479239283362508,0.22684749620860856
2026,Elijah Sarratt,WR,Skill,Big Ten,115,1,1,Rounds 2-5,Rounds 2-5,Correct,0,0.11410845175006021,0.5681747660566605,0.18497379027877348,0.13274299191450578
2026,Chris Bell,WR,Skill,ACC,94,1,2,Rounds 2-5,Rounds 6-7,Incorrect,1,0.04506835849022354,0.3952846166354555,0.2649971170245764,0.29464990784974454
2026,Kevin Coleman Jr.,WR,Skill,SEC,177,2,2,Rounds 6-7,Rounds 6-7,Correct,0,0.04595075080577138,0.399414411288944,0.26418918259168916,0.29044565531359545
2026,Eric Rivers,WR,Skill,ACC,300,3,2,Undrafted,Rounds 6-7,Incorrect,1,0.03996937841842766,0.36975089580755766,0.26891652942611266,0.321363196347902
2026,Josh Cameron,WR,Skill,Big 12,191,2,2,Rounds 6-7,Rounds 6-7,Correct,0,0.024787926110063092,0.2728505705335939,0.2655388839925307,0.4368226193638123
2026,Vinny Anthony II,WR,Skill,Big Ten,300,3,2,Undrafted,Rounds 6-7,Incorrect,1,0.022106922161224188,0.2516230307307665,0.2604307836549271,0.46583926345308224
2026,Skyler Bell,WR,Skill,FBS Independent,125,1,1,Rounds 2-5,Rounds 2-5,Correct,0,0.316306486853735,0.5689249580590299,0.07389609660775809,0.04087245847947696
2026,Ted Hurst,WR,Skill,Sun Belt,84,1,2,Rounds 2-5,Rounds 6-7,Incorrect,1,0.021995652190480736,0.2507097307797597,0.26017121321870135,0.4671234038110582
2026,Jeff Caldwell,WR,Skill,Big 12,300,3,2,Undrafted,Rounds 6-7,Incorrect,1,0.04896086824064114,0.4129122523424609,0.2612150211084915,0.2769118583084065
2026,Reggie Virgil,WR,Skill,Big 12,143,1,2,Rounds 2-5,Rounds 6-7,Incorrect,1,0.03653161312777888,0.35077879207108004,0.2706017887210194,0.3420878060801217
2026,Ja'Kobi Lane,WR,Skill,Big Ten,80,1,1,Rounds 2-5,Rounds 2-5,Correct,0,0.06965231854797815,0.48554364316092036,0.2363589033985506,0.2084451348925509
2026,Deion Burks,WR,Skill,SEC,254,2,1,Rounds 6-7,Rounds 2-5,Incorrect,1,0.11279872006763556,0.5666550759875087,0.18629694462975965,0.13424925931509601
2026,Barion Brown,WR,Skill,SEC,190,2,1,Rounds 6-7,Rounds 2-5,Incorrect,1,0.06820707804289418,0.48142083652764367,0.23818686712042247,0.2121852183090397
2026,Aaron Anderson,WR,Skill,SEC,300,3,2,Undrafted,Rounds 6-7,Incorrect,1,0.021427613602841344,0.24600560464304366,0.258780572987446,0.473786208766669
2026,Zavion Thomas,WR,Skill,SEC,89,1,2,Rounds 2-5,Rounds 6-7,Incorrect,1,0.055853590953065434,0.44069203007406915,0.2534930004819009,0.24996137849096456
2026,J. Michael Sturdivant,WR,Skill,SEC,300,3,1,Undrafted,Rounds 2-5,Incorrect,2,0.07627032943824348,0.5029550287845515,0.2280232169838844,0.19275142479332064
2026,Kendrick Law,WR,Skill,SEC,168,2,1,Rounds 6-7,Rounds 2-5,Incorrect,1,0.06471797806262786,0.47095147941109555,0.24259080042454495,0.22173974210173164
2026,Chase Roberts,WR,Skill,Big 12,300,3,2,Undrafted,Rounds 6-7,Incorrect,1,0.042141064679255026,0.3809863298058046,0.26742175316529904,0.3094508523496413
2026,CJ Daniels,WR,Skill,ACC,197,2,2,Rounds 6-7,Rounds 6-7,Correct,0,0.05417816971520683,0.4343122478810481,0.2554573845812406,0.25605219782250443
2026,De'Zhaun Stribling,WR,Skill,SEC,33,1,1,Rounds 2-5,Rounds 2-5,Correct,0,0.0819141900375944,0.5160791756814543,0.22103035604079868,0.1809762782401526
2026,Harrison Wallace III,WR,Skill,SEC,300,3,2,Undrafted,Rounds 6-7,Incorrect,1,0.046324321319546405,0.4011386062578991,0.26383768471269603,0.2886993877098585
2026,Kaden Wetjen,WR,Skill,Big Ten,121,1,1,Rounds 2-5,Rounds 2-5,Correct,0,0.269024989878387,0.5908382674308521,0.08929176125153826,0.05084498143922256
2026,Caullin Lacy,WR,Skill,ACC,300,3,2,Undrafted,Rounds 6-7,Incorrect,1,0.029759699996390613,0.3085896064091761,0.2703807185444306,0.3912699750500027
2026,Colbie Young,WR,Skill,SEC,140,1,1,Rounds 2-5,Rounds 2-5,Correct,0,0.1070107546706992,0.5594197180004745,0.19229211634418641,0.14127741098463986
2026,Caleb Douglas,WR,Skill,Big 12,75,1,2,Rounds 2-5,Rounds 6-7,Incorrect,1,0.04727321633604216,0.4054547436200803,0.26292124131361383,0.2843507987302637
2026,Jordan Hudson,WR,Skill,ACC,300,3,2,Undrafted,Rounds 6-7,Incorrect,1,0.05240966025869052,0.42732603223839366,0.2574775632431144,0.2627867442598014
2026,Donaven McCulley,WR,Skill,Big Ten,300,3,2,Undrafted,Rounds 6-7,Incorrect,1,0.04821482301279379,0.4096495589616827,0.2619806119579667,0.28015500606755683
2026,Dillon Bell,WR,Skill,SEC,300,3,1,Undrafted,Rounds 2-5,Incorrect,2,0.09988963240818355,0.5492542578032134,0.20000154186884433,0.15085456791975882
2026,Emmanuel Henderson Jr.,WR,Skill,Big 12,199,2,3,Rounds 6-7,Undrafted,Incorrect,1,0.01522237792572258,0.18968189969238194,0.23457304952226116,0.5605226728596343
2026,Malik Benson,WR,Skill,Big Ten,195,2,2,Rounds 6-7,Rounds 6-7,Correct,0,0.03924459623814464,0.36587539972041133,0.26934715867553016,0.32553284536591387
2026,Chris Hilton Jr.,WR,Skill,SEC,300,3,2,Undrafted,Rounds 6-7,Incorrect,1,0.04203418919297369,0.3804462706354769,0.26750192212227797,0.3100176180492714
