Season,Player,Position,Conference,Overall Pick,Actual Tier Number,Predicted Tier Number,Actual Tier,Predicted Tier,Correct,Ordinal Error,Prob Round 1,Prob Rounds 2-3,Prob Rounds 4-5,Prob Rounds 6-7,Prob Undrafted,Early Round Probability
2026,Chris Adams,OT,AAC,300,4,2,Undrafted,Rounds 4-5,Incorrect,2,0.05763221487558504,0.2056384877849459,0.24131512036197317,0.2756249093312694,0.21978926764622653,0.26327070266053093
2026,Austin Barber,OT,SEC,86,1,3,Rounds 2-3,Rounds 6-7,Incorrect,2,0.038274303567610544,0.15039586392969867,0.20993200794839503,0.29928528138926097,0.3021125431650348,0.18867016749730922
2026,Markel Bell,OT,ACC,68,1,3,Rounds 2-3,Rounds 6-7,Incorrect,2,0.03266316532485792,0.1321252781071304,0.195147765517423,0.30221824294015914,0.33784554811042955,0.1647884434319883
2026,Jude Bowry,OT,ACC,102,2,3,Rounds 4-5,Rounds 6-7,Incorrect,1,0.0415446692120101,0.1605461569505127,0.21714869579159654,0.29634325493950936,0.2844172231063713,0.2020908261625228
2026,Travis Burke,OT,AAC,117,2,3,Rounds 4-5,Rounds 6-7,Incorrect,1,0.018353280704369323,0.08013398207845548,0.13895288707001685,0.2829948675769044,0.47956498257025393,0.09848726278282481
2026,Kage Casey,OT,Mountain West,111,2,3,Rounds 4-5,Rounds 6-7,Incorrect,1,0.02111899734202584,0.09083247434991706,0.15237929869964456,0.29167612630456174,0.4439931033038508,0.1119514716919429
2026,Dametrious Crownover,OT,SEC,196,3,2,Rounds 6-7,Rounds 4-5,Incorrect,1,0.0658325631210667,0.2258420164324524,0.2482692797612433,0.2636118568577327,0.1964442838275049,0.2916745795535191
2026,Enrique Cruz Jr.,OT,Big 12,179,3,2,Rounds 6-7,Rounds 4-5,Incorrect,1,0.08215880337733886,0.26126033321282005,0.2550972899677497,0.2400822613293251,0.16140131211276632,0.3434191365901589
2026,J.C. Davis,OT,Big Ten,192,3,2,Rounds 6-7,Rounds 4-5,Incorrect,1,0.05683032767871935,0.2035678843132793,0.24047220314592477,0.2767811173630059,0.22234846749907067,0.26039821199199864
2026,Fa'alili Fa'amoe,OT,ACC,300,4,4,Undrafted,Undrafted,Correct,0,0.011150913279811254,0.050667391262247126,0.09629113418592258,0.2374956006839791,0.6043949605880399,0.06181830454205838
2026,Spencer Fano,OT,Big 12,9,0,0,Round 1,Round 1,Correct,0,0.6356850775394333,0.2749944887854432,0.056052980884799375,0.023490413131544208,0.009777039658779962,0.9106795663248765
2026,Monroe Freeling,OT,SEC,19,0,1,Round 1,Rounds 2-3,Incorrect,1,0.2533810444763916,0.4113870507277663,0.18489961602191285,0.1020198751106236,0.04831241366330563,0.6647680952041579
2026,Alan Herron,OT,Big Ten,300,4,3,Undrafted,Rounds 6-7,Incorrect,1,0.05235097146251739,0.1916740491388076,0.23514804244878462,0.2831023383327896,0.23772459861710082,0.24402502060132497
2026,Max Iheanachor,OT,Big 12,21,0,2,Round 1,Rounds 4-5,Incorrect,2,0.06805181016706874,0.23101791140041134,0.2496873082596957,0.260347308736144,0.19089566143668024,0.2990697215674801
2026,Caleb Lomu,OT,Big 12,28,0,0,Round 1,Round 1,Correct,0,0.586026596129114,0.30611827896173727,0.06716470599127666,0.02866663823373894,0.012023780684133123,0.8921448750908513
2026,Francis Mauigoa,OT,ACC,10,0,0,Round 1,Round 1,Correct,0,0.614501844495901,0.28854545728511105,0.06065168225736317,0.025608744987002496,0.010692270974622331,0.903047301781012
2026,Blake Miller,OT,ACC,17,0,2,Round 1,Rounds 4-5,Incorrect,2,0.11078407953742911,0.31050573700688333,0.25349367128488043,0.20373253445848405,0.12148397771232311,0.4212898165443124
2026,Diego Pounds,OT,SEC,300,4,2,Undrafted,Rounds 4-5,Incorrect,2,0.10008604992875665,0.2938032751759912,0.25550749144099705,0.21647488321114794,0.13412830024310718,0.39388932510474783
2026,Kadyn Proctor,OT,SEC,12,0,0,Round 1,Round 1,Correct,0,0.6369256180074798,0.2741890283070795,0.0557898691943689,0.023370206508127822,0.00972527798294398,0.9111146463145593
2026,Drew Shelton,OT,Big Ten,112,2,2,Rounds 4-5,Rounds 4-5,Correct,0,0.09754675117781943,0.289555575940673,0.25577454844200725,0.21964831353247372,0.13747481090702662,0.3871023271184924
2026,Caleb Tiernan,OT,Big Ten,97,2,2,Rounds 4-5,Rounds 4-5,Correct,0,0.102489165558494,0.29772042251943387,0.25517420115507894,0.21352452810472777,0.13109168266226545,0.40020958807792784
2026,Keagen Trost,OT,SEC,93,1,1,Rounds 2-3,Rounds 2-3,Correct,0,0.1747572878644623,0.3782914919448651,0.22604244035306476,0.1456742121155542,0.07523456772205361,0.5530487798093274
2026,Aamil Wagner,OT,FBS Independent,300,4,2,Undrafted,Rounds 4-5,Incorrect,2,0.10371629270609803,0.2996829042220549,0.2549755602141275,0.21203775173339512,0.12958749112432444,0.40339919692815296
2026,Carver Willis,OT,Big Ten,127,2,3,Rounds 4-5,Rounds 6-7,Incorrect,1,0.02937557765876098,0.12089253443608339,0.18485181495638547,0.30212652643920046,0.3627535465095697,0.15026811209484436
2026,Sonny Styles,LB,Big Ten,7,0,0,Round 1,Round 1,Correct,0,0.7133403481292842,0.2223117400404503,0.040786941344711725,0.01668533479631129,0.006875635689242543,0.9356520881697344
2026,Anthony Hill,LB,SEC,60,1,0,Rounds 2-3,Round 1,Incorrect,1,0.5987163204775797,0.2983823681905121,0.06421358966438184,0.027272515304191502,0.011415206363334818,0.8970986886680918
2026,Jake Golday,LB,Big 12,51,1,3,Rounds 2-3,Rounds 6-7,Incorrect,2,0.018794910973754776,0.08186450072008908,0.14119534372244313,0.28462380328892556,0.47352144129478746,0.10065941169384385
2026,Josiah Trotter,LB,SEC,46,1,2,Rounds 2-3,Rounds 4-5,Incorrect,1,0.12263711447296614,0.3269312620679941,0.2499418634318643,0.19076130399738733,0.10972845602978809,0.44956837654096027
2026,CJ Allen,LB,SEC,53,1,1,Rounds 2-3,Rounds 2-3,Correct,0,0.21121860090320244,0.3988690333707966,0.20674922185730682,0.12271477442498457,0.06044836944370957,0.610087634273999
2026,Kyle Louis,LB,ACC,138,2,3,Rounds 4-5,Rounds 6-7,Incorrect,1,0.05595268428779244,0.20128154541239363,0.2395127812474428,0.27803952871625737,0.22521346033611378,0.25723422970018606
2026,Jacob Rodriguez,LB,Big 12,43,1,1,Rounds 2-3,Rounds 2-3,Correct,0,0.474988173466123,0.3659393186126737,0.09683429864986592,0.04355147538283266,0.018686733888504725,0.8409274920787967
2026,Lander Barton,LB,Big 12,300,4,4,Undrafted,Undrafted,Correct,0,0.008714959569729924,0.04014584522266667,0.07885549214099802,0.21016452953161316,0.6621191735349923,0.048860804792396594
2026,Harold Perkins Jr.,LB,SEC,215,3,4,Rounds 6-7,Undrafted,Incorrect,1,0.004426806933191717,0.020896912736620244,0.0436230071601737,0.13620012060920172,0.7948531525608127,0.02532371966981196
2026,Red Murdock,LB,MAC,257,3,0,Rounds 6-7,Round 1,Incorrect,3,0.7798313470761559,0.1740780680629307,0.029420707492943232,0.01182941390084613,0.004840463467124079,0.9539094151390866
2026,Keyshaun Elliott,LB,Big 12,166,3,3,Rounds 6-7,Rounds 6-7,Correct,0,0.03718781167789507,0.14694397578480703,0.20731862272918833,0.30009015530311633,0.30845943450499325,0.1841317874627021
2026,Deontae Lawson,LB,SEC,300,4,3,Undrafted,Rounds 6-7,Incorrect,1,0.026003313223556156,0.10894379509552683,0.1728312680709971,0.3000099105153262,0.3922117130945937,0.134947108319083
2026,Bryce Boettcher,LB,Big Ten,135,2,2,Rounds 4-5,Rounds 4-5,Correct,0,0.07755907203639326,0.2518835055204909,0.25393985887842146,0.246560838629027,0.17005672493566737,0.3294425775568841
2026,Taurean York,LB,SEC,300,4,2,Undrafted,Rounds 4-5,Incorrect,2,0.13895056786777535,0.3463642888800149,0.24350120708473233,0.1747224660249992,0.09646147014247819,0.4853148567477903
2026,Jimmy Rolder,LB,Big Ten,118,2,3,Rounds 4-5,Rounds 6-7,Incorrect,1,0.03349919375950082,0.13491829720519566,0.1975622280174028,0.30199695091832385,0.33202333009957685,0.1684174909646965
2026,Aiden Fisher,LB,Big Ten,243,3,1,Rounds 6-7,Rounds 2-3,Incorrect,2,0.335421146908665,0.4113584005451004,0.14690014312202215,0.07331236897427873,0.033007940449933715,0.7467795474537654
2026,Wade Woodaz,LB,ACC,123,2,3,Rounds 4-5,Rounds 6-7,Incorrect,1,0.0186143622991487,0.08115805466931397,0.1402832573467428,0.28396999165138526,0.4759743340334093,0.09977241696846267
2026,Jack Kelly,LB,Big 12,193,3,3,Rounds 6-7,Rounds 6-7,Correct,0,0.05112063654395407,0.18830751420132114,0.23348946308890392,0.2847832051479095,0.24229918101791137,0.2394281507452752
2026,Kaleb Elarms-Orr,LB,Big 12,126,2,2,Rounds 4-5,Rounds 4-5,Correct,0,0.07309107175466938,0.24233487336524956,0.2522827238797124,0.25298580121758907,0.17930552978277958,0.31542594511991895
2026,Scooby Williams,LB,SEC,300,4,4,Undrafted,Undrafted,Correct,0,0.009471010078401525,0.04344271815536452,0.0844517703949859,0.21954593219846633,0.6430885691727817,0.05291372823376604
2026,Justin Jefferson,LB,SEC,149,2,3,Rounds 4-5,Rounds 6-7,Incorrect,1,0.0493780520552444,0.1834636708169808,0.2309834249932271,0.2871085734809364,0.2490662786536113,0.2328417228722252
2026,Xavian Sorey,LB,SEC,300,4,3,Undrafted,Rounds 6-7,Incorrect,1,0.030270651061068344,0.12399069454629401,0.18778671294289498,0.30231922836725866,0.355632713082484,0.15426134560736235
2026,Namdi Obiazor,LB,Big 12,212,3,3,Rounds 6-7,Rounds 6-7,Correct,0,0.030827753677357624,0.1259038107549992,0.18956251392713022,0.3023721922443248,0.3513337293961881,0.15673156443235683
2026,Owen Heinecke,LB,SEC,300,4,3,Undrafted,Rounds 6-7,Incorrect,1,0.03334297854033524,0.13439833275500554,0.19711704995364634,0.3020449417519278,0.33309669699908506,0.16774131129534078
2026,Kendal Daniels,LB,SEC,134,2,3,Rounds 4-5,Rounds 6-7,Incorrect,1,0.03274156783772671,0.13238828452130819,0.1953775592783252,0.3022012748703903,0.3372913134922496,0.16512985235903488
2026,Eric Gentry,LB,Big Ten,300,4,3,Undrafted,Rounds 6-7,Incorrect,1,0.03237708211102087,0.13116369202374634,0.1943032790865432,0.3022732802232644,0.3398826665554252,0.1635407741347672
2026,Karson Sharar,LB,Big Ten,183,3,2,Rounds 6-7,Rounds 4-5,Incorrect,1,0.08976674124618725,0.2758169486727319,0.2559754814896535,0.22972673604537253,0.14871409254605483,0.3655836899189191
2026,Wesley Bissainthe,LB,ACC,300,4,3,Undrafted,Rounds 6-7,Incorrect,1,0.029555218018462615,0.12151676138991788,0.18544906359374838,0.30217626976208695,0.3613026872357842,0.1510719794083805
2026,Rueben Bain Jr.,EDGE,ACC,15,0,1,Round 1,Rounds 2-3,Incorrect,1,0.38148737584136033,0.40130883423362057,0.12848807746255786,0.061542355466551846,0.027173356995909392,0.7827962100749809
2026,Arvell Reese,EDGE,Big Ten,5,0,1,Round 1,Rounds 2-3,Incorrect,1,0.3543734576702322,0.4079402205942465,0.13907832085102412,0.06817549748974139,0.030432503394755783,0.7623136782644787
2026,David Bailey,EDGE,Big 12,2,0,0,Round 1,Round 1,Correct,0,0.5911256779284109,0.30302872032680617,0.065969247746679,0.028100165009241285,0.01177618898886268,0.894154398255217
2026,Cashius Howell,EDGE,SEC,41,1,1,Rounds 2-3,Rounds 2-3,Correct,0,0.37086914199046056,0.404134969769078,0.1325531910048542,0.0640472146496901,0.028395482585917176,0.7750041117595385
2026,Akheem Mesidor,EDGE,ACC,22,0,2,Round 1,Rounds 4-5,Incorrect,2,0.11838037514863188,0.32126989402772405,0.251350040484229,0.19528547438232635,0.11371421595708875,0.4396502691763559
2026,R Mason Thomas,EDGE,SEC,40,1,1,Rounds 2-3,Rounds 2-3,Correct,0,0.18661500559073482,0.38614462524764437,0.21981267023490236,0.13758134688642254,0.06984635204029588,0.5727596308383792
2026,T.J. Parker,EDGE,ACC,35,1,1,Rounds 2-3,Rounds 2-3,Correct,0,0.3667377497451582,0.40515656351417245,0.13416320727057007,0.06505323467798318,0.028889244792116076,0.7718943132593307
2026,Anthony Lucas,EDGE,Big Ten,300,4,3,Undrafted,Rounds 6-7,Incorrect,1,0.04838255464725806,0.18065607292326702,0.22946552088423033,0.28840309698251176,0.25309275456273284,0.22903862757052507
2026,Malachi Lawrence,EDGE,Big 12,23,0,2,Round 1,Rounds 4-5,Incorrect,2,0.06743133221736568,0.22958285443710397,0.24930877495084125,0.2612592333205319,0.19241780507415718,0.29701418665446966
2026,Gabe Jacas,EDGE,Big Ten,55,1,3,Rounds 2-3,Rounds 6-7,Incorrect,2,0.034720973228322224,0.13895479256075077,0.20095166965799638,0.30152278032486496,0.32384978422806565,0.173675765789073
2026,Joshua Josephs,EDGE,SEC,147,2,2,Rounds 4-5,Rounds 4-5,Correct,0,0.08360978209844692,0.26412627801563165,0.2553585121009199,0.2380711106115867,0.15883431717341479,0.3477360601140786
2026,Zion Young,EDGE,SEC,45,1,4,Rounds 2-3,Undrafted,Incorrect,3,0.009360273702039283,0.04296161021218117,0.08364277824046462,0.21822630556115793,0.645809032284157,0.052321883914220456
2026,Romello Height,EDGE,Big 12,70,1,2,Rounds 2-3,Rounds 4-5,Incorrect,1,0.07052727883919145,0.23665158055546182,0.25106548540480045,0.256719254263168,0.18503640093737828,0.3071788593946533
2026,Keyron Crawford,EDGE,SEC,67,1,3,Rounds 2-3,Rounds 6-7,Incorrect,2,0.02469420524648928,0.10418486905937126,0.167724384990736,0.2984813576361716,0.40491518306723184,0.12887907430586054
2026,Derrick Moore,EDGE,Big Ten,44,1,2,Rounds 2-3,Rounds 4-5,Incorrect,1,0.07629448348608711,0.24922587654935094,0.253527272957388,0.2483673065100127,0.17258506049716127,0.32552036003543805
2026,Dani Dennis-Sutton,EDGE,Big Ten,120,2,1,Rounds 4-5,Rounds 2-3,Incorrect,1,0.2183551138673493,0.40175093516736327,0.2029774693583417,0.11882728848777524,0.05808919311917049,0.6201060490347126
2026,Nadame Tucker,EDGE,MAC,300,4,3,Undrafted,Rounds 6-7,Incorrect,1,0.05284963488713036,0.1930261073753196,0.2357951448072269,0.2824130755126917,0.23591603741763145,0.24587574226244996
2026,Tyreak Sapp,EDGE,SEC,300,4,2,Undrafted,Rounds 4-5,Incorrect,2,0.06387574490784767,0.22117745442320466,0.24686564252794663,0.2664934024996598,0.20158775564134124,0.28505319933105233
2026,Wesley Williams,EDGE,ACC,119,2,3,Rounds 4-5,Rounds 6-7,Incorrect,1,0.04355608312012338,0.16661465176736892,0.22113763152691304,0.29421676177546635,0.2744748718101283,0.2101707348874923
2026,Caden Curry,EDGE,Big Ten,214,3,3,Rounds 6-7,Rounds 6-7,Correct,0,0.04421305995119816,0.16856867899395667,0.222371295326148,0.29347916308182165,0.27136780264687554,0.21278173894515484
2026,Quintayvious Hutchins,EDGE,ACC,247,3,4,Rounds 6-7,Undrafted,Incorrect,1,0.016929371894912858,0.07449594397333023,0.13145262894492865,0.27701652998566817,0.5001055252011601,0.0914253158682431
2026,Trey Moore,EDGE,SEC,130,2,2,Rounds 4-5,Rounds 4-5,Correct,0,0.12225345267742485,0.32643153264738667,0.2500742106562435,0.191163063338464,0.11007774068048093,0.4486849853248115
2026,Vincent Anthony Jr.,EDGE,ACC,300,4,3,Undrafted,Rounds 6-7,Incorrect,1,0.04148522643055252,0.1603648221230568,0.21702579613625472,0.29640279823410387,0.2847213570760321,0.20185004855360933
2026,Logan Fano,EDGE,Big 12,300,4,3,Undrafted,Rounds 6-7,Incorrect,1,0.03179994785853527,0.12921470342362235,0.1925706823278083,0.30235047525757197,0.3440641911324621,0.1610146512821576
2026,Max Llewellyn,EDGE,Big Ten,238,3,3,Rounds 6-7,Rounds 6-7,Correct,0,0.02648856586368371,0.11069048200722283,0.17465933487076793,0.3004668042047602,0.38769481305356535,0.13717904787090654
2026,George Gumbs Jr.,EDGE,SEC,156,2,2,Rounds 4-5,Rounds 4-5,Correct,0,0.06478438487035683,0.22335530397473186,0.24753589185141844,0.26515542503830625,0.19916899426518664,0.28813968884508867
2026,Patrick Payton,EDGE,SEC,300,4,3,Undrafted,Rounds 6-7,Incorrect,1,0.03875986762033501,0.1519255452797106,0.21106400449096643,0.298895311619289,0.29935527098969894,0.19068541290004562
2026,Aidan Hubbard,EDGE,Big Ten,300,4,3,Undrafted,Rounds 6-7,Incorrect,1,0.04962117953461232,0.1841448701264757,0.23134444911743493,0.28678845863504765,0.2481010425864294,0.23376604966108802
2026,Jack Pyburn,EDGE,SEC,300,4,3,Undrafted,Rounds 6-7,Incorrect,1,0.04476509822824576,0.17020003283215038,0.22338251460577083,0.2928446608804031,0.2688076934534299,0.21496513106039614
2026,Marvin Jones Jr.,EDGE,SEC,300,4,2,Undrafted,Rounds 4-5,Incorrect,2,0.09145228052163976,0.27888878951806273,0.25601778757319965,0.22749820887055006,0.14614293351654783,0.3703410700397025
2026,Nyjalik Kelly,EDGE,Big 12,300,4,3,Undrafted,Rounds 6-7,Incorrect,1,0.03417250957832209,0.1371493915947961,0.19945018296390962,0.3017567638354766,0.32747115202749555,0.17132190117311819
2026,Mason Reiger,EDGE,Big Ten,300,4,2,Undrafted,Rounds 4-5,Incorrect,2,0.07385964821554905,0.24400922801931277,0.2526083763349871,0.25187257998767487,0.1776501674424762,0.3178688762348618
2026,Peter Woods,DL,ACC,29,0,1,Round 1,Rounds 2-3,Incorrect,1,0.39346123037109626,0.39779099592746814,0.12402725396530612,0.05884955932397695,0.025870960412152533,0.7912522262985644
2026,Lee Hunter,DL,Big 12,49,1,3,Rounds 2-3,Rounds 6-7,Incorrect,2,0.029866510942225713,0.12259557038103154,0.18647419524754902,0.3022491415000169,0.3588145819291768,0.15246208132325725
2026,Kayden McDonald,DL,Big Ten,36,1,2,Rounds 2-3,Rounds 4-5,Incorrect,1,0.07810293310969371,0.25301575140793864,0.25410427385222034,0.245787114629881,0.16898992700026627,0.3311186845176324
2026,Keldric Faulk,DL,SEC,31,0,0,Round 1,Round 1,Correct,0,0.5274699406977886,0.3395965645092318,0.08188822700791454,0.03584610813064437,0.015199159654420646,0.8670665052070204
2026,Christen Miller,DL,SEC,42,1,2,Rounds 2-3,Rounds 4-5,Incorrect,1,0.09955363732376432,0.2929219956385256,0.2555709394912672,0.217135494132623,0.13481793341381987,0.39247563296228993
2026,Caleb Banks,DL,SEC,18,0,2,Round 1,Rounds 4-5,Incorrect,2,0.10508670601620197,0.3018448388715173,0.254732073079779,0.21039313434893325,0.12794324768356846,0.40693154488771927
2026,Jaishawn Barham,DL,Big Ten,92,1,3,Rounds 2-3,Rounds 6-7,Incorrect,2,0.043837072345858305,0.16745206731571172,0.22166933219757115,0.29390369285203266,0.2731378352888262,0.21128913966157004
2026,Chris McClellan,DL,SEC,77,1,2,Rounds 2-3,Rounds 4-5,Incorrect,1,0.08461885628554702,0.2660940100815271,0.2555128053017421,0.23668221898573283,0.15709210934545093,0.3507128663670741
2026,Rayshaun Benny,DL,Big Ten,250,3,3,Rounds 6-7,Rounds 6-7,Correct,0,0.023739744834990563,0.10067167317369394,0.16383401502133121,0.2970693820280921,0.4146851849418922,0.1244114180086845
2026,Domonique Orange,DL,Big 12,82,1,3,Rounds 2-3,Rounds 6-7,Incorrect,2,0.019880864005066494,0.08608373842374753,0.1465475384691497,0.28822046533756407,0.45926739376447223,0.10596460242881403
2026,Dontae Corleone,DL,Big 12,300,4,3,Undrafted,Rounds 6-7,Incorrect,1,0.0561334572893097,0.20175420450538656,0.23971360085457977,0.27778097784967054,0.22461775950105345,0.25788766179469624
2026,Nick Barrett,DL,SEC,145,2,2,Rounds 4-5,Rounds 4-5,Correct,0,0.06804696970231462,0.23100675221319167,0.24968440789917745,0.2603544196456017,0.19090745053971458,0.2990537219155063
2026,Darrell Jackson Jr.,DL,ACC,103,2,3,Rounds 4-5,Rounds 6-7,Incorrect,1,0.027526032346605948,0.11439383345594184,0.17845417819456894,0.30126187010546784,0.37836408589741544,0.14191986580254778
2026,LT Overton,DL,SEC,137,2,0,Rounds 4-5,Round 1,Incorrect,2,0.6207243995916408,0.2846054209458595,0.059279743218353276,0.02497331542251735,0.010417120821629045,0.9053298205375003
2026,Tim Keenan,DL,SEC,232,3,3,Rounds 6-7,Rounds 6-7,Correct,0,0.043259332506951284,0.1657275310289582,0.2205694418117023,0.2945433687188169,0.2759003259335713,0.2089868635359095
2026,Zxavian Harris,DL,SEC,300,4,3,Undrafted,Rounds 6-7,Incorrect,1,0.03122273853331039,0.1272531920015448,0.19079843154686826,0.30238035769908056,0.348345280219196,0.1584759305348552
2026,Skyler Gill-Howard,DL,Big 12,205,3,3,Rounds 6-7,Rounds 6-7,Correct,0,0.0425105029385968,0.16347639822791643,0.21910474958159193,0.29534834816575795,0.2795600010861369,0.20598690116651325
2026,Gracen Halton,DL,SEC,107,2,2,Rounds 4-5,Rounds 4-5,Correct,0,0.10609482733074369,0.3034154558163241,0.2545388740227977,0.20919388312862308,0.12675695970151146,0.40951028314706783
2026,DeMonte Capehart,DL,ACC,155,2,2,Rounds 4-5,Rounds 4-5,Correct,0,0.09823895174016752,0.29072469304223464,0.25571078472308945,0.21877755705711288,0.13654801343739553,0.38896364478240214
2026,Albert Regis,DL,SEC,81,1,2,Rounds 2-3,Rounds 4-5,Incorrect,1,0.12000397467110525,0.32345975549997696,0.25082890401571123,0.19354249838139959,0.11216486743180698,0.4434637301710822
2026,Tyler Onyedim,DL,SEC,66,1,3,Rounds 2-3,Rounds 6-7,Incorrect,2,0.05146366159321725,0.18925053396094663,0.23396089303218157,0.2843175553339006,0.241007356079754,0.24071419555416387
2026,Bryson Eason,DL,SEC,300,4,2,Undrafted,Rounds 4-5,Incorrect,2,0.07744765604684076,0.25165075988357943,0.2539052208992505,0.24671958501084745,0.17027677815948183,0.3290984159304202
2026,David Gusta,DL,SEC,300,4,3,Undrafted,Rounds 6-7,Incorrect,1,0.03925188734931935,0.15346744017426855,0.21218894609795122,0.29848228461318904,0.2966094417652718,0.1927193275235879
2026,Brandon Cleveland,DL,ACC,229,3,3,Rounds 6-7,Rounds 6-7,Correct,0,0.02210082872222498,0.09455208109357882,0.15680797576361194,0.2939799337008281,0.4325591807197562,0.1166529098158038
2026,Zane Durant,DL,Big Ten,181,3,2,Rounds 6-7,Rounds 4-5,Incorrect,1,0.1424598268966636,0.35010777478281274,0.2419469455949248,0.17152430276157704,0.09396114996402183,0.49256760167947633
2026,Damonic Williams,DL,SEC,300,4,1,Undrafted,Rounds 2-3,Incorrect,3,0.16298843299089663,0.3692461829327196,0.2320831297928868,0.15439991718773716,0.08128233709575983,0.5322346159236162
2026,Gary Smith III,DL,Big Ten,300,4,3,Undrafted,Rounds 6-7,Incorrect,1,0.05418942300949753,0.19662369087296394,0.23746432624239544,0.2805411301051994,0.2311814297699437,0.25081311388246147
2026,Cameron Ball,DL,SEC,300,4,3,Undrafted,Rounds 6-7,Incorrect,1,0.04173031035765708,0.16111172720634243,0.2175306209798379,0.29615600742546977,0.2834713340306928,0.2028420375639995
2026,Bobby Jamison-Travis,DL,SEC,186,3,3,Rounds 6-7,Rounds 6-7,Correct,0,0.022816755020702285,0.09723893977025314,0.15993226752206768,0.2954393546012975,0.4245726830856794,0.12005569479095542
2026,Deven Eastern,DL,Big Ten,242,3,3,Rounds 6-7,Rounds 6-7,Correct,0,0.04835984435130236,0.18059167650011154,0.22943013838293302,0.28843231068906683,0.25318603007658624,0.2289515208514139
2026,Jackie Marshall,DL,Big 12,184,3,3,Rounds 6-7,Rounds 6-7,Correct,0,0.04341755051360496,0.16620086556326355,0.22087323868106987,0.2943697536718177,0.2751385915702439,0.2096184160768685
2026,Caleb Downs,SAF,Big Ten,11,0,1,Round 1,Rounds 2-3,Incorrect,1,0.39063962426120796,0.39865050693968357,0.1250668500204306,0.05947203381924149,0.026170984959436372,0.7892901312008915
2026,Emmanuel McNeil-Warren,SAF,MAC,58,1,3,Rounds 2-3,Rounds 6-7,Incorrect,2,0.03257433714706787,0.1318270275135758,0.19488656324100903,0.30223649356254595,0.33847557853580135,0.16440136466064367
2026,Dillon Thieneman,SAF,Big Ten,25,0,0,Round 1,Round 1,Correct,0,0.5012972949646746,0.35321824256634804,0.08911711623047924,0.03951712949758568,0.01685021674091247,0.8545155375310226
2026,Genesis Smith,SAF,Big 12,131,2,3,Rounds 4-5,Rounds 6-7,Incorrect,1,0.02891412779738891,0.11928343212342077,0.18329839574186196,0.30197216994405074,0.3665318743932776,0.14819755992080968
2026,A.J. Haulcy,SAF,SEC,78,1,3,Rounds 2-3,Rounds 6-7,Incorrect,2,0.03015743051715384,0.12360046783678455,0.1874210860986606,0.30230233452295163,0.3565186810244494,0.15375789835393838
2026,Treydan Stukes,SAF,Big 12,38,1,3,Rounds 2-3,Rounds 6-7,Incorrect,2,0.021947881297964673,0.09397530694322025,0.15612916451101,0.29364471361024663,0.43430293363755845,0.11592318824118492
2026,Zakee Wheatley,SAF,Big Ten,151,2,3,Rounds 4-5,Rounds 6-7,Incorrect,1,0.036722101094708616,0.14545195300518737,0.20616354744619644,0.3004046156495309,0.31125778280437666,0.18217405409989598
2026,Kamari Ramsey,SAF,Big Ten,141,2,3,Rounds 4-5,Rounds 6-7,Incorrect,1,0.03386422866146052,0.13612989393036443,0.19859194828376941,0.3018733437997395,0.3295405853246661,0.16999412259182495
2026,Robert Spears-Jennings,SAF,SEC,224,3,3,Rounds 6-7,Rounds 6-7,Correct,0,0.03854361275234454,0.1512452601013481,0.2105625480411157,0.2990712041175323,0.30057737498765935,0.18978887285369261
2026,Bud Clark,SAF,Big 12,64,1,3,Rounds 2-3,Rounds 6-7,Incorrect,2,0.01882126082734833,0.08196748284669739,0.14132791855449486,0.28471784202094474,0.4731654957505147,0.10078874367404572
2026,Bishop Fitzgerald,SAF,Big Ten,300,4,3,Undrafted,Rounds 6-7,Incorrect,1,0.03270931738737256,0.13228012535091374,0.1952831200248944,0.3022083517598471,0.3375190854769722,0.1649894427382863
2026,VJ Payne,SAF,Big 12,228,3,3,Rounds 6-7,Rounds 6-7,Correct,0,0.021706404668595303,0.09306269224968151,0.1550491860602211,0.29309803423872977,0.4370836827827723,0.11476909691827682
2026,Michael Taaffe,SAF,SEC,158,2,2,Rounds 4-5,Rounds 4-5,Correct,0,0.07006495938478051,0.23561045934425168,0.2508237017908474,0.257395350018624,0.1861055294614964,0.3056754187290322
2026,Louis Moore,SAF,Big Ten,300,4,3,Undrafted,Rounds 6-7,Incorrect,1,0.03350897028547322,0.1349508092326471,0.1975899985639131,0.30199384861713163,0.33195637330083494,0.16845977951812033
2026,Lorenzo Styles,SAF,Big Ten,172,3,2,Rounds 6-7,Rounds 4-5,Incorrect,1,0.06196496138647056,0.21652947319893323,0.24534735109291728,0.26930363503447496,0.20685457928720397,0.2784944345854038
2026,Jakobe Thomas,SAF,ACC,98,2,3,Rounds 4-5,Rounds 6-7,Incorrect,1,0.040222717049878856,0.15648603589192966,0.21434484024166806,0.2976176700192371,0.2913287367972863,0.1967087529418085
2026,Jalon Kilgore,SAF,SEC,167,3,3,Rounds 6-7,Rounds 6-7,Correct,0,0.050520245887764346,0.18664870038781556,0.2326472236509585,0.28559224466313016,0.24459158541033144,0.2371689462755799
2026,Xavier Nwankpa,SAF,Big Ten,300,4,3,Undrafted,Rounds 6-7,Incorrect,1,0.030657621929638355,0.1253208014846438,0.1890242844691334,0.3023612529635239,0.3526360391530605,0.15597842341428217
2026,DeShon Singleton,SAF,Big Ten,300,4,3,Undrafted,Rounds 6-7,Incorrect,1,0.037268117869368705,0.1472005009378744,0.20751566027425047,0.30003401983708555,0.30798170108142087,0.1844686188072431
2026,Jalen Huskey,SAF,Big Ten,100,2,4,Rounds 4-5,Undrafted,Incorrect,2,0.015264523703164284,0.06778887886952001,0.12213379583598674,0.268429115536463,0.526383686054866,0.08305340257268429
2026,Ahmaad Moses,SAF,ACC,300,4,3,Undrafted,Rounds 6-7,Incorrect,1,0.043704400814339725,0.1670569872674233,0.2214190460823428,0.29405196607751255,0.2737675997583816,0.21076138808176303
2026,Dalton Johnson,SAF,Big 12,150,2,4,Rounds 4-5,Undrafted,Incorrect,2,0.014370843630806372,0.06413650504834252,0.11687307656742894,0.2629986106124601,0.5416209641409621,0.0785073486791489
2026,Kenyon Sadiq,TE,Big Ten,16,0,1,Round 1,Rounds 2-3,Incorrect,1,0.2812128213821555,0.4144698528757936,0.17126131215185525,0.09087769074844743,0.04217832284174827,0.695682674257949
2026,Michael Trigg,TE,Big 12,300,4,3,Undrafted,Rounds 6-7,Incorrect,1,0.02468701159884851,0.104158528528455,0.16769559951777926,0.29847169423993414,0.4049871661149831,0.1288455401273035
2026,Eli Stowers,TE,SEC,54,1,0,Rounds 2-3,Round 1,Incorrect,1,0.7474912366136279,0.19785601548335252,0.03477223257451589,0.014094366504803668,0.005786148823699988,0.9453472520969805
2026,Nate Boerkircher,TE,SEC,56,1,3,Rounds 2-3,Rounds 6-7,Incorrect,2,0.0511658847335022,0.18843210333301796,0.2335520530493012,0.2847219202211768,0.2421280386630018,0.23959798806652016
2026,Max Klare,TE,Big Ten,61,1,1,Rounds 2-3,Rounds 2-3,Correct,0,0.31442956720900683,0.41382502202915705,0.1559810255961499,0.07956064986770117,0.03620373529798504,0.7282545892381639
2026,Josh Cuevas,TE,SEC,173,3,3,Rounds 6-7,Rounds 6-7,Correct,0,0.03953663404159177,0.15435606479362218,0.21282996938898205,0.2982353544028502,0.2950419773729538,0.19389269883521396
2026,Jack Endries,TE,SEC,221,3,2,Rounds 6-7,Rounds 4-5,Incorrect,1,0.13930423147413376,0.34674822841134867,0.2433468170416599,0.1743963055705018,0.09620441750235587,0.4860524598854824
2026,Eli Raridon,TE,FBS Independent,95,1,2,Rounds 2-3,Rounds 4-5,Incorrect,1,0.08995582958141186,0.2761642502641506,0.2559827709924591,0.22947551189740878,0.1484216372645697,0.36612007984556244
2026,Will Kacmarek,TE,Big Ten,87,1,3,Rounds 2-3,Rounds 6-7,Incorrect,2,0.054095179496255356,0.19637228942606866,0.23735015868657583,0.2806736918741716,0.23150868051692852,0.250467468922324
2026,Oscar Delp,TE,SEC,73,1,1,Rounds 2-3,Rounds 2-3,Correct,0,0.23939441638974698,0.40838069664092647,0.1920133887707296,0.10831470204095917,0.05189679615763776,0.6477751130306735
2026,Joe Royer,TE,Big 12,170,3,4,Rounds 6-7,Undrafted,Incorrect,1,0.006206059077138871,0.028998938509662203,0.058999464233158265,0.17183804376696116,0.7339574944130796,0.035204997586801075
2026,Dallen Bentley,TE,Big 12,256,3,2,Rounds 6-7,Rounds 4-5,Incorrect,1,0.06342847423682865,0.2200977931324092,0.24652365499899326,0.26715176561945253,0.20279831201231635,0.28352626736923786
2026,Marlin Klein,TE,Big Ten,59,1,3,Rounds 2-3,Rounds 6-7,Incorrect,2,0.056107886837468264,0.20168740121772466,0.23968529646371667,0.2778175713263403,0.22470184415475014,0.2577952880551929
2026,Justin Joly,TE,ACC,152,2,2,Rounds 4-5,Rounds 4-5,Correct,0,0.06310161683736905,0.21930559165968788,0.24626861475645412,0.26763271845358316,0.2036914582929058,0.2824072084970569
2026,Sam Roush,TE,ACC,69,1,2,Rounds 2-3,Rounds 4-5,Incorrect,1,0.059078145604347355,0.20932827353319797,0.2427564046477642,0.2735271532685153,0.21531002294617518,0.2684064191375453
2026,Dae'Quan Wright,TE,SEC,300,4,2,Undrafted,Rounds 4-5,Incorrect,2,0.13453197785855808,0.3414384724945359,0.24538382957713062,0.17887190456721969,0.09977381550255571,0.475970450353094
2026,Tanner Koziol,TE,Big 12,164,3,3,Rounds 6-7,Rounds 6-7,Correct,0,0.03038498830449842,0.12438428163553791,0.18815431579082412,0.30233415835143906,0.3547422559177005,0.15476926994003634
2026,John Michael Gyllenborg,TE,Mountain West,300,4,4,Undrafted,Undrafted,Correct,0,0.014946444374186013,0.06649312923091294,0.12028267751934182,0.26656691796402565,0.5317108309115336,0.08143957360509896
2026,Miles Kitselman,TE,SEC,300,4,3,Undrafted,Rounds 6-7,Incorrect,1,0.02319628579926936,0.09865470803389857,0.1615536082684027,0.2961426791775916,0.4204527187208378,0.12185099383316793
2026,Bauer Sharp,TE,SEC,185,3,2,Rounds 6-7,Rounds 4-5,Incorrect,1,0.12123653388762543,0.325096962543166,0.25041995068724027,0.19223366795935048,0.11101288492261785,0.44633349643079145
2026,Matthew Hibner,TE,ACC,133,2,2,Rounds 4-5,Rounds 4-5,Correct,0,0.06790791900833543,0.2306859442934236,0.24960073828081447,0.2605587152108403,0.19124668320658622,0.298593863301759
2026,DJ Rogers,TE,Big 12,300,4,3,Undrafted,Rounds 6-7,Incorrect,1,0.0190119388768174,0.08271180180081984,0.14228322157386347,0.28538800815893933,0.47060502958955996,0.10172374067763724
2026,Lake McRee,TE,Big Ten,300,4,3,Undrafted,Rounds 6-7,Incorrect,1,0.027026015642872946,0.11261422758698987,0.17664428014342623,0.30090860372877193,0.382806872897939,0.13964024322986282
2026,Riley Nowakowski,TE,Big Ten,169,3,2,Rounds 6-7,Rounds 4-5,Incorrect,1,0.11386691811643339,0.3149791878627224,0.252685843698859,0.20024562261258783,0.11822242770939739,0.4288461059791558
2026,RJ Maryland,TE,ACC,300,4,2,Undrafted,Rounds 4-5,Incorrect,2,0.06481034643298826,0.22341722544573722,0.24755456643295892,0.2651171915982826,0.19910067009003296,0.2882275718787255
2026,Jaren Kanak,TE,SEC,225,3,2,Rounds 6-7,Rounds 4-5,Incorrect,1,0.0708482911067367,0.2373715361113546,0.25122927136261786,0.25625027188017124,0.18430062953911963,0.30821982721809127
2026,Khalil Dinkins,TE,Big Ten,300,4,3,Undrafted,Rounds 6-7,Incorrect,1,0.046789995710555164,0.17610241315587827,0.22690034469108147,0.29041390545207035,0.25979334099041473,0.22289240886643344
2026,Fernando Mendoza,QB,Big Ten,1,0,3,Round 1,Rounds 6-7,Incorrect,3,0.027804484320383918,0.11538065161110654,0.179446965610573,0.30143545089164436,0.3759324475662922,0.14318513593149046
2026,Ty Simpson,QB,SEC,13,0,4,Round 1,Undrafted,Incorrect,4,0.000834017198646998,0.00401969483996842,0.008857106125225346,0.032500675934779316,0.9537885059013799,0.004853712038615418
2026,Garrett Nussmeier,QB,SEC,249,3,4,Rounds 6-7,Undrafted,Incorrect,1,0.004524658823268158,0.02134682282792664,0.04449846485522681,0.13838124339314906,0.7912488101004294,0.025871481651194794
2026,Cade Klubnik,QB,ACC,110,2,4,Rounds 4-5,Undrafted,Incorrect,2,0.0013678290746753545,0.006572051722582001,0.01436256747229465,0.05134585384757305,0.926351697882875,0.007939880797257355
2026,Drew Allar,QB,Big Ten,76,1,2,Rounds 2-3,Rounds 4-5,Incorrect,1,0.08991581257717951,0.27609080748161563,0.2559812827362933,0.22952865312849036,0.14848344407642122,0.36600662005879514
2026,Carson Beck,QB,ACC,65,1,0,Rounds 2-3,Round 1,Incorrect,1,0.7332446794056443,0.2081437558179392,0.03723403024937666,0.015148939322640831,0.006228595204399001,0.9413884352235835
2026,Behren Morton,QB,Big 12,234,3,1,Rounds 6-7,Rounds 2-3,Incorrect,2,0.19610970579641668,0.39159568377674175,0.21477493793019042,0.1315565562936446,0.06596311620300654,0.5877053895731584
2026,Sawyer Robertson,QB,Big 12,300,4,3,Undrafted,Rounds 6-7,Incorrect,1,0.053001787811942244,0.1934372330356955,0.2359897623159,0.2822019184160213,0.23536929842044096,0.24643902084763775
2026,Luke Altmyer,QB,Big Ten,300,4,3,Undrafted,Rounds 6-7,Incorrect,1,0.04271128253173637,0.16408175128272579,0.2195018553245894,0.29513528550016055,0.2785698253607879,0.20679303381446215
2026,Taylen Green,QB,SEC,182,3,1,Rounds 6-7,Rounds 2-3,Incorrect,2,0.2695006049250034,0.41361312743363277,0.1769115500602333,0.09536000434050207,0.04461471324062849,0.6831137323586361
2026,Jalon Daniels,QB,Big 12,300,4,1,Undrafted,Rounds 2-3,Incorrect,3,0.32299439630063237,0.4129960066724874,0.15222228498901846,0.07693508538577898,0.03485222665208276,0.7359904029731198
2026,Diego Pavia,QB,SEC,300,4,3,Undrafted,Rounds 6-7,Incorrect,1,0.040956228940449854,0.1587459782835935,0.21591900857845298,0.2969236249551266,0.2874551592423771,0.19970220722404336
2026,Haynes King,QB,ACC,300,4,2,Undrafted,Rounds 4-5,Incorrect,2,0.09996636467153412,0.29360559336882985,0.2555220910038783,0.2166231671595612,0.13428278379619651,0.393571958040364
2026,Joe Fagnano,QB,FBS Independent,300,4,3,Undrafted,Rounds 6-7,Incorrect,1,0.0403261164139391,0.1568056855820689,0.21456955857693838,0.29752188764851983,0.2907767517785338,0.197131801996008
2026,Joey Aguilar,QB,SEC,300,4,0,Undrafted,Round 1,Incorrect,4,0.8595965639859195,0.11321025834772969,0.017480863789604784,0.0069062204767434965,0.002806093400002485,0.9728068223336492
2026,Jermod McCoy,CB,SEC,101,2,0,Rounds 4-5,Round 1,Incorrect,2,0.7025928793947452,0.22985739538430716,0.042762647374213536,0.017547197611801568,0.007239880234932494,0.9324502747790524
2026,Avieon Terrell,CB,ACC,48,1,1,Rounds 2-3,Rounds 2-3,Correct,0,0.3846954243056927,0.4003999242741334,0.127280252486489,0.06080758601252512,0.026816812921159783,0.7850953485798261
2026,Mansoor Delane,CB,SEC,6,0,3,Round 1,Rounds 6-7,Incorrect,3,0.02774297493985419,0.11516292470085085,0.17922858337873993,0.3013985001882273,0.37646701679232775,0.14290589964070505
2026,Colton Hood,CB,SEC,37,1,2,Rounds 2-3,Rounds 4-5,Incorrect,1,0.0745718356714931,0.24554881161372233,0.25289462531729096,0.2508438101287648,0.17614091726872882,0.32012064728521544
2026,Keith Abney,CB,Big 12,157,2,2,Rounds 4-5,Rounds 4-5,Correct,0,0.07569840272786596,0.24796097651370078,0.2533177481830625,0.24922226182410356,0.17380061075126718,0.32365937924156674
2026,Chris Johnson,CB,Mountain West,27,0,3,Round 1,Rounds 6-7,Incorrect,3,0.018425151913561394,0.08041618903825336,0.13932047236487072,0.2832668485798795,0.478571338103435,0.09884134095181475
2026,D'Angelo Ponds,CB,Big Ten,50,1,1,Rounds 2-3,Rounds 2-3,Correct,0,0.36962933155645705,0.4044462290998445,0.13303466694363397,0.06434722089208011,0.02854255150798435,0.7740755606563016
2026,Keionte Scott,CB,ACC,116,2,1,Rounds 4-5,Rounds 2-3,Incorrect,1,0.17268665127976654,0.3767937105383976,0.22711814152719623,0.1471571229390619,0.07624437371557768,0.5494803618181642
2026,Brandon Cisse,CB,SEC,52,1,2,Rounds 2-3,Rounds 4-5,Incorrect,1,0.08742663522454261,0.2714617126619602,0.2558299245391846,0.23286107055270622,0.15242065702160634,0.3588883478865028
2026,Devin Moore,CB,SEC,114,2,3,Rounds 4-5,Rounds 6-7,Incorrect,1,0.04117982820536644,0.15943135870655023,0.21638971039416885,0.2967054912982889,0.2862936113956256,0.20061118691191668
2026,Julian Neal,CB,SEC,99,2,2,Rounds 4-5,Rounds 4-5,Correct,0,0.09982118345608021,0.29336546748250575,0.25553953931510553,0.21680321057824248,0.13447059916806603,0.39318665093858596
2026,Will Lee III,CB,SEC,129,2,2,Rounds 4-5,Rounds 4-5,Correct,0,0.08811193181094376,0.2727481511929106,0.25588334783968414,0.2319383770536353,0.15131819210282615,0.3608600830038544
2026,Malik Muhammad,CB,SEC,124,2,0,Rounds 4-5,Round 1,Incorrect,2,0.7703477801042786,0.18110957588615362,0.030957059657994446,0.012475848682020785,0.005109735669552529,0.9514573559904322
2026,Davison Igbinosun,CB,Big Ten,62,1,3,Rounds 2-3,Rounds 6-7,Incorrect,2,0.052935894529747125,0.19325926683971084,0.2359056400318783,0.28229341227600724,0.2356057863226565,0.24619516136945796
2026,Daylen Everette,CB,SEC,85,1,2,Rounds 2-3,Rounds 4-5,Incorrect,1,0.10264733810320496,0.29797480147921207,0.25514965002354134,0.2133321375099374,0.1308960728841042,0.40062213958241705
2026,Chandler Rivers,CB,ACC,162,3,2,Rounds 6-7,Rounds 4-5,Incorrect,1,0.08049023844774611,0.2579106507601742,0.2547371029723553,0.2424148120366605,0.16444719578306388,0.33840088920792033
2026,Hezekiah Masses,CB,ACC,175,3,4,Rounds 6-7,Undrafted,Incorrect,1,0.014493383970473648,0.06463948953668665,0.11760547540096057,0.2637803157871686,0.5394813353047105,0.07913287350716029
2026,TJ Hall,CB,Big Ten,219,3,3,Rounds 6-7,Rounds 6-7,Correct,0,0.04745824475386171,0.17802254859600847,0.22799766929736257,0.28957979871433653,0.25694173863843073,0.22548079334987017
2026,Domani Jackson,CB,SEC,201,3,3,Rounds 6-7,Rounds 6-7,Correct,0,0.05359533795587765,0.1950347380269543,0.236736500402374,0.2813745983888828,0.23325882522591124,0.24863007598283196
2026,Tacario Davis,CB,Big Ten,72,1,3,Rounds 2-3,Rounds 6-7,Incorrect,2,0.04186188225586774,0.1615118911954085,0.21779957874519426,0.2960221256504301,0.28280452215309937,0.20337377345127625
2026,Thaddeus Dixon,CB,ACC,300,4,2,Undrafted,Rounds 4-5,Incorrect,2,0.08853282662460367,0.27353371392836257,0.2559116728391318,0.23137364339999356,0.15064814320790842,0.3620665405529662
2026,Ephesians Prysock,CB,Big Ten,139,2,2,Rounds 4-5,Rounds 4-5,Correct,0,0.059581523272483096,0.21059971400510427,0.24323511321028335,0.2727935844738212,0.2137900650383081,0.27018123727758736
2026,Jaylon Guilbeau,CB,SEC,300,4,1,Undrafted,Rounds 2-3,Incorrect,3,0.1583744424967578,0.36533354352624037,0.23439086988999458,0.1580269476165267,0.08387419647048056,0.5237079860229982
2026,Andre Fuller,CB,MAC,236,3,2,Rounds 6-7,Rounds 4-5,Incorrect,1,0.10935677438458033,0.3083846421479334,0.2538362982252138,0.20537458789824647,0.12304769734402599,0.41774141653251373
2026,Jadon Canady,CB,Big Ten,109,2,2,Rounds 4-5,Rounds 4-5,Correct,0,0.09725955222875018,0.28906801070782306,0.2557989616505294,0.22001084873073729,0.1378626266821601,0.3863275629365732
2026,Collin Wright,CB,ACC,300,4,3,Undrafted,Rounds 6-7,Incorrect,1,0.03934458509867425,0.15375702555310883,0.2123984282658299,0.2984025219528851,0.2960974391295019,0.19310161065178308
2026,Toriano Pride Jr.,CB,SEC,220,3,2,Rounds 6-7,Rounds 4-5,Incorrect,1,0.10951787712895499,0.30862565918709417,0.2537986626256413,0.20518836288717657,0.12286943817113294,0.41814353631604917
2026,Ahmari Harvey,CB,ACC,300,4,2,Undrafted,Rounds 4-5,Incorrect,2,0.1421948271380748,0.34983018355114964,0.24206599326474199,0.17176287080948915,0.09414612523654442,0.49202501068922444
2026,Latrell McCutchin,CB,Big 12,300,4,3,Undrafted,Rounds 6-7,Incorrect,1,0.03852724465655384,0.1511937056266911,0.2105244174203046,0.29908437373774904,0.30067025855870144,0.18972095028324493
2026,Avery Smith,CB,MAC,300,4,2,Undrafted,Rounds 4-5,Incorrect,2,0.08488217990839933,0.26660410845569515,0.2555494728198246,0.23632111991593263,0.15664311890014826,0.35148628836409446
2026,Marcus Allen,CB,ACC,300,4,3,Undrafted,Rounds 6-7,Incorrect,1,0.02122341745834204,0.09122999015216668,0.1528583833168265,0.29193866252278616,0.44274954654987864,0.11245340761050872
2026,Jeremiyah Love,RB,FBS Independent,3,0,0,Round 1,Round 1,Correct,0,0.5582100010579166,0.32250061744548675,0.07392308813937265,0.03191462735351125,0.013451666003712726,0.8807106185034034
2026,Jadarian Price,RB,FBS Independent,32,0,3,Round 1,Rounds 6-7,Incorrect,3,0.04335199507905287,0.16600484302700663,0.22074760249945605,0.2944418341297509,0.27545372526473355,0.2093568381060595
2026,Kaytron Allen,RB,Big Ten,187,3,2,Rounds 6-7,Rounds 4-5,Incorrect,1,0.1060742279799952,0.3033835292498731,0.2545429384824667,0.2092182983454397,0.1267810059422253,0.4094577572298683
2026,Jonah Coleman,RB,Big Ten,108,2,3,Rounds 4-5,Rounds 6-7,Incorrect,1,0.03926775636973182,0.1535170350449695,0.2122248625550556,0.2984686730698199,0.2965216729604232,0.1927847914147013
2026,Demond Claiborne,RB,ACC,198,3,4,Rounds 6-7,Undrafted,Incorrect,1,0.015105647265125187,0.06714224814172737,0.12121209577722479,0.2675084640244023,0.5290315447915204,0.08224789540685255
2026,Emmett Johnson,RB,Big Ten,161,3,3,Rounds 6-7,Rounds 6-7,Correct,0,0.029655547997649728,0.1218648627402265,0.1857808198186889,0.3022015860058116,0.36049718343762327,0.15152041073787623
2026,Mike Washington,RB,SEC,122,2,2,Rounds 4-5,Rounds 4-5,Correct,0,0.058803417714200126,0.20863151965388788,0.2424901810940423,0.2739268568313419,0.21614802470652783,0.267434937368088
2026,Seth McGowan,RB,SEC,237,3,3,Rounds 6-7,Rounds 6-7,Correct,0,0.05048055314071693,0.18653866160498903,0.2325907663481954,0.28564545277121905,0.2447445661348796,0.23701921474570595
2026,Robert Henry,RB,AAC,300,4,3,Undrafted,Rounds 6-7,Incorrect,1,0.022145015405170068,0.09471853001176526,0.15700333438174352,0.2940752085699343,0.43205791163138685,0.11686354541693533
2026,Nicholas Singleton,RB,Big Ten,165,3,3,Rounds 6-7,Rounds 6-7,Correct,0,0.03779745628934793,0.14888584586662978,0.20879887551574655,0.2996504040474148,0.30486741828086095,0.18668330215597773
2026,Le'Veon Moss,RB,SEC,300,4,1,Undrafted,Rounds 2-3,Incorrect,3,0.16020483285412015,0.36691138295265224,0.23348034699552123,0.15657354596388995,0.08282989123381646,0.5271162158067724
2026,Jam Miller,RB,SEC,245,3,3,Rounds 6-7,Rounds 6-7,Correct,0,0.023543592590581384,0.09994507946564096,0.16301648690941423,0.2967455655409814,0.41674927549338203,0.12348867205622235
2026,Desmond Reid,RB,ACC,300,4,4,Undrafted,Undrafted,Correct,0,0.01200446675377902,0.0542857607038839,0.10200726258859594,0.24528122320880139,0.5864212867449398,0.06629022745766291
2026,Eli Heidenreich,RB,AAC,230,3,3,Rounds 6-7,Rounds 6-7,Correct,0,0.017194530611816455,0.07555266603318041,0.13288126290758154,0.2782186922233857,0.49615284822403594,0.09274719664499687
2026,J'Mari Taylor,RB,ACC,300,4,3,Undrafted,Rounds 6-7,Incorrect,1,0.02374804419099135,0.10070238125434389,0.16386846815604256,0.29708282219132925,0.41459828420729294,0.12445042544533524
2026,Roman Hemby,RB,Big Ten,300,4,3,Undrafted,Rounds 6-7,Incorrect,1,0.017613765601404513,0.07721703650667036,0.13510989797778133,0.2800342159404057,0.4900250839737381,0.09483080210807487
2026,Rahsul Faison,RB,SEC,300,4,3,Undrafted,Rounds 6-7,Incorrect,1,0.04810866411589472,0.1798784032138417,0.22903652430639893,0.2887544284539881,0.2542219799098766,0.2279870673297364
2026,Max Bredeson,RB,Big Ten,159,2,3,Rounds 4-5,Rounds 6-7,Incorrect,1,0.01926168728553408,0.08368431476544479,0.14352374288594374,0.28623875519978914,0.4672914998632882,0.10294600205097887
2026,Adam Randall,RB,ACC,174,3,3,Rounds 6-7,Rounds 6-7,Correct,0,0.04059120829972625,0.15762357529477372,0.21514144402584598,0.2972732094627901,0.2893705629168639,0.19821478359449995
2026,CJ Donaldson,RB,Big Ten,300,4,3,Undrafted,Rounds 6-7,Incorrect,1,0.052771005082641,0.1928133861413573,0.2356940543580609,0.2825220449161335,0.23619950950180735,0.24558439122399828
2026,Noah Whittington,RB,Big Ten,300,4,1,Undrafted,Rounds 2-3,Incorrect,3,0.15437376646804846,0.3617644907734523,0.23635551883253414,0.1612720695192872,0.08623415440667792,0.5161382572415008
2026,Olaivavega Ioane,IOL,Big Ten,14,0,2,Round 1,Rounds 4-5,Incorrect,2,0.0580220714108056,0.2066388685917193,0.2417135579260688,0.2750608243396717,0.2185646777317346,0.2646609400025249
2026,Connor Lew,IOL,SEC,128,2,3,Rounds 4-5,Rounds 6-7,Incorrect,1,0.018302906366363045,0.07993604900798092,0.13869463011241762,0.282802613265454,0.48026380124778445,0.09823895537434396
2026,Trey Zuhn III,IOL,SEC,91,1,4,Rounds 2-3,Undrafted,Incorrect,3,0.01573316838551023,0.06968956344818542,0.12481912670060213,0.2710376115744018,0.5187205298913005,0.08542273183369564
2026,Chase Bisontis,IOL,SEC,34,1,3,Rounds 2-3,Rounds 6-7,Incorrect,2,0.041336326191614675,0.15991008329352366,0.21671664382704364,0.2965510577960061,0.2854858888918119,0.20124640948513833
2026,Emmanuel Pregnon,IOL,Big Ten,88,1,2,Rounds 2-3,Rounds 4-5,Incorrect,1,0.11442509653066961,0.31577362712726237,0.25253015102452747,0.19962293894999206,0.11764818636754848,0.430198723657932
2026,Gennings Dunker,IOL,Big Ten,96,1,2,Rounds 2-3,Rounds 4-5,Incorrect,1,0.0612955833928139,0.21487907176623508,0.24477928607823546,0.2702860339080133,0.20876002485470224,0.276174655159049
2026,Billy Schrauth,IOL,FBS Independent,160,2,3,Rounds 4-5,Rounds 6-7,Incorrect,1,0.018897718023684958,0.08226612640229031,0.14171182736764049,0.28498873545259495,0.47213559275378925,0.10116384442597526
2026,Alex Harkey,IOL,Big Ten,206,3,3,Rounds 6-7,Rounds 6-7,Correct,0,0.028247673018638432,0.11694509610035975,0.181005142211191,0.30167886604086913,0.3721232226289417,0.14519276911899817
2026,Parker Brailsford,IOL,SEC,146,2,0,Rounds 4-5,Round 1,Incorrect,2,0.5484359717259909,0.32805688551702694,0.07639700460798349,0.033123426702936554,0.013986711446062117,0.8764928572430178
2026,Keylan Rutledge,IOL,ACC,26,0,3,Round 1,Rounds 6-7,Incorrect,3,0.040216519170010394,0.1564668644466376,0.21433134074595217,0.2976233894118973,0.2913618862255025,0.196683383616648
2026,Jake Slaughter,IOL,SEC,63,1,1,Rounds 2-3,Rounds 2-3,Correct,0,0.4085311423926938,0.39289557394318403,0.11859313996929721,0.05564429462940845,0.024335849065416526,0.8014267163358778
2026,Brian Parker II,IOL,ACC,189,3,4,Rounds 6-7,Undrafted,Incorrect,1,0.015519396731380648,0.06882380951334108,0.12360037689803804,0.2698673054027424,0.5221891114544979,0.08434320624472172
2026,Jager Burton,IOL,SEC,153,2,3,Rounds 4-5,Rounds 6-7,Incorrect,1,0.030890065093038627,0.12611707005214193,0.18975875264037123,0.3023750691021943,0.3508590431122539,0.15700713514518055
2026,Matt Gulbin,IOL,Big Ten,209,3,3,Rounds 6-7,Rounds 6-7,Correct,0,0.01732909005237082,0.07608772009435562,0.13360057618806392,0.27881262030610066,0.49416999335910894,0.09341681014672644
2026,Logan Jones,IOL,Big Ten,57,1,3,Rounds 2-3,Rounds 6-7,Incorrect,2,0.04526304025583904,0.17166331000539026,0.22427513414061317,0.29226144362499373,0.2665370719731638,0.2169263502612293
2026,Ar'maj Reed-Adams,IOL,SEC,241,3,1,Rounds 6-7,Rounds 2-3,Incorrect,2,0.22516787982942318,0.4041930255249331,0.19939811269242613,0.11527449703320847,0.05596648492000911,0.6293609053543563
2026,Jalen Farmer,IOL,SEC,113,2,4,Rounds 4-5,Undrafted,Incorrect,2,0.016321951744281082,0.0720633671586631,0.12812325244879896,0.27409779626504016,0.5093936323832167,0.08838531890294418
2026,Pat Coogan,IOL,Big Ten,194,3,2,Rounds 6-7,Rounds 4-5,Incorrect,1,0.07235775908966442,0.2407247866862352,0.2519554473130831,0.25405067653585345,0.18091133037516383,0.3130825457758996
2026,Beau Stephens,IOL,Big Ten,148,2,3,Rounds 4-5,Rounds 6-7,Incorrect,1,0.018654935385391928,0.08131693189352783,0.14048878406794307,0.2841183635123387,0.47542098514079845,0.09997186727891975
2026,Sam Hecht,IOL,Big 12,144,2,4,Rounds 4-5,Undrafted,Incorrect,2,0.013271190777120882,0.05959160100785407,0.11013885573954135,0.25541490441895476,0.5615834480565289,0.07286279178497496
2026,DJ Campbell,IOL,SEC,200,3,1,Rounds 6-7,Rounds 2-3,Incorrect,2,0.3566599934261385,0.4074571441707032,0.13815833502319042,0.06758510602793566,0.03013942135203218,0.7641171375968417
2026,Evan Beerntsen,IOL,Big Ten,253,3,3,Rounds 6-7,Rounds 6-7,Correct,0,0.031225513518385567,0.12726265163704642,0.1908070474840414,0.3023803313486759,0.3483244560118507,0.158488165155432
2026,Garrett DiGiorgio,IOL,Big Ten,300,4,3,Undrafted,Rounds 6-7,Incorrect,1,0.02102787777902333,0.09048521581589039,0.1519596426782352,0.2914434990323981,0.445083764694453,0.11151309359491372
2026,Anez Cooper,IOL,ACC,188,3,2,Rounds 6-7,Rounds 4-5,Incorrect,1,0.07294999905778367,0.242026084769012,0.25222103156411846,0.25319045731319967,0.17961242729588622,0.31497608382679565
2026,Joshua Braun,IOL,SEC,300,4,2,Undrafted,Rounds 4-5,Incorrect,2,0.057678257642213786,0.20575684828320046,0.24136256034027975,0.27555835354252245,0.21964398019178355,0.26343510592541425
2026,Jaeden Roberts,IOL,SEC,300,4,3,Undrafted,Rounds 6-7,Incorrect,1,0.02854784814190882,0.11800040550659134,0.1820453841651789,0.3018215343054425,0.36958482788087843,0.14654825364850016
2026,Dillon Wade,IOL,SEC,300,4,3,Undrafted,Rounds 6-7,Incorrect,1,0.0413132791696642,0.15983963324037934,0.21666862662581884,0.2965738908007457,0.2856045701633919,0.20115291241004354
2026,Micah Morris,IOL,SEC,207,3,2,Rounds 6-7,Rounds 4-5,Incorrect,1,0.11464428930451,0.3160843120433756,0.25246825076811763,0.19937913583066058,0.11742401205333619,0.4307286013478856
2026,Febechi Nwaiwu,IOL,SEC,106,2,3,Rounds 4-5,Rounds 6-7,Incorrect,1,0.019452930584935715,0.08442718368701707,0.14446551155276238,0.2868699339270271,0.4647844402482577,0.10388011427195279
2026,Fernando Carmona,IOL,SEC,142,2,3,Rounds 4-5,Rounds 6-7,Incorrect,1,0.02026951691937719,0.08758141819867821,0.1484085514549882,0.2893755055031885,0.4543650079237679,0.1078509351180554
2026,Logan Taylor,IOL,ACC,202,3,3,Rounds 6-7,Rounds 6-7,Correct,0,0.018445772303019158,0.0804971145589391,0.13942574450483455,0.28334438165623627,0.4782869869769709,0.09894288686195826
2026,Jeremiah Wright,IOL,SEC,132,2,3,Rounds 4-5,Rounds 6-7,Incorrect,1,0.017007071493878794,0.07480592071057403,0.1318728052778475,0.27737321904128964,0.49894098347641,0.09181299220445283
2026,Jordyn Tyson,WR,Big 12,8,0,1,Round 1,Rounds 2-3,Incorrect,1,0.2305391582612491,0.40591497120317593,0.19659435562251137,0.11257640404391056,0.05437511086915303,0.636454129464425
2026,Carnell Tate,WR,Big Ten,4,0,3,Round 1,Rounds 6-7,Incorrect,3,0.04555471674754792,0.17251684577035592,0.22478953599381907,0.29191522984435897,0.26522367164391814,0.21807156251790383
2026,Omar Cooper Jr.,WR,Big Ten,30,0,2,Round 1,Rounds 4-5,Incorrect,2,0.07180700833026206,0.2395074181917331,0.25169878738588924,0.25485209280949417,0.18213469328262144,0.31131442652199515
2026,Makai Lemon,WR,Big Ten,20,0,1,Round 1,Rounds 2-3,Incorrect,1,0.3268840173070202,0.41253748369216325,0.15053976474340547,0.07577808530531716,0.03426064895209391,0.7394215009991835
2026,KC Concepcion,WR,SEC,24,0,1,Round 1,Rounds 2-3,Incorrect,1,0.24905955306208885,0.4105695659917312,0.18708045588593114,0.10391068502734468,0.04937974003290413,0.65962911905382
2026,Denzel Boston,WR,Big Ten,39,1,3,Rounds 2-3,Rounds 6-7,Incorrect,2,0.04670426708446127,0.17585509309472402,0.22675733570121478,0.29051984146928617,0.26016346265031376,0.2225593601791853
2026,Germie Bernard,WR,SEC,47,1,3,Rounds 2-3,Rounds 6-7,Incorrect,2,0.04616939231581452,0.17430691890464944,0.22585343402783042,0.29117504495539437,0.26249520979631125,0.22047631122046396
2026,Brenen Thompson,WR,SEC,105,2,3,Rounds 4-5,Rounds 6-7,Incorrect,1,0.04273703447224593,0.16415929973014104,0.21955255409324181,0.29510780867052466,0.27844330303384657,0.20689633420238696
2026,Zachariah Branch,WR,SEC,79,1,2,Rounds 2-3,Rounds 4-5,Incorrect,1,0.06756462510123126,0.22989192258961696,0.24939124558709697,0.26106326507768285,0.19208894164437196,0.2974565476908482
2026,Chris Brazzell II,WR,SEC,83,1,2,Rounds 2-3,Rounds 4-5,Incorrect,1,0.06399708972729293,0.22146949632795374,0.24695704028602006,0.2663147521239143,0.20126162153481897,0.28546658605524666
2026,Malachi Fields,WR,FBS Independent,74,1,3,Rounds 2-3,Rounds 6-7,Incorrect,2,0.0362924851465878,0.1440689080946317,0.2050789908720529,0.3006774271911435,0.31388218869558415,0.18036139324121947
2026,Eric McAlister,WR,Big 12,300,4,3,Undrafted,Rounds 6-7,Incorrect,1,0.01875905631150868,0.08172432271012292,0.14101472740198429,0.2844952813305007,0.47400661224588336,0.1004833790216316
2026,Antonio Williams,WR,ACC,71,1,2,Rounds 2-3,Rounds 4-5,Incorrect,1,0.06066046083836705,0.21330238126131143,0.24422233966034146,0.2712166962244016,0.21059812201557848,0.27396284209967847
2026,Elijah Sarratt,WR,Big Ten,115,2,2,Rounds 4-5,Rounds 4-5,Correct,0,0.09988685319551122,0.2934741287258253,0.25553168248322855,0.2167217483800632,0.13438558721537175,0.3933609819213365
2026,Chris Bell,WR,ACC,94,1,3,Rounds 2-3,Rounds 6-7,Incorrect,2,0.04194655968073857,0.16176913200310625,0.21797192026511494,0.2959354542993413,0.2823769337516989,0.20371569168384482
2026,Kevin Coleman Jr.,WR,SEC,177,3,3,Rounds 6-7,Rounds 6-7,Correct,0,0.04647380542968743,0.17518911093809478,0.2263703413344186,0.2908033774625062,0.261163364835293,0.2216629163677822
2026,Eric Rivers,WR,ACC,300,4,3,Undrafted,Rounds 6-7,Incorrect,1,0.04691749591935381,0.17646982399465372,0.22711208957924742,0.2902558930479642,0.25924469745878087,0.22338731991400754
2026,Josh Cameron,WR,Big 12,191,3,3,Rounds 6-7,Rounds 6-7,Correct,0,0.028442568850303166,0.11763067521972007,0.18168192337140002,0.30177349727678365,0.3704713352817931,0.14607324407002323
2026,Vinny Anthony II,WR,Big Ten,300,4,4,Undrafted,Undrafted,Correct,0,0.01233744852999289,0.05568787140944196,0.10418478196160767,0.24810181201845322,0.5796880860805043,0.06802531993943485
2026,Skyler Bell,WR,FBS Independent,125,2,1,Rounds 4-5,Rounds 2-3,Incorrect,1,0.3889788625529421,0.3991477108579834,0.12568206224516965,0.059841841551409924,0.026349522792494917,0.7881265734109255
2026,Ted Hurst,WR,Sun Belt,84,1,4,Rounds 2-3,Undrafted,Incorrect,3,0.010457683849639021,0.04770276814113533,0.09150240224570316,0.23053777300774886,0.6197993727557736,0.05816045199077435
2026,Jeff Caldwell,WR,Big 12,300,4,3,Undrafted,Rounds 6-7,Incorrect,1,0.04918539218560686,0.18292262412762453,0.23069466386395096,0.28736116947898044,0.24983615034383722,0.23210801631323139
2026,Reggie Virgil,WR,Big 12,143,2,3,Rounds 4-5,Rounds 6-7,Incorrect,1,0.030184926404915536,0.12369527964066708,0.18751002753220802,0.3023066314471745,0.35630313497503485,0.1538802060455826
2026,Ja'Kobi Lane,WR,Big Ten,80,1,2,Rounds 2-3,Rounds 4-5,Incorrect,1,0.05997877241334622,0.2115983589315693,0.24360469705335036,0.2722136697007793,0.2126045019009548,0.2715771313449155
2026,Deion Burks,WR,SEC,254,3,2,Rounds 6-7,Rounds 4-5,Incorrect,1,0.09116400141256926,0.2783672298547932,0.25601413010798546,0.2278776106925089,0.14657702793214322,0.3695312312673624
2026,Barion Brown,WR,SEC,190,3,2,Rounds 6-7,Rounds 4-5,Incorrect,1,0.07141435234673715,0.23863521972020213,0.25151001616806024,0.25542427475781027,0.18301613700719022,0.3100495720669393
2026,Aaron Anderson,WR,SEC,300,4,3,Undrafted,Rounds 6-7,Incorrect,1,0.018037454021054784,0.07889118128412043,0.13732526976206788,0.2817671034070788,0.48397899152567814,0.0969286353051752
2026,Zavion Thomas,WR,SEC,89,1,3,Rounds 2-3,Rounds 6-7,Incorrect,2,0.048253204164624044,0.1802890840740597,0.22926353785263198,0.28856929103409723,0.25362488287458707,0.22854228823868372
2026,J. Michael Sturdivant,WR,SEC,300,4,2,Undrafted,Rounds 4-5,Incorrect,2,0.06135998625395471,0.21503836596817155,0.2448347793191018,0.27019157809672123,0.2085752903620507,0.2763983522221263
2026,Kendrick Law,WR,SEC,168,3,2,Rounds 6-7,Rounds 4-5,Incorrect,1,0.06429022365775483,0.22217345631013397,0.2471754161206281,0.2658831368984973,0.2004777670129858,0.2864636799678888
2026,Chase Roberts,WR,Big 12,300,4,3,Undrafted,Rounds 6-7,Incorrect,1,0.03462107525554056,0.13862675185691384,0.20068058681617917,0.30156787399616186,0.32450371207520456,0.1732478271124544
2026,CJ Daniels,WR,ACC,197,3,2,Rounds 6-7,Rounds 4-5,Incorrect,1,0.06251613379294778,0.21787976271668696,0.24580080667316856,0.26849375648311835,0.20530954033407833,0.28039589650963476
2026,De'Zhaun Stribling,WR,SEC,33,1,2,Rounds 2-3,Rounds 4-5,Incorrect,1,0.09438015686251647,0.28409802929691297,0.2559749573062998,0.22368605306799383,0.14186080346627694,0.3784781861594294
2026,Harrison Wallace III,WR,SEC,300,4,3,Undrafted,Rounds 6-7,Incorrect,1,0.03347236344468047,0.13482905476538803,0.1974859610266791,0.3020054051603988,0.3322072156028536,0.1683014182100685
2026,Kaden Wetjen,WR,Big Ten,121,2,1,Rounds 4-5,Rounds 2-3,Incorrect,1,0.2959636579298546,0.414715103567062,0.16433811199933945,0.08561427051031989,0.0393688559934241,0.7106787614969166
2026,Caullin Lacy,WR,ACC,300,4,3,Undrafted,Rounds 6-7,Incorrect,1,0.02870431787590439,0.1185491257481184,0.1825828348865913,0.3018889925132063,0.36827472897617963,0.1472534436240228
2026,Colbie Young,WR,SEC,140,2,2,Rounds 4-5,Rounds 4-5,Correct,0,0.11359853156626333,0.31459552147869446,0.2527597039790385,0.20054596479829356,0.11850027817771014,0.4281940530449578
2026,Caleb Douglas,WR,Big 12,75,1,3,Rounds 2-3,Rounds 6-7,Incorrect,2,0.04501701978227032,0.17094131266373802,0.22383640479824132,0.2925508530433104,0.2676544097124399,0.21595833244600834
2026,Jordan Hudson,WR,ACC,300,4,2,Undrafted,Rounds 4-5,Incorrect,2,0.07319871276880227,0.24257017938451994,0.2523293932887298,0.25282971119532105,0.17907200336262696,0.3157688921533222
2026,Donaven McCulley,WR,Big Ten,300,4,3,Undrafted,Rounds 6-7,Incorrect,1,0.027190810342121185,0.11320182506947375,0.17724466669975117,0.3010310473436698,0.3813316505449841,0.14039263541159494
2026,Dillon Bell,WR,SEC,300,4,2,Undrafted,Rounds 4-5,Incorrect,2,0.07394287097341236,0.2441897264502761,0.25264258926562727,0.25175222216208415,0.17747259114860015,0.31813259742368843
2026,Emmanuel Henderson Jr.,WR,Big 12,199,3,4,Rounds 6-7,Undrafted,Incorrect,1,0.013312240449423784,0.059762275628639304,0.11039556410325813,0.25571724180482697,0.5608126780138518,0.07307451607806309
2026,Malik Benson,WR,Big Ten,195,3,3,Rounds 6-7,Rounds 6-7,Correct,0,0.04155186459345721,0.16056809919059195,0.21716355245575833,0.2963360336922996,0.2843804500678929,0.20211996378404917
2026,Chris Hilton Jr.,WR,SEC,300,4,3,Undrafted,Rounds 6-7,Incorrect,1,0.02416428358223402,0.10223888919640539,0.16558223972395528,0.2977302772577666,0.41028431023963874,0.1264031727786394
