Season,Player,Position,Position Group,Conference,Overall Pick,Actual Tier Number,Predicted Tier Number,Actual Tier,Predicted Tier,Correct,Ordinal Error,Prob Round 1,Prob Rounds 2-3,Prob Rounds 4-5,Prob Rounds 6-7,Prob Undrafted
2026,Chris Adams,OT,OL,AAC,300,4,3,Undrafted,Rounds 6-7,Incorrect,1,0.04004252200722434,0.1468742660768793,0.20384873211180835,0.29321711867272765,0.31601736113136036
2026,Austin Barber,OT,OL,SEC,86,1,3,Rounds 2-3,Rounds 6-7,Incorrect,2,0.02290117959179826,0.09149295017274939,0.15052656913798407,0.28384455578635287,0.4512347453111154
2026,Markel Bell,OT,OL,ACC,68,1,4,Rounds 2-3,Undrafted,Incorrect,3,0.01773037447529086,0.07274787160916256,0.1267767735933551,0.26637479225069405,0.5163701880714975
2026,Jude Bowry,OT,OL,ACC,102,2,3,Rounds 4-5,Rounds 6-7,Incorrect,1,0.025150414865456806,0.09933408279990874,0.1595457310147674,0.2883755890448084,0.42759418227505863
2026,Travis Burke,OT,OL,AAC,117,2,4,Rounds 4-5,Undrafted,Incorrect,2,0.007478135230492841,0.03239018340704276,0.06395806350358321,0.1772389900818121,0.7189346277770691
2026,Kage Casey,OT,OL,Mountain West,111,2,4,Rounds 4-5,Undrafted,Incorrect,2,0.01443114248037672,0.060240149789371575,0.10910354834895374,0.24796699632401836,0.5682581630572796
2026,Dametrious Crownover,OT,OL,SEC,196,3,3,Rounds 6-7,Rounds 6-7,Correct,0,0.055710232177032165,0.18965387430290054,0.23030070468658673,0.2781036975585816,0.24623149127489896
2026,Enrique Cruz Jr.,OT,OL,Big 12,179,3,2,Rounds 6-7,Rounds 4-5,Incorrect,1,0.07134552550598759,0.22611397262845734,0.24410670143211477,0.2578869953637304,0.2005468050697099
2026,J.C. Davis,OT,OL,Big Ten,192,3,3,Rounds 6-7,Rounds 6-7,Correct,0,0.05309387770004967,0.18297370331640708,0.22692849746186777,0.28120966557827126,0.2557942559434042
2026,Fa'alili Fa'amoe,OT,OL,ACC,300,4,4,Undrafted,Undrafted,Correct,0,0.0074524452009505065,0.032283366498432296,0.06376840723704402,0.17686108661647362,0.7196346944470995
2026,Spencer Fano,OT,OL,Big 12,9,0,0,Round 1,Round 1,Correct,0,0.63362830266756,0.2714175293781592,0.05871370777324314,0.025219743605548794,0.011020716575488865
2026,Monroe Freeling,OT,OL,SEC,19,0,1,Round 1,Rounds 2-3,Incorrect,1,0.2315424285505433,0.39259685392457677,0.1983390258219162,0.11740454924513088,0.06011714245783284
2026,Alan Herron,OT,OL,Big Ten,300,4,3,Undrafted,Rounds 6-7,Incorrect,1,0.052536755280089394,0.18152832798270985,0.22616321728119204,0.28185164573902116,0.25792005371698756
2026,Max Iheanachor,OT,OL,Big 12,21,0,3,Round 1,Rounds 6-7,Incorrect,3,0.0506660433042346,0.17661508720839023,0.22346581373673868,0.2839485200614547,0.2653045356891818
2026,Caleb Lomu,OT,OL,Big 12,28,0,0,Round 1,Round 1,Correct,0,0.5144094989800958,0.3393542556987179,0.08839684184996432,0.03997179091695513,0.017867612554266832
2026,Francis Mauigoa,OT,OL,ACC,10,0,0,Round 1,Round 1,Correct,0,0.6087672902558577,0.28679964773148703,0.06431505427876205,0.02788387595123254,0.01223413178266064
2026,Blake Miller,OT,OL,ACC,17,0,2,Round 1,Rounds 4-5,Incorrect,2,0.12864113869819013,0.31997834315779383,0.2455795552664331,0.19033193452413977,0.11546902835344319
2026,Diego Pounds,OT,OL,SEC,300,4,2,Undrafted,Rounds 4-5,Incorrect,2,0.09948419944159015,0.27895183859772177,0.25101970132738083,0.22200619740834104,0.1485380632249662
2026,Kadyn Proctor,OT,OL,SEC,12,0,0,Round 1,Round 1,Correct,0,0.5949177195498603,0.29511839378354543,0.06755993301313823,0.029451274544037953,0.012952679109418108
2026,Drew Shelton,OT,OL,Big Ten,112,2,2,Rounds 4-5,Rounds 4-5,Correct,0,0.07786866836348276,0.23971754955998542,0.24734197330519736,0.2492541443602877,0.18581766441104675
2026,Caleb Tiernan,OT,OL,Big Ten,97,2,2,Rounds 4-5,Rounds 4-5,Correct,0,0.07322548611665237,0.23012583358863586,0.2451667216235704,0.2553922875612398,0.1960896711099016
2026,Keagen Trost,OT,OL,SEC,93,1,1,Rounds 2-3,Rounds 2-3,Correct,0,0.20202322970294825,0.3804854497192781,0.21311360410191338,0.1336382587103473,0.07073945776551294
2026,Aamil Wagner,OT,OL,FBS Independent,300,4,2,Undrafted,Rounds 4-5,Incorrect,2,0.09846577251886858,0.2772877507040522,0.25103465655061874,0.22322359693591332,0.14998822329054717
2026,Carver Willis,OT,OL,Big Ten,127,2,3,Rounds 4-5,Rounds 6-7,Incorrect,1,0.0341480725204105,0.1289265147626206,0.18910942716933082,0.29502146463051104,0.35279452091712704
2026,Sonny Styles,LB,LB,Big Ten,7,0,0,Round 1,Round 1,Correct,0,0.6844570680336848,0.23834971610803224,0.04808466498007813,0.02030199780364761,0.008806553074557244
2026,Anthony Hill,LB,LB,SEC,60,1,0,Rounds 2-3,Round 1,Incorrect,1,0.5579263756748863,0.31637387150666585,0.07669548075229216,0.033963461609945345,0.015040810456210307
2026,Jake Golday,LB,LB,Big 12,51,1,4,Rounds 2-3,Undrafted,Incorrect,3,0.017822972744884855,0.07309263787475427,0.12724260896720116,0.26679609857049785,0.5150456818426619
2026,Josiah Trotter,LB,LB,SEC,46,1,2,Rounds 2-3,Rounds 4-5,Incorrect,1,0.12497349560177982,0.3154667914528948,0.24668182058749988,0.19398225178763306,0.11889564057019242
2026,CJ Allen,LB,LB,SEC,53,1,1,Rounds 2-3,Rounds 2-3,Correct,0,0.20217303120206404,0.3805615506648882,0.21303871857220724,0.13354828403205687,0.07067841552878362
2026,Kyle Louis,LB,LB,ACC,138,2,3,Rounds 4-5,Rounds 6-7,Incorrect,1,0.06066274627499875,0.2018270575949298,0.235761882446216,0.2719123424064546,0.22983597127740085
2026,Jacob Rodriguez,LB,LB,Big 12,43,1,1,Rounds 2-3,Rounds 2-3,Correct,0,0.4764444056088307,0.3573116976773453,0.09954623742549007,0.045958822470117955,0.020738836818215978
2026,Lander Barton,LB,LB,Big 12,300,4,4,Undrafted,Undrafted,Correct,0,0.008766261179635273,0.037708218863254206,0.07323454995355186,0.19483557382160083,0.6854553961819578
2026,Harold Perkins Jr.,LB,LB,SEC,215,3,4,Rounds 6-7,Undrafted,Incorrect,1,0.005648820560246461,0.024709188708231557,0.04997787220827161,0.14732593703903252,0.7723381814842178
2026,Red Murdock,LB,LB,MAC,257,3,0,Rounds 6-7,Round 1,Incorrect,3,0.7070737169415025,0.2230109781507772,0.04368004584640639,0.018314346259998948,0.007920912801315017
2026,Keyshaun Elliott,LB,LB,Big 12,166,3,3,Rounds 6-7,Rounds 6-7,Correct,0,0.044504279088163574,0.15975750787513585,0.21305612551769962,0.2900091620329581,0.29267292548604285
2026,Deontae Lawson,LB,LB,SEC,300,4,3,Undrafted,Rounds 6-7,Incorrect,1,0.028855815120371858,0.1118565001755697,0.1728942215135111,0.29296395114534185,0.3934295120452055
2026,Bryce Boettcher,LB,LB,Big Ten,135,2,2,Rounds 4-5,Rounds 4-5,Correct,0,0.08215931113366286,0.24819422060467217,0.2488459045500283,0.24364206347898665,0.17715850023265
2026,Taurean York,LB,LB,SEC,300,4,1,Undrafted,Rounds 2-3,Incorrect,3,0.15618990816830755,0.34879050103420095,0.23502500331804965,0.16569464425911407,0.09429994322032775
2026,Jimmy Rolder,LB,LB,Big Ten,118,2,3,Rounds 4-5,Rounds 6-7,Incorrect,1,0.03501519603509507,0.1316354749248029,0.1914818685232176,0.2949807177974982,0.34688674271938624
2026,Aiden Fisher,LB,LB,Big Ten,243,3,1,Rounds 6-7,Rounds 2-3,Incorrect,2,0.2887986761849925,0.4023620504177163,0.17079456504638912,0.09273461271106997,0.045310095639832126
2026,Wade Woodaz,LB,LB,ACC,123,2,3,Rounds 4-5,Rounds 6-7,Incorrect,1,0.0225320177763233,0.09018824601131396,0.14897485366690172,0.28294922157556146,0.45535566096989954
2026,Jack Kelly,LB,LB,Big 12,193,3,3,Rounds 6-7,Rounds 6-7,Correct,0,0.053052375053471025,0.18286631055062788,0.2268720752767695,0.2812577456962278,0.2559514934229038
2026,Kaleb Elarms-Orr,LB,LB,Big 12,126,2,2,Rounds 4-5,Rounds 4-5,Correct,0,0.07804487913431962,0.24007287267199168,0.24741287739015294,0.2490223031102602,0.18544706769327557
2026,Scooby Williams,LB,LB,SEC,300,4,4,Undrafted,Undrafted,Correct,0,0.011305777856600443,0.047978655223856345,0.09025477694960463,0.2228481023071003,0.6276126876628383
2026,Justin Jefferson,LB,LB,SEC,149,2,3,Rounds 4-5,Rounds 6-7,Incorrect,1,0.057799493003438784,0.1948632548003824,0.23274475227880004,0.2755332981864078,0.23905920173097095
2026,Xavian Sorey,LB,LB,SEC,300,4,3,Undrafted,Rounds 6-7,Incorrect,1,0.03263107696010077,0.12412865201316152,0.18477479991995194,0.294864239778564,0.36360123132822175
2026,Namdi Obiazor,LB,LB,Big 12,212,3,3,Rounds 6-7,Rounds 6-7,Correct,0,0.030045598632980185,0.11577604664987458,0.1768149408737866,0.29382342179152976,0.38353999205182887
2026,Owen Heinecke,LB,LB,SEC,300,4,3,Undrafted,Rounds 6-7,Incorrect,1,0.03586358581869797,0.13426260286947267,0.1937316520442745,0.29485694257207345,0.3412852166954814
2026,Kendal Daniels,LB,LB,SEC,134,2,3,Rounds 4-5,Rounds 6-7,Incorrect,1,0.03200270803916834,0.12211916272862168,0.1829082517935228,0.29470637899318086,0.3682634984455063
2026,Eric Gentry,LB,LB,Big Ten,300,4,3,Undrafted,Rounds 6-7,Incorrect,1,0.03360908328017006,0.12723042758345895,0.18759660610111373,0.29500023915720774,0.3565636438780495
2026,Karson Sharar,LB,LB,Big Ten,183,3,2,Rounds 6-7,Rounds 4-5,Incorrect,1,0.08023072772453557,0.2444289758163379,0.2482261654903014,0.24615550275555786,0.18095862821326725
2026,Wesley Bissainthe,LB,LB,ACC,300,4,3,Undrafted,Rounds 6-7,Incorrect,1,0.030426883016113196,0.11702192149068082,0.17803612841068292,0.2940448964460285,0.3804701706364946
2026,Rueben Bain Jr.,EDGE,DL,ACC,15,0,1,Round 1,Rounds 2-3,Incorrect,1,0.3818551225457171,0.3911039048348304,0.1317923762695462,0.06499445187493813,0.030254144474968214
2026,Arvell Reese,EDGE,DL,Big Ten,5,0,1,Round 1,Rounds 2-3,Incorrect,1,0.3564365264342503,0.39679324092701074,0.14168785091054925,0.07145529653047455,0.03362708519771518
2026,David Bailey,EDGE,DL,Big 12,2,0,0,Round 1,Round 1,Correct,0,0.58241279061818,0.302465803574271,0.07057001352761516,0.030921529309568707,0.01362986297036517
2026,Cashius Howell,EDGE,DL,SEC,41,1,1,Rounds 2-3,Rounds 2-3,Correct,0,0.3911721215285638,0.3886086375034445,0.12830339325024154,0.0627934969051035,0.02912235081264669
2026,Akheem Mesidor,EDGE,DL,ACC,22,0,2,Round 1,Rounds 4-5,Incorrect,2,0.11643152046644097,0.304271431074678,0.24885490986022157,0.2028498488248105,0.12759228977384895
2026,R Mason Thomas,EDGE,DL,SEC,40,1,1,Rounds 2-3,Rounds 2-3,Correct,0,0.18693358208601588,0.37197103935435494,0.22060175570246432,0.14315173137055892,0.07734189148660597
2026,T.J. Parker,EDGE,DL,ACC,35,1,1,Rounds 2-3,Rounds 2-3,Correct,0,0.3563112483127088,0.39681698399277643,0.14173801208869907,0.07148891705839566,0.033644838547420064
2026,Anthony Lucas,EDGE,DL,Big Ten,300,4,3,Undrafted,Rounds 6-7,Incorrect,1,0.05861943054997668,0.19687796404665,0.23364687462114286,0.2745066970683365,0.23634903371389393
2026,Malachi Lawrence,EDGE,DL,Big 12,23,0,2,Round 1,Rounds 4-5,Incorrect,2,0.06650558711844183,0.21543177297952215,0.24084747429283404,0.2642985222446804,0.21291664336452154
2026,Gabe Jacas,EDGE,DL,Big Ten,55,1,3,Rounds 2-3,Rounds 6-7,Incorrect,2,0.03825631922285897,0.14154972769540336,0.19971357144214327,0.29410904616102485,0.32637133547856956
2026,Joshua Josephs,EDGE,DL,SEC,147,2,2,Rounds 4-5,Rounds 4-5,Correct,0,0.10152517865638816,0.28223586655071886,0.2509450195660103,0.2195886920016623,0.14570524322522038
2026,Zion Young,EDGE,DL,SEC,45,1,4,Rounds 2-3,Undrafted,Incorrect,3,0.009783808004721272,0.041857182204114586,0.08024983327787497,0.20702888141949227,0.6610802950937968
2026,Romello Height,EDGE,DL,Big 12,70,1,2,Rounds 2-3,Rounds 4-5,Incorrect,1,0.07603682907720381,0.23598643624429916,0.24655576745058633,0.25166983120006314,0.18975113602784754
2026,Keyron Crawford,EDGE,DL,SEC,67,1,3,Rounds 2-3,Rounds 6-7,Incorrect,2,0.028819109534820236,0.11173480785844327,0.17277056340975888,0.29293318891407244,0.3937423302829052
2026,Derrick Moore,EDGE,DL,Big Ten,44,1,2,Rounds 2-3,Rounds 4-5,Incorrect,1,0.083737266692968,0.2512214335507077,0.2492882959468068,0.24159829221984597,0.17415471158967155
2026,Dani Dennis-Sutton,EDGE,DL,Big Ten,120,2,1,Rounds 4-5,Rounds 2-3,Incorrect,1,0.18846801686868092,0.3729161806685746,0.21984706560752643,0.14214196189753303,0.076626774957685
2026,Nadame Tucker,EDGE,DL,MAC,300,4,3,Undrafted,Rounds 6-7,Incorrect,1,0.055113941787703194,0.18814686742293396,0.22956346904261368,0.27882367748511544,0.2483520442616337
2026,Tyreak Sapp,EDGE,DL,SEC,300,4,2,Undrafted,Rounds 4-5,Incorrect,2,0.06717475761850004,0.21693968352326848,0.2413463154314489,0.26341500933420325,0.2111242340925793
2026,Wesley Williams,EDGE,DL,ACC,119,2,3,Rounds 4-5,Rounds 6-7,Incorrect,1,0.043026750104310445,0.15555592669723833,0.21017537480330284,0.2912064890218555,0.3000354593732929
2026,Caden Curry,EDGE,DL,Big Ten,214,3,3,Rounds 6-7,Rounds 6-7,Correct,0,0.056096323300022725,0.19062482732368272,0.230768493420535,0.2776340910768642,0.24487626487889536
2026,Quintayvious Hutchins,EDGE,DL,ACC,247,3,4,Rounds 6-7,Undrafted,Incorrect,1,0.017719387668272926,0.07270694255423223,0.1267213973784821,0.2663244957408657,0.5165277766581471
2026,Trey Moore,EDGE,DL,SEC,130,2,2,Rounds 4-5,Rounds 4-5,Correct,0,0.12220139431011957,0.3119410700164927,0.24745108272529198,0.19680331258800765,0.12160314036008812
2026,Vincent Anthony Jr.,EDGE,DL,ACC,300,4,3,Undrafted,Rounds 6-7,Incorrect,1,0.03920973842839305,0.1444039157516382,0.2019546353179806,0.2936651954893689,0.3207665150126192
2026,Logan Fano,EDGE,DL,Big 12,300,4,3,Undrafted,Rounds 6-7,Incorrect,1,0.03481217500206812,0.1310033896098316,0.19093309906914846,0.29499826205683244,0.3482530742621194
2026,Max Llewellyn,EDGE,DL,Big Ten,238,3,3,Rounds 6-7,Rounds 6-7,Correct,0,0.02362917744512362,0.09405110077351715,0.153526468628178,0.28547906425060476,0.44331418890257646
2026,George Gumbs Jr.,EDGE,DL,SEC,156,2,2,Rounds 4-5,Rounds 4-5,Correct,0,0.0629805307492597,0.20731941964087236,0.23794257839627359,0.2689195133047434,0.22283795790885097
2026,Patrick Payton,EDGE,DL,SEC,300,4,3,Undrafted,Rounds 6-7,Incorrect,1,0.041451670046292445,0.15100670825718887,0.20692373686357532,0.29234168745624395,0.3082761973766994
2026,Aidan Hubbard,EDGE,DL,Big Ten,300,4,3,Undrafted,Rounds 6-7,Incorrect,1,0.04674900083946321,0.1660210744111696,0.21713612945027644,0.2879792954486844,0.2821144998504064
2026,Jack Pyburn,EDGE,DL,SEC,300,4,3,Undrafted,Rounds 6-7,Incorrect,1,0.052259379464317454,0.18080567845106787,0.22577580276312798,0.2821684276816821,0.2589907116398046
2026,Marvin Jones Jr.,EDGE,DL,SEC,300,4,2,Undrafted,Rounds 4-5,Incorrect,2,0.086842905446008,0.2570418192145938,0.2499990849527456,0.23761335407869755,0.16850283630795504
2026,Nyjalik Kelly,EDGE,DL,Big 12,300,4,3,Undrafted,Rounds 6-7,Incorrect,1,0.03291299426223849,0.12502597646418764,0.18559850458298358,0.2949167927180645,0.3615457319725258
2026,Mason Reiger,EDGE,DL,Big Ten,300,4,2,Undrafted,Rounds 4-5,Incorrect,2,0.06741532203798413,0.21747930906394491,0.24152172074976608,0.263097046022963,0.21048660212534187
2026,Peter Woods,DL,DL,ACC,29,0,1,Round 1,Rounds 2-3,Incorrect,1,0.3350003141542327,0.4001907854749215,0.15047292636293785,0.07748859288985399,0.03684738111805397
2026,Lee Hunter,DL,DL,Big 12,49,1,3,Rounds 2-3,Rounds 6-7,Incorrect,2,0.037948665882159185,0.14062275819728393,0.1989734882247596,0.29423556836807496,0.3282195193277223
2026,Kayden McDonald,DL,DL,Big Ten,36,1,2,Rounds 2-3,Rounds 4-5,Incorrect,1,0.07526798607616693,0.23439999803425227,0.24619838427712093,0.25268634100183707,0.19144729061062282
2026,Keldric Faulk,DL,DL,SEC,31,0,1,Round 1,Rounds 2-3,Incorrect,1,0.49628343081036513,0.348191823422814,0.09360433714033234,0.04273467000383724,0.01918573862265127
2026,Christen Miller,DL,DL,SEC,42,1,2,Rounds 2-3,Rounds 4-5,Incorrect,1,0.08876226117917171,0.26054965527893303,0.2503386303126211,0.2351777038955617,0.16517174933371248
2026,Caleb Banks,DL,DL,SEC,18,0,2,Round 1,Rounds 4-5,Incorrect,2,0.08800472485389055,0.25917320964245555,0.2502133642660171,0.23613641826466714,0.16647228297296968
2026,Jaishawn Barham,DL,DL,Big Ten,92,1,3,Rounds 2-3,Rounds 6-7,Incorrect,2,0.0404288602211329,0.14801316344158214,0.20470782874013851,0.2929912691256525,0.31385887847149396
2026,Chris McClellan,DL,DL,SEC,77,1,2,Rounds 2-3,Rounds 4-5,Incorrect,1,0.0792600198284606,0.24250621611402645,0.2478799344647828,0.24742642934698056,0.1829274002457496
2026,Rayshaun Benny,DL,DL,Big Ten,250,3,3,Rounds 6-7,Rounds 6-7,Correct,0,0.021271841368165754,0.08569616662748664,0.14351869613930537,0.27953033090999246,0.46998296495504976
2026,Domonique Orange,DL,DL,Big 12,82,1,3,Rounds 2-3,Rounds 6-7,Incorrect,2,0.018979022260760103,0.0773685647225716,0.13292766532179814,0.27168046341241275,0.4990442842824574
2026,Dontae Corleone,DL,DL,Big 12,300,4,3,Undrafted,Rounds 6-7,Incorrect,1,0.048855451544153605,0.17177039784646922,0.22065915583800397,0.2858792330923958,0.2728357616789774
2026,Nick Barrett,DL,DL,SEC,145,2,2,Rounds 4-5,Rounds 4-5,Correct,0,0.06570344333438936,0.21361085887774972,0.240227976064963,0.26535545634772173,0.21510226537517618
2026,Darrell Jackson Jr.,DL,DL,ACC,103,2,3,Rounds 4-5,Rounds 6-7,Incorrect,1,0.029159297875327124,0.11286087929275027,0.17391036967927267,0.2932083045266069,0.39086114862604304
2026,LT Overton,DL,DL,SEC,137,2,0,Rounds 4-5,Round 1,Incorrect,2,0.6225947323346663,0.2783131697244463,0.06116512181905531,0.02637932790013775,0.011547648221694296
2026,Tim Keenan,DL,DL,SEC,232,3,3,Rounds 6-7,Rounds 6-7,Correct,0,0.05215243076763006,0.1805265029348099,0.2256252780162274,0.2822900499981836,0.25940573828314906
2026,Zxavian Harris,DL,DL,SEC,300,4,3,Undrafted,Rounds 6-7,Incorrect,1,0.020981034509007703,0.08465105927511361,0.1422237717423157,0.2786568263734811,0.4734873081000819
2026,Skyler Gill-Howard,DL,DL,Big 12,205,3,3,Rounds 6-7,Rounds 6-7,Correct,0,0.05144079983820313,0.17866118331065012,0.224607237449971,0.2830916782172983,0.26219910118387746
2026,Gracen Halton,DL,DL,SEC,107,2,2,Rounds 4-5,Rounds 4-5,Correct,0,0.11108968945472578,0.29675528610885116,0.24988467592950414,0.2086619614728864,0.13360838703403255
2026,DeMonte Capehart,DL,DL,ACC,155,2,2,Rounds 4-5,Rounds 4-5,Correct,0,0.10144561207600118,0.28210910046647497,0.2509490185612651,0.21968237830541415,0.1458138905908446
2026,Albert Regis,DL,DL,SEC,81,1,2,Rounds 2-3,Rounds 4-5,Incorrect,1,0.14004396461841526,0.332945423540123,0.24163007187030988,0.17955959502590157,0.1058209449452503
2026,Tyler Onyedim,DL,DL,SEC,66,1,3,Rounds 2-3,Rounds 6-7,Incorrect,2,0.04721717442977463,0.16730954024026976,0.2179439897500998,0.287527586648963,0.2800017089308928
2026,Bryson Eason,DL,DL,SEC,300,4,2,Undrafted,Rounds 4-5,Incorrect,2,0.08654504331103127,0.256491384233382,0.24993973890193255,0.23799325743100808,0.16903057612264605
2026,David Gusta,DL,DL,SEC,300,4,3,Undrafted,Rounds 6-7,Incorrect,1,0.04438053634685947,0.15940804651140505,0.21282096098978406,0.2901139566684958,0.2932764994834556
2026,Brandon Cleveland,DL,DL,ACC,229,3,3,Rounds 6-7,Rounds 6-7,Correct,0,0.021348528346121706,0.08597123305732002,0.14385790121567332,0.27975519916864394,0.469067138212241
2026,Zane Durant,DL,DL,Big Ten,181,3,2,Rounds 6-7,Rounds 4-5,Incorrect,1,0.11273367597742028,0.29911219106319575,0.24959784354273357,0.20685111617056706,0.13170517324608333
2026,Damonic Williams,DL,DL,SEC,300,4,1,Undrafted,Rounds 2-3,Incorrect,3,0.2060706463995832,0.38248596967858006,0.21108822455502907,0.1312364947258633,0.0691186646409444
2026,Gary Smith III,DL,DL,Big Ten,300,4,3,Undrafted,Rounds 6-7,Incorrect,1,0.05214094212519701,0.18049649540236337,0.22560907018555731,0.2823030974636419,0.2594503948232404
2026,Cameron Ball,DL,DL,SEC,300,4,3,Undrafted,Rounds 6-7,Incorrect,1,0.044629494415662926,0.16011068031304743,0.2132929734275622,0.28990231766320984,0.2920645341805176
2026,Bobby Jamison-Travis,DL,DL,SEC,186,3,3,Rounds 6-7,Rounds 6-7,Correct,0,0.020621265408726747,0.08335367641231703,0.14060272470631863,0.2775296233950882,0.4778927100775494
2026,Deven Eastern,DL,DL,Big Ten,242,3,3,Rounds 6-7,Rounds 6-7,Correct,0,0.056107789435183776,0.19065360500963402,0.23078227204150717,0.2776201049462885,0.24483622856738652
2026,Jackie Marshall,DL,DL,Big 12,184,3,3,Rounds 6-7,Rounds 6-7,Correct,0,0.03741383511328385,0.13900431651144235,0.19766685520868604,0.2944351195023958,0.33147987366419196
2026,Caleb Downs,SAF,Secondary,Big Ten,11,0,0,Round 1,Round 1,Correct,0,0.5302150598863687,0.3312825632752884,0.08402020416064393,0.03769301221098442,0.016789160466714526
2026,Emmanuel McNeil-Warren,SAF,Secondary,MAC,58,1,3,Rounds 2-3,Rounds 6-7,Incorrect,2,0.04150956618634119,0.15117522427893176,0.20704666926629187,0.2923027666611228,0.30796577360731237
2026,Dillon Thieneman,SAF,Secondary,Big Ten,25,0,0,Round 1,Round 1,Correct,0,0.6188037688539844,0.28065732787389075,0.06201998719452073,0.026786018555196578,0.011732897522407582
2026,Genesis Smith,SAF,Secondary,Big 12,131,2,3,Rounds 4-5,Rounds 6-7,Incorrect,1,0.05470808015264887,0.1871159408678273,0.22905127270923722,0.27930986759276843,0.2498148386775182
2026,A.J. Haulcy,SAF,Secondary,SEC,78,1,3,Rounds 2-3,Rounds 6-7,Incorrect,2,0.050081852443157764,0.1750616297608544,0.2225818444365589,0.284582909381051,0.2676917639783779
2026,Treydan Stukes,SAF,Secondary,Big 12,38,1,3,Rounds 2-3,Rounds 6-7,Incorrect,2,0.045729885801652256,0.16319508824243067,0.21532683953659235,0.2889299664578185,0.28681821996150625
2026,Zakee Wheatley,SAF,Secondary,Big Ten,151,2,3,Rounds 4-5,Rounds 6-7,Incorrect,1,0.05852516867744836,0.19664719250258741,0.2335447545296387,0.274625175677889,0.2366577086124365
2026,Kamari Ramsey,SAF,Secondary,Big Ten,141,2,2,Rounds 4-5,Rounds 4-5,Correct,0,0.0776248104878739,0.2392247859158046,0.24724250215788435,0.24957515394126673,0.18633274749717044
2026,Robert Spears-Jennings,SAF,Secondary,SEC,224,3,2,Rounds 6-7,Rounds 4-5,Incorrect,1,0.06365662061230941,0.20889761854759004,0.23853708797369993,0.2680386525235988,0.2208700203428018
2026,Bud Clark,SAF,Secondary,Big 12,64,1,3,Rounds 2-3,Rounds 6-7,Incorrect,2,0.03237153282607219,0.12330022596356957,0.18400898343713104,0.2948059568755994,0.3655133008976278
2026,Bishop Fitzgerald,SAF,Secondary,Big Ten,300,4,2,Undrafted,Rounds 4-5,Incorrect,2,0.067587531307229,0.21786480578076034,0.24164602364233068,0.2628693295225266,0.21003230974715337
2026,VJ Payne,SAF,Secondary,Big 12,228,3,3,Rounds 6-7,Rounds 6-7,Correct,0,0.03965445419626427,0.14572572991621924,0.20297334676278514,0.29343265059135765,0.3182138185333737
2026,Michael Taaffe,SAF,Secondary,SEC,158,2,2,Rounds 4-5,Rounds 4-5,Correct,0,0.11168977530531374,0.2976201736795797,0.24978321181923996,0.20799868237839703,0.1329081568174696
2026,Louis Moore,SAF,Secondary,Big Ten,300,4,3,Undrafted,Rounds 6-7,Incorrect,1,0.04268190744135307,0.15456617621268615,0.2094797321289852,0.2914681343673122,0.30180404984966336
2026,Lorenzo Styles,SAF,Secondary,Big Ten,172,3,2,Rounds 6-7,Rounds 4-5,Incorrect,1,0.10590407803116081,0.28905781016203236,0.2505965415049683,0.21450334360452517,0.13993822669731337
2026,Jakobe Thomas,SAF,Secondary,ACC,98,2,2,Rounds 4-5,Rounds 4-5,Correct,0,0.07152777800501703,0.22650620918836162,0.244214267371546,0.2576450819766125,0.20010666345846284
2026,Jalon Kilgore,SAF,Secondary,SEC,167,3,2,Rounds 6-7,Rounds 4-5,Incorrect,1,0.07853007927133165,0.2410480378723407,0.24760392900385464,0.24838445779673524,0.18443349605573778
2026,Xavier Nwankpa,SAF,Secondary,Big Ten,300,4,3,Undrafted,Rounds 6-7,Incorrect,1,0.04445569546332215,0.15962035553115447,0.2129639265665122,0.29005040078019423,0.29290962165881695
2026,DeShon Singleton,SAF,Secondary,Big Ten,300,4,3,Undrafted,Rounds 6-7,Incorrect,1,0.051895317447251635,0.17985410706229255,0.2252607723823305,0.2825812301305531,0.26040857297757225
2026,Jalen Huskey,SAF,Secondary,Big Ten,100,2,3,Rounds 4-5,Rounds 6-7,Incorrect,1,0.031130706350610056,0.1193088236771003,0.18024658105883354,0.2943893005105611,0.374924588402895
2026,Ahmaad Moses,SAF,Secondary,ACC,300,4,2,Undrafted,Rounds 4-5,Incorrect,2,0.08101524344791439,0.24596936928464075,0.24848902459398198,0.245131131719319,0.1793952309541439
2026,Dalton Johnson,SAF,Secondary,Big 12,150,2,3,Rounds 4-5,Rounds 6-7,Incorrect,1,0.03134856171138981,0.12001331937801563,0.18091945232912301,0.2944795879429773,0.37323907863849426
2026,Kenyon Sadiq,TE,Skill,Big Ten,16,0,1,Round 1,Rounds 2-3,Incorrect,1,0.2682271089107592,0.40065668706090596,0.1804282320512578,0.10073579653577103,0.049952175441306035
2026,Michael Trigg,TE,Skill,Big 12,300,4,3,Undrafted,Rounds 6-7,Incorrect,1,0.02786043159995434,0.10853994046235975,0.16948208756291788,0.2920338424097725,0.40208369796499555
2026,Eli Stowers,TE,Skill,SEC,54,1,0,Rounds 2-3,Round 1,Incorrect,1,0.7739683635735457,0.175707367849114,0.03168569514777153,0.013041721703877407,0.005596851725691354
2026,Nate Boerkircher,TE,Skill,SEC,56,1,3,Rounds 2-3,Rounds 6-7,Incorrect,2,0.05675482760829059,0.1922721692273266,0.23154928285625298,0.27682728388761296,0.24259643642051687
2026,Max Klare,TE,Skill,Big Ten,61,1,1,Rounds 2-3,Rounds 2-3,Correct,0,0.3301224362156679,0.4007681589923156,0.15252911261009594,0.07894499354211204,0.03763529863980852
2026,Josh Cuevas,TE,Skill,SEC,173,3,3,Rounds 6-7,Rounds 6-7,Correct,0,0.04970838889600447,0.1740637077635545,0.2220060493232996,0.28498290325849807,0.26923895075864335
2026,Jack Endries,TE,Skill,SEC,221,3,2,Rounds 6-7,Rounds 4-5,Incorrect,1,0.1320368264695068,0.32400414181102244,0.24448067349294722,0.18703413071570352,0.11244422751082006
2026,Eli Raridon,TE,Skill,FBS Independent,95,1,2,Rounds 2-3,Rounds 4-5,Incorrect,1,0.08337653391881593,0.2505335902482366,0.24919214517479626,0.242064442795766,0.17483328786238517
2026,Will Kacmarek,TE,Skill,Big Ten,87,1,3,Rounds 2-3,Rounds 6-7,Incorrect,2,0.057340763878355246,0.19372882081433168,0.23222624559781407,0.27610353303291263,0.24060063667658638
2026,Oscar Delp,TE,Skill,SEC,73,1,1,Rounds 2-3,Rounds 2-3,Correct,0,0.2033413557467289,0.3811496092965773,0.2124544502470378,0.1328494326834163,0.07020515202623967
2026,Joe Royer,TE,Skill,Big 12,170,3,4,Rounds 6-7,Undrafted,Incorrect,1,0.006078012562335195,0.026525013307798516,0.05334619664707045,0.15492391273013736,0.7591268647526584
2026,Dallen Bentley,TE,Skill,Big 12,256,3,2,Rounds 6-7,Rounds 4-5,Incorrect,1,0.07241458369840593,0.22840459541391234,0.24472283377607973,0.25646809970914264,0.19798988740245937
2026,Marlin Klein,TE,Skill,Big Ten,59,1,3,Rounds 2-3,Rounds 6-7,Incorrect,2,0.05931021829877732,0.19856249277956362,0.23438283574041624,0.2736350192948436,0.23410943388639927
2026,Justin Joly,TE,Skill,ACC,152,2,2,Rounds 4-5,Rounds 4-5,Correct,0,0.06713329445398503,0.2168465435128013,0.24131587443765584,0.2634697954819427,0.2112344921136151
2026,Sam Roush,TE,Skill,ACC,69,1,3,Rounds 2-3,Rounds 6-7,Incorrect,2,0.05850268805422336,0.196592123229741,0.2335203392211715,0.27465341468362464,0.23673143481123948
2026,Dae'Quan Wright,TE,Skill,SEC,300,4,1,Undrafted,Rounds 2-3,Incorrect,3,0.16108649931535626,0.3530624743814138,0.23285286021975926,0.16178541486397047,0.09121275121950023
2026,Tanner Koziol,TE,Skill,Big 12,164,3,3,Rounds 6-7,Rounds 6-7,Correct,0,0.035217760108126626,0.13226482201821524,0.1920253733838584,0.2949584809195455,0.3455335635702542
2026,John Michael Gyllenborg,TE,Skill,Mountain West,300,4,4,Undrafted,Undrafted,Correct,0,0.014252754193421181,0.05955126351441765,0.10808544641508026,0.24675903353668352,0.5713515023403974
2026,Miles Kitselman,TE,Skill,SEC,300,4,3,Undrafted,Rounds 6-7,Incorrect,1,0.025311793355822274,0.09988960357578512,0.16016506643290682,0.2886445839609323,0.4259889526745535
2026,Bauer Sharp,TE,Skill,SEC,185,3,2,Rounds 6-7,Rounds 4-5,Incorrect,1,0.12178909212433194,0.31140799529549723,0.24756049730359425,0.19722751478538325,0.12201490049119335
2026,Matthew Hibner,TE,Skill,ACC,133,2,3,Rounds 4-5,Rounds 6-7,Incorrect,1,0.05771840716606103,0.19466311072391762,0.23265382692192105,0.27563431638940383,0.23933033879869647
2026,DJ Rogers,TE,Skill,Big 12,300,4,3,Undrafted,Rounds 6-7,Incorrect,1,0.0249046994707515,0.09848644299141615,0.158595762959517,0.2879524533771434,0.43006064120117193
2026,Lake McRee,TE,Skill,Big Ten,300,4,3,Undrafted,Rounds 6-7,Incorrect,1,0.03658593136165851,0.13648142384023082,0.19559304851543957,0.2946904837744383,0.3366491125082328
2026,Riley Nowakowski,TE,Skill,Big Ten,169,3,2,Rounds 6-7,Rounds 4-5,Incorrect,1,0.09973623440608902,0.2793610342756783,0.2510136702486189,0.22170605686252576,0.14818300420708796
2026,RJ Maryland,TE,Skill,ACC,300,4,2,Undrafted,Rounds 4-5,Incorrect,2,0.07195292418840765,0.22741841962948128,0.24446113285423038,0.2570807842096857,0.19908673911819497
2026,Jaren Kanak,TE,Skill,SEC,225,3,2,Rounds 6-7,Rounds 4-5,Incorrect,1,0.07838871244818468,0.2407644034866217,0.24754889529881446,0.24857021643494548,0.18472777233143367
2026,Khalil Dinkins,TE,Skill,Big Ten,300,4,3,Undrafted,Rounds 6-7,Incorrect,1,0.04062829458741137,0.14859932333243747,0.2051465239713072,0.29287039733003073,0.3127554607788132
2026,Fernando Mendoza,QB,Skill,Big Ten,1,0,4,Round 1,Undrafted,Incorrect,4,0.005857392646091139,0.025592672908485836,0.051621680749631284,0.15106583123662387,0.7658624224591679
2026,Ty Simpson,QB,Skill,SEC,13,0,4,Round 1,Undrafted,Incorrect,4,0.0003644069127710948,0.0016406058630439627,0.003569149788053205,0.012989838674565189,0.9814359987615665
2026,Garrett Nussmeier,QB,Skill,SEC,249,3,4,Rounds 6-7,Undrafted,Incorrect,1,0.003238760136236133,0.014353566431614392,0.029993313280613002,0.09668807806781762,0.8557262820837188
2026,Cade Klubnik,QB,Skill,ACC,110,2,4,Rounds 4-5,Undrafted,Incorrect,2,0.0005134583059550729,0.0023097588211697133,0.005014208071480314,0.018126362278267402,0.9740362125231274
2026,Drew Allar,QB,Skill,Big Ten,76,1,3,Rounds 2-3,Rounds 6-7,Incorrect,2,0.029700998659790562,0.11464579418634635,0.17569666765330474,0.29360127431267335,0.386355265187885
2026,Carson Beck,QB,Skill,ACC,65,1,0,Rounds 2-3,Round 1,Incorrect,1,0.5727415378784558,0.3080369074397624,0.07295200165929439,0.03209635343563122,0.014173199586856144
2026,Behren Morton,QB,Skill,Big 12,234,3,1,Rounds 6-7,Rounds 2-3,Incorrect,2,0.1716761852339148,0.3615206638065134,0.2279645518278659,0.15376200024515474,0.08507659888655117
2026,Sawyer Robertson,QB,Skill,Big 12,300,4,3,Undrafted,Rounds 6-7,Incorrect,1,0.04277831594580311,0.15484323368813122,0.20967511939487274,0.29139569790615144,0.3013076330650415
2026,Luke Altmyer,QB,Skill,Big Ten,300,4,3,Undrafted,Rounds 6-7,Incorrect,1,0.03945289110834104,0.14512737608370996,0.2025136959857572,0.293539993299363,0.3193660435228288
2026,Taylen Green,QB,Skill,SEC,182,3,1,Rounds 6-7,Rounds 2-3,Incorrect,2,0.22966741769077909,0.3919895192779254,0.1992731177596324,0.11835290223980721,0.06071704303185588
2026,Jalon Daniels,QB,Skill,Big 12,300,4,1,Undrafted,Rounds 2-3,Incorrect,3,0.2281237110983871,0.39147396380924704,0.20004305514113907,0.11914151083572899,0.06121775911549776
2026,Diego Pavia,QB,Skill,SEC,300,4,3,Undrafted,Rounds 6-7,Incorrect,1,0.04716373164662774,0.16716276909855024,0.217852501992121,0.28757960681880196,0.28024139044389906
2026,Haynes King,QB,Skill,ACC,300,4,2,Undrafted,Rounds 4-5,Incorrect,2,0.09263937669378419,0.26743333790639345,0.2508103928698039,0.23032662411732585,0.15879026841269261
2026,Joe Fagnano,QB,Skill,FBS Independent,300,4,3,Undrafted,Rounds 6-7,Incorrect,1,0.03828786821716279,0.14164462063862884,0.19978899319731494,0.2940955990048663,0.3261829189420271
2026,Joey Aguilar,QB,Skill,SEC,300,4,0,Undrafted,Round 1,Incorrect,4,0.7985373500136076,0.1576886756397713,0.0276315336357299,0.011303747576091872,0.004838693134799343
2026,Jermod McCoy,CB,Secondary,SEC,101,2,0,Rounds 4-5,Round 1,Incorrect,2,0.7079961529877375,0.22237786103745305,0.04350436845330474,0.018235657671733074,0.007885959849771584
2026,Avieon Terrell,CB,Secondary,ACC,48,1,1,Rounds 2-3,Rounds 2-3,Correct,0,0.3977439281610738,0.3867251566456203,0.12588591442958574,0.06129057882058009,0.028354421943140085
2026,Mansoor Delane,CB,Secondary,SEC,6,0,3,Round 1,Rounds 6-7,Incorrect,3,0.033675623540993425,0.12744032649089776,0.1877849765865324,0.2950048644360254,0.356094208945551
2026,Colton Hood,CB,Secondary,SEC,37,1,2,Rounds 2-3,Rounds 4-5,Incorrect,1,0.08675184584691668,0.25687371931681013,0.24998113546289374,0.23772944100145632,0.1686638583719231
2026,Keith Abney,CB,Secondary,Big 12,157,2,2,Rounds 4-5,Rounds 4-5,Correct,0,0.10341211824790293,0.285212552915422,0.25082522929520074,0.21738028026072076,0.14316981928075356
2026,Chris Johnson,CB,Secondary,Mountain West,27,0,4,Round 1,Undrafted,Incorrect,4,0.016569328099478635,0.06839615194973056,0.12079989635895999,0.2606822652946664,0.5335523582971644
2026,D'Angelo Ponds,CB,Secondary,Big Ten,50,1,1,Rounds 2-3,Rounds 2-3,Correct,0,0.31916478682865496,0.40178230856206915,0.15722560030913568,0.0823393054106818,0.03948799888945842
2026,Keionte Scott,CB,Secondary,ACC,116,2,1,Rounds 4-5,Rounds 2-3,Incorrect,1,0.17173733716175626,0.36156652912983406,0.22793569216399456,0.15371730497566172,0.0850431365687534
2026,Brandon Cisse,CB,Secondary,SEC,52,1,2,Rounds 2-3,Rounds 4-5,Incorrect,1,0.09246692922369261,0.2671328079023776,0.2507951886796356,0.23054034713587668,0.15906472705841757
2026,Devin Moore,CB,Secondary,SEC,114,2,3,Rounds 4-5,Rounds 6-7,Incorrect,1,0.03896349161440801,0.1436694112169519,0.20138333074683418,0.293787116866239,0.3221966495555669
2026,Julian Neal,CB,Secondary,SEC,99,2,2,Rounds 4-5,Rounds 4-5,Correct,0,0.10564726831260614,0.2886659956225291,0.25062368029771176,0.21479773710072614,0.14026531866642689
2026,Will Lee III,CB,Secondary,SEC,129,2,2,Rounds 4-5,Rounds 4-5,Correct,0,0.09651176002547626,0.2740468547885496,0.2510198230183639,0.2255797817564914,0.15284178041111884
2026,Malik Muhammad,CB,Secondary,SEC,124,2,0,Rounds 4-5,Round 1,Incorrect,2,0.7483969333952679,0.19410886183984755,0.03609839793335223,0.01495834849517419,0.006437458336358115
2026,Davison Igbinosun,CB,Secondary,Big Ten,62,1,2,Rounds 2-3,Rounds 4-5,Incorrect,1,0.06585681158786712,0.21396014556522702,0.24034826154180317,0.26515357303173304,0.21468120827336967
2026,Daylen Everette,CB,Secondary,SEC,85,1,2,Rounds 2-3,Rounds 4-5,Incorrect,1,0.11293358809789633,0.29939611449227105,0.24956108179507713,0.20663225841642086,0.13147695719833463
2026,Chandler Rivers,CB,Secondary,ACC,162,3,2,Rounds 6-7,Rounds 4-5,Incorrect,1,0.0832467095634633,0.2502854347474714,0.24915682593472932,0.24223236436354223,0.17507866539079375
2026,Hezekiah Masses,CB,Secondary,ACC,175,3,4,Rounds 6-7,Undrafted,Incorrect,1,0.01656168351303747,0.06836732120209738,0.12075969471061268,0.2606421599930363,0.5336691405812162
2026,TJ Hall,CB,Secondary,Big Ten,219,3,3,Rounds 6-7,Rounds 6-7,Correct,0,0.04492021367651711,0.1609289271381672,0.21383857552766078,0.289651185968193,0.2906610976894619
2026,Domani Jackson,CB,Secondary,SEC,201,3,2,Rounds 6-7,Rounds 4-5,Incorrect,1,0.0649875567651031,0.21197335685838808,0.2396548407198813,0.2662964007981551,0.21708784485847243
2026,Tacario Davis,CB,Secondary,Big Ten,72,1,3,Rounds 2-3,Rounds 6-7,Incorrect,2,0.049169159180463884,0.17261617379722358,0.22115974067402686,0.28555242557704896,0.2715025007712367
2026,Thaddeus Dixon,CB,Secondary,ACC,300,4,2,Undrafted,Rounds 4-5,Incorrect,2,0.08550068053159961,0.25454845524594655,0.24971710903558497,0.23932920110537637,0.17090455408149252
2026,Ephesians Prysock,CB,Secondary,Big Ten,139,2,2,Rounds 4-5,Rounds 4-5,Correct,0,0.0643404906223457,0.21048313641681043,0.23912001377365705,0.2671446918028174,0.2189116673843694
2026,Jaylon Guilbeau,CB,Secondary,SEC,300,4,1,Undrafted,Rounds 2-3,Incorrect,3,0.17039404374838335,0.36055134120267945,0.2285681516779261,0.15470331800170456,0.08578314536930653
2026,Andre Fuller,CB,Secondary,MAC,236,3,2,Rounds 6-7,Rounds 4-5,Incorrect,1,0.09936454260715162,0.2787572042359099,0.2510222436610681,0.2221488509958751,0.14870715849999527
2026,Jadon Canady,CB,Secondary,Big Ten,109,2,2,Rounds 4-5,Rounds 4-5,Correct,0,0.10212159080342273,0.2831828460878174,0.2509123011705375,0.21888789267464237,0.14489536926358004
2026,Collin Wright,CB,Secondary,ACC,300,4,3,Undrafted,Rounds 6-7,Incorrect,1,0.0426575878674901,0.1544962439170678,0.20943033326520513,0.29148631861350294,0.30192951633673404
2026,Toriano Pride Jr.,CB,Secondary,SEC,220,3,2,Rounds 6-7,Rounds 4-5,Incorrect,1,0.12899023329701134,0.3203988452289762,0.24546992950096536,0.18998930272023606,0.11515168925281105
2026,Ahmari Harvey,CB,Secondary,ACC,300,4,2,Undrafted,Rounds 4-5,Incorrect,2,0.14557764857932085,0.3386928214386532,0.2394786756227431,0.1746320997088482,0.10161875465043468
2026,Latrell McCutchin,CB,Secondary,Big 12,300,4,3,Undrafted,Rounds 6-7,Incorrect,1,0.046567304343170364,0.16551937374795242,0.216818683566712,0.2881521247057244,0.28294251363644085
2026,Avery Smith,CB,Secondary,MAC,300,4,2,Undrafted,Rounds 4-5,Incorrect,2,0.07904802398226736,0.24208381352575709,0.24780117427571924,0.24770446961614234,0.183362518600114
2026,Marcus Allen,CB,Secondary,ACC,300,4,3,Undrafted,Rounds 6-7,Incorrect,1,0.0203151351859141,0.08224584335195867,0.13920657580127033,0.27652868873417846,0.48170375692667844
2026,Jeremiyah Love,RB,Skill,FBS Independent,3,0,0,Round 1,Round 1,Correct,0,0.5160612843483682,0.3385262170876423,0.08793242759389952,0.039728141501475744,0.017751929468614258
2026,Jadarian Price,RB,Skill,FBS Independent,32,0,3,Round 1,Rounds 6-7,Incorrect,3,0.04414292162339818,0.1587357644896753,0.2123663028533464,0.29031294458332374,0.2944420664502564
2026,Kaytron Allen,RB,Skill,Big Ten,187,3,2,Rounds 6-7,Rounds 4-5,Incorrect,1,0.09410543735923597,0.26996742684988645,0.25091896497043564,0.228517602071043,0.15649056874939893
2026,Jonah Coleman,RB,Skill,Big Ten,108,2,3,Rounds 4-5,Rounds 6-7,Incorrect,1,0.05139385701387804,0.17853766503835827,0.22453906719538944,0.2831440775694001,0.2623853331829742
2026,Demond Claiborne,RB,Skill,ACC,198,3,4,Rounds 6-7,Undrafted,Incorrect,1,0.01833145971593071,0.07497984561307487,0.12977275566616078,0.2690284461789669,0.5078874928258668
2026,Emmett Johnson,RB,Skill,Big Ten,161,3,3,Rounds 6-7,Rounds 6-7,Correct,0,0.02904296465412843,0.11247624760174271,0.17352216903278853,0.2931167301967216,0.39184188851461876
2026,Mike Washington,RB,Skill,SEC,122,2,3,Rounds 4-5,Rounds 6-7,Incorrect,1,0.060216731139884475,0.20075541770591043,0.23531603825016179,0.2724826022276169,0.23122921067642643
2026,Seth McGowan,RB,Skill,SEC,237,3,3,Rounds 6-7,Rounds 6-7,Correct,0,0.05363819842223665,0.18437803908022454,0.22765984316861426,0.28057540017267757,0.25374851915624697
2026,Robert Henry,RB,Skill,AAC,300,4,3,Undrafted,Rounds 6-7,Incorrect,1,0.02613040401339345,0.1026931640347051,0.1632516776652055,0.2899042093520991,0.41802054493459684
2026,Nicholas Singleton,RB,Skill,Big Ten,165,3,3,Rounds 6-7,Rounds 6-7,Correct,0,0.0329913064592942,0.12527477573260587,0.18582582569963504,0.29492943833477614,0.36097865377368876
2026,Le'Veon Moss,RB,Skill,SEC,300,4,1,Undrafted,Rounds 2-3,Incorrect,3,0.16187472012581422,0.35372827309149474,0.23249741376450483,0.1611682344448665,0.09073135857331971
2026,Jam Miller,RB,Skill,SEC,245,3,3,Rounds 6-7,Rounds 6-7,Correct,0,0.0313295644241173,0.1199519496012198,0.18086098800194003,0.294472013876903,0.37338548409581984
2026,Desmond Reid,RB,Skill,ACC,300,4,4,Undrafted,Undrafted,Correct,0,0.015869766229680927,0.06574810581916204,0.11707390338588554,0.2568608606359156,0.5444473639293559
2026,Eli Heidenreich,RB,Skill,AAC,230,3,4,Rounds 6-7,Undrafted,Incorrect,1,0.018037242156597074,0.07388912031334677,0.12831451082833822,0.26775335471202055,0.5120057719896973
2026,J'Mari Taylor,RB,Skill,ACC,300,4,3,Undrafted,Rounds 6-7,Incorrect,1,0.027444497465580066,0.1071438644976456,0.16801953029449646,0.29158377509887934,0.40580833264339855
2026,Roman Hemby,RB,Skill,Big Ten,300,4,4,Undrafted,Undrafted,Correct,0,0.0163963226402028,0.06774310682236677,0.11988732348177251,0.2597658524366031,0.5362073946190549
2026,Rahsul Faison,RB,Skill,SEC,300,4,3,Undrafted,Rounds 6-7,Incorrect,1,0.05078155697791296,0.17692117112484218,0.223638214966241,0.28382186513383173,0.26483719179717213
2026,Max Bredeson,RB,Skill,Big Ten,159,2,4,Rounds 4-5,Undrafted,Incorrect,2,0.018895642055975322,0.07706190992563781,0.1325256067164906,0.27135057045877575,0.5001662708431205
2026,Adam Randall,RB,Skill,ACC,174,3,3,Rounds 6-7,Rounds 6-7,Correct,0,0.03799965331860722,0.1407765872435587,0.19909672105675533,0.2942151825247229,0.32791185585635585
2026,CJ Donaldson,RB,Skill,Big Ten,300,4,3,Undrafted,Rounds 6-7,Incorrect,1,0.054595395024672595,0.18682896133668503,0.2289075530154105,0.2794442790569382,0.2502238115662937
2026,Noah Whittington,RB,Skill,Big Ten,300,4,2,Undrafted,Rounds 4-5,Incorrect,2,0.15114210452886526,0.3441344906538196,0.23719135413263476,0.16986427738237697,0.09766777330230336
2026,Olaivavega Ioane,IOL,OL,Big Ten,14,0,3,Round 1,Rounds 6-7,Incorrect,3,0.048101500375059884,0.16972666854540125,0.2194308970078961,0.28665037762292295,0.2760905564487198
2026,Connor Lew,IOL,OL,SEC,128,2,3,Rounds 4-5,Rounds 6-7,Incorrect,1,0.02247780946031641,0.08999623492935306,0.14874524464949035,0.2828138469834309,0.45596686397740926
2026,Trey Zuhn III,IOL,OL,SEC,91,1,4,Rounds 2-3,Undrafted,Incorrect,3,0.015676147788664233,0.06501171678114046,0.11602562729727818,0.25574748352463866,0.5475390246082785
2026,Chase Bisontis,IOL,OL,SEC,34,1,3,Rounds 2-3,Rounds 6-7,Incorrect,2,0.04534298136170288,0.1621145229855624,0.21462136536358573,0.2892785235991188,0.28864260669003017
2026,Emmanuel Pregnon,IOL,OL,Big Ten,88,1,2,Rounds 2-3,Rounds 4-5,Incorrect,1,0.1069037087458149,0.2905732920989266,0.2504833335891274,0.21336200252556858,0.1386776630405625
2026,Gennings Dunker,IOL,OL,Big Ten,96,1,3,Rounds 2-3,Rounds 6-7,Incorrect,2,0.05849527297266124,0.1965739562729756,0.23351228087424009,0.2746627276775909,0.23675576220253214
2026,Billy Schrauth,IOL,OL,FBS Independent,160,2,4,Rounds 4-5,Undrafted,Incorrect,2,0.017781429339477434,0.07293800333584567,0.12703381102819328,0.2666076567731222,0.5156390995233614
2026,Alex Harkey,IOL,OL,Big Ten,206,3,3,Rounds 6-7,Rounds 6-7,Correct,0,0.027876044506128607,0.10859222729733373,0.1695365607309079,0.2920500115023183,0.4019451559633115
2026,Parker Brailsford,IOL,OL,SEC,146,2,0,Rounds 4-5,Round 1,Incorrect,2,0.5816662068395181,0.30289938784393255,0.07075219528681742,0.03101102606732975,0.01367118396240219
2026,Keylan Rutledge,IOL,OL,ACC,26,0,3,Round 1,Rounds 6-7,Incorrect,3,0.03796561492006421,0.14067390235401814,0.19901447838124858,0.29422881768644976,0.3281171866582193
2026,Jake Slaughter,IOL,OL,SEC,63,1,1,Rounds 2-3,Rounds 2-3,Correct,0,0.3773401227041402,0.3922367712485205,0.1335094785903207,0.06609190828235445,0.03082171917466414
2026,Brian Parker II,IOL,OL,ACC,189,3,4,Rounds 6-7,Undrafted,Incorrect,1,0.014207692837471263,0.05937704147696379,0.10782720824940002,0.2464500126406048,0.5721380447955602
2026,Jager Burton,IOL,OL,SEC,153,2,3,Rounds 4-5,Rounds 6-7,Incorrect,1,0.03428492062645396,0.1293556489303616,0.18948883408864772,0.2950210557418155,0.3518495406127212
2026,Matt Gulbin,IOL,OL,Big Ten,209,3,4,Rounds 6-7,Undrafted,Incorrect,1,0.01801250666799089,0.07379726580234572,0.12819119743836976,0.2676440936585881,0.5123549364327056
2026,Logan Jones,IOL,OL,Big Ten,57,1,3,Rounds 2-3,Rounds 6-7,Incorrect,2,0.04418594557042587,0.15885761249217817,0.21244892808833116,0.29027713525969673,0.29423037858936807
2026,Ar'maj Reed-Adams,IOL,OL,SEC,241,3,1,Rounds 6-7,Rounds 2-3,Incorrect,2,0.20591849143382385,0.38241283512919994,0.21116443193022494,0.13132569840219732,0.06917854310455396
2026,Jalen Farmer,IOL,OL,SEC,113,2,4,Rounds 4-5,Undrafted,Incorrect,2,0.018429241910409257,0.07534159294206347,0.130253939945648,0.26944233891840763,0.5065328862834717
2026,Pat Coogan,IOL,OL,Big Ten,194,3,3,Rounds 6-7,Rounds 6-7,Correct,0,0.05587911567983019,0.1900790519161266,0.23050624192230423,0.277898605426742,0.24563698505499698
2026,Beau Stephens,IOL,OL,Big Ten,148,2,4,Rounds 4-5,Undrafted,Incorrect,2,0.017359309093313444,0.07136290370261272,0.12489414183201351,0.2646393221602771,0.5217443232117833
2026,Sam Hecht,IOL,OL,Big 12,144,2,4,Rounds 4-5,Undrafted,Incorrect,2,0.01541292956411199,0.0640081826794891,0.11458850540340738,0.25419358200439296,0.5517968003485986
2026,DJ Campbell,IOL,OL,SEC,200,3,1,Rounds 6-7,Rounds 2-3,Incorrect,2,0.33181157279876544,0.4005768027463004,0.15181468066765536,0.07843696471981543,0.037359979067463356
2026,Evan Beerntsen,IOL,OL,Big Ten,253,3,3,Rounds 6-7,Rounds 6-7,Correct,0,0.03282570752288066,0.12474842767205915,0.1853443702746652,0.294901702872147,0.362179791658248
2026,Garrett DiGiorgio,IOL,OL,Big Ten,300,4,3,Undrafted,Rounds 6-7,Incorrect,1,0.01958156054039967,0.07957655982204559,0.13579706728364424,0.27396669234367876,0.49107812001023177
2026,Anez Cooper,IOL,OL,ACC,188,3,2,Rounds 6-7,Rounds 4-5,Incorrect,1,0.07546439231698099,0.23480642373325733,0.24629125646438177,0.2524265389569844,0.1910113885283955
2026,Joshua Braun,IOL,OL,SEC,300,4,2,Undrafted,Rounds 4-5,Incorrect,2,0.06680792487519341,0.2161143124516199,0.24107485712397725,0.2638995261501397,0.21210337939906976
2026,Jaeden Roberts,IOL,OL,SEC,300,4,3,Undrafted,Rounds 6-7,Incorrect,1,0.03281054227911635,0.12470018068087262,0.18530013473708928,0.2948989736487932,0.36229016865412855
2026,Dillon Wade,IOL,OL,SEC,300,4,3,Undrafted,Rounds 6-7,Incorrect,1,0.04824555280201016,0.17011835810727102,0.21966834684054629,0.2865046438751978,0.27546309837497474
2026,Micah Morris,IOL,OL,SEC,207,3,2,Rounds 6-7,Rounds 4-5,Incorrect,1,0.1146436240029124,0.30180127411017865,0.24923047495483897,0.20477205213828908,0.1295525747937809
2026,Febechi Nwaiwu,IOL,OL,SEC,106,2,3,Rounds 4-5,Rounds 6-7,Incorrect,1,0.0211101841768206,0.0851155949098841,0.1428005462316631,0.2790488458250013,0.4719248288566309
2026,Fernando Carmona,IOL,OL,SEC,142,2,3,Rounds 4-5,Rounds 6-7,Incorrect,1,0.022372274539311423,0.08962210629721508,0.1482969366696324,0.2825473808029138,0.4571613016909273
2026,Logan Taylor,IOL,OL,ACC,202,3,4,Rounds 6-7,Undrafted,Incorrect,1,0.01674238265574192,0.06904818304553006,0.12170695373445163,0.2615806585630871,0.5309218220011893
2026,Jeremiah Wright,IOL,OL,SEC,132,2,3,Rounds 4-5,Rounds 6-7,Incorrect,1,0.019841482021378185,0.08052470975596716,0.13701555449960792,0.2749015116224385,0.4877167421006082
2026,Jordyn Tyson,WR,Skill,Big 12,8,0,1,Round 1,Rounds 2-3,Incorrect,1,0.2310892971899028,0.3924519641540629,0.19856465216466757,0.11763278899154905,0.06026129749981768
2026,Carnell Tate,WR,Skill,Big Ten,4,0,3,Round 1,Rounds 6-7,Incorrect,3,0.051242807356989724,0.1781398178171632,0.22431885265528234,0.28331226984381497,0.26298625232674977
2026,Omar Cooper Jr.,WR,Skill,Big Ten,30,0,3,Round 1,Rounds 6-7,Incorrect,3,0.05412434268810683,0.1856257781863957,0.22829958378108137,0.2800033466195317,0.25194694872488443
2026,Makai Lemon,WR,Skill,Big Ten,20,0,1,Round 1,Rounds 2-3,Incorrect,1,0.3511886555479617,0.39774979896737545,0.14380092302376157,0.0728795807730016,0.03438104168789968
2026,KC Concepcion,WR,Skill,SEC,24,0,1,Round 1,Rounds 2-3,Incorrect,1,0.2662135621969608,0.4003888281010135,0.1813888738482996,0.10156629538050799,0.05044244047321811
2026,Denzel Boston,WR,Skill,Big Ten,39,1,3,Rounds 2-3,Rounds 6-7,Incorrect,2,0.048052797443423924,0.1695941121086765,0.2193503181953596,0.2866994734641531,0.2763032987883869
2026,Germie Bernard,WR,Skill,SEC,47,1,3,Rounds 2-3,Rounds 6-7,Incorrect,2,0.05480212724282792,0.18735520477601225,0.22917071678523648,0.27919749383133685,0.2494744573645865
2026,Brenen Thompson,WR,Skill,SEC,105,2,3,Rounds 4-5,Rounds 6-7,Incorrect,1,0.0521950500525909,0.18063779111996017,0.22568533930094078,0.28224161833623757,0.2592402011902706
2026,Zachariah Branch,WR,Skill,SEC,79,1,2,Rounds 2-3,Rounds 4-5,Incorrect,1,0.07421175124475318,0.2322005942839143,0.2456800623802533,0.25408481992388643,0.1938227721671928
2026,Chris Brazzell II,WR,Skill,SEC,83,1,2,Rounds 2-3,Rounds 4-5,Incorrect,1,0.06906092167266666,0.22113603547380528,0.24266727257449233,0.2609182007981614,0.20621756948087433
2026,Malachi Fields,WR,Skill,FBS Independent,74,1,3,Rounds 2-3,Rounds 6-7,Incorrect,2,0.03123657401977041,0.11965137460450505,0.1805742283243265,0.2944341172822627,0.3741037057691353
2026,Eric McAlister,WR,Skill,Big 12,300,4,4,Undrafted,Undrafted,Correct,0,0.018050764452729257,0.0739393247912847,0.12838187618977615,0.26781294867728067,0.5118150858889292
2026,Antonio Williams,WR,Skill,ACC,71,1,2,Rounds 2-3,Rounds 4-5,Incorrect,1,0.07423540621241313,0.23225010558519765,0.2456920230004283,0.25405347837328307,0.19376898682867782
2026,Elijah Sarratt,WR,Skill,Big Ten,115,2,2,Rounds 4-5,Rounds 4-5,Correct,0,0.07325219894205098,0.2301822978775186,0.24518100611300642,0.2553568586903513,0.1960276383770727
2026,Chris Bell,WR,Skill,ACC,94,1,3,Rounds 2-3,Rounds 6-7,Incorrect,2,0.04034769323544881,0.1477742621996838,0.20452835619838117,0.2930396341646679,0.31431005420181835
2026,Kevin Coleman Jr.,WR,Skill,SEC,177,3,3,Rounds 6-7,Rounds 6-7,Correct,0,0.04815811656082222,0.16988068051310587,0.21952437818417952,0.28659319290399166,0.2758436318379007
2026,Eric Rivers,WR,Skill,ACC,300,4,3,Undrafted,Rounds 6-7,Incorrect,1,0.047065912134313014,0.16689391885885982,0.2176845602593825,0.28767452030217716,0.2806810884452675
2026,Josh Cameron,WR,Skill,Big 12,191,3,3,Rounds 6-7,Rounds 6-7,Correct,0,0.0294137019503897,0.11370039604968946,0.1747536425698826,0.2933996425270556,0.38873261690298266
2026,Vinny Anthony II,WR,Skill,Big Ten,300,4,4,Undrafted,Undrafted,Correct,0,0.012929905900145535,0.054401634345642144,0.10032235766747973,0.23699881617963858,0.5953472859070941
2026,Skyler Bell,WR,Skill,FBS Independent,125,2,1,Rounds 4-5,Rounds 2-3,Incorrect,1,0.35484071924566774,0.397092383814606,0.14232784131835652,0.07188493819586717,0.033854117425502595
2026,Ted Hurst,WR,Skill,Sun Belt,84,1,4,Rounds 2-3,Undrafted,Incorrect,3,0.011495425038733518,0.04873443846595434,0.09146200915998476,0.22463654547221765,0.6236715818631098
2026,Jeff Caldwell,WR,Skill,Big 12,300,4,3,Undrafted,Rounds 6-7,Incorrect,1,0.04230245694357571,0.1534730666635718,0.2087038401593786,0.2917477516406742,0.3037728845927997
2026,Reggie Virgil,WR,Skill,Big 12,143,2,3,Rounds 4-5,Rounds 6-7,Incorrect,1,0.02982953526195954,0.11506785362674839,0.1761154163450188,0.29368661850132344,0.38530057626494985
2026,Ja'Kobi Lane,WR,Skill,Big Ten,80,1,2,Rounds 2-3,Rounds 4-5,Incorrect,1,0.06436222374626169,0.2105333456504733,0.23913823924092437,0.26711623697684583,0.21884995438549482
2026,Deion Burks,WR,Skill,SEC,254,3,2,Rounds 6-7,Rounds 4-5,Incorrect,1,0.1053425050728847,0.28819969655050737,0.25065484041610325,0.2151477261801873,0.14065523178031736
2026,Barion Brown,WR,Skill,SEC,190,3,2,Rounds 6-7,Rounds 4-5,Incorrect,1,0.08417623793936703,0.25205512518190604,0.2494013907449269,0.24103192546815344,0.1733353206656466
2026,Aaron Anderson,WR,Skill,SEC,300,4,3,Undrafted,Rounds 6-7,Incorrect,1,0.024473028920177147,0.09699203116162043,0.15690629393172506,0.2871684321127381,0.43446021387373923
2026,Zavion Thomas,WR,Skill,SEC,89,1,3,Rounds 2-3,Rounds 6-7,Incorrect,2,0.059849413851196694,0.19986925406222222,0.23494230939902278,0.2729506663601808,0.23238835632737753
2026,J. Michael Sturdivant,WR,Skill,SEC,300,4,3,Undrafted,Rounds 6-7,Incorrect,1,0.0563797158386901,0.19133511268172615,0.23110713020211085,0.277287759254339,0.2438902820231339
2026,Kendrick Law,WR,Skill,SEC,168,3,2,Rounds 6-7,Rounds 4-5,Incorrect,1,0.07298612146300835,0.22961920303725758,0.2450377659633564,0.2557097873945101,0.19664712214186753
2026,Chase Roberts,WR,Skill,Big 12,300,4,3,Undrafted,Rounds 6-7,Incorrect,1,0.03324551408411403,0.12608101288701928,0.18655929189559672,0.29496473677264273,0.35914944436062723
2026,CJ Daniels,WR,Skill,ACC,197,3,2,Rounds 6-7,Rounds 4-5,Incorrect,1,0.06359475002041307,0.20875363799368643,0.23848344139527627,0.26811938837580784,0.22104878221481639
2026,De'Zhaun Stribling,WR,Skill,SEC,33,1,2,Rounds 2-3,Rounds 4-5,Incorrect,1,0.09371986064583714,0.26930456084124316,0.2508939570228788,0.228991991700902,0.15708962978913887
2026,Harrison Wallace III,WR,Skill,SEC,300,4,3,Undrafted,Rounds 6-7,Incorrect,1,0.03552023599718024,0.1332021461696438,0.1928295221410348,0.29491665065765676,0.3435314450344844
2026,Kaden Wetjen,WR,Skill,Big Ten,121,2,1,Rounds 4-5,Rounds 2-3,Incorrect,1,0.28645403280115195,0.4022587583015173,0.17187526174241108,0.0936042746282687,0.04580767252665097
2026,Caullin Lacy,WR,Skill,ACC,300,4,3,Undrafted,Rounds 6-7,Incorrect,1,0.031033631984632482,0.11899439461428311,0.17994504250956675,0.2943466280404414,0.37568030285107623
2026,Colbie Young,WR,Skill,SEC,140,2,2,Rounds 4-5,Rounds 4-5,Correct,0,0.1046960113286036,0.28720576971882894,0.25071713944923635,0.21589239820086548,0.1414886813024656
2026,Caleb Douglas,WR,Skill,Big 12,75,1,3,Rounds 2-3,Rounds 6-7,Incorrect,2,0.04844770631930913,0.17066706538019094,0.21999934827271436,0.2862988377233933,0.27458704230439224
2026,Jordan Hudson,WR,Skill,ACC,300,4,2,Undrafted,Rounds 4-5,Incorrect,2,0.07462023670291665,0.2330539384335464,0.24588432151623246,0.2535437310275841,0.19289777231972038
2026,Donaven McCulley,WR,Skill,Big Ten,300,4,3,Undrafted,Rounds 6-7,Incorrect,1,0.026834378405816244,0.10508503562056264,0.16583400134914647,0.29085412304456704,0.4113924615799076
2026,Dillon Bell,WR,Skill,SEC,300,4,2,Undrafted,Rounds 4-5,Incorrect,2,0.07079784099543344,0.22493095919841793,0.24377710572759026,0.2586139513277551,0.20188014275080324
2026,Emmanuel Henderson Jr.,WR,Skill,Big 12,199,3,4,Rounds 6-7,Undrafted,Incorrect,1,0.013384019406491296,0.05617763481283161,0.10303028040424149,0.24051478454443329,0.5868932808320023
2026,Malik Benson,WR,Skill,Big Ten,195,3,3,Rounds 6-7,Rounds 6-7,Correct,0,0.042508264919287005,0.1540664770442005,0.20912603639928812,0.29159718509717514,0.30270203654004924
2026,Chris Hilton Jr.,WR,Skill,SEC,300,4,3,Undrafted,Rounds 6-7,Incorrect,1,0.026810092873030128,0.10500281356806082,0.16574600644787918,0.29082331658528376,0.4116177705257461
