Season,Player,Position,Position Group,Conference,Overall Pick,Actual Tier Number,Actual Tier,Standard Predicted Tier Number,Standard Predicted Tier,Improved Predicted Tier Number,Improved Predicted Tier,Standard Correct,Improved Correct,Standard Ordinal Error,Improved Ordinal Error,Prob Round 1,Prob Rounds 2-3,Prob Rounds 4-5,Prob Rounds 6-7,Prob Undrafted
2026,Chris Adams,OT,OL,AAC,300,4,Undrafted,3,Rounds 6-7,3,Rounds 6-7,Incorrect,Incorrect,1,1,0.07438997513662335,0.06135896840151084,0.22810909420880068,0.3357852967130394,0.3003566655400257
2026,Austin Barber,OT,OL,SEC,86,1,Rounds 2-3,3,Rounds 6-7,4,Undrafted,Incorrect,Incorrect,2,3,0.03717847700709358,0.0329927336243068,0.14540005211952162,0.31254748865118054,0.4718812485978975
2026,Markel Bell,OT,OL,ACC,68,1,Rounds 2-3,3,Rounds 6-7,4,Undrafted,Incorrect,Incorrect,2,3,0.03370628060332905,0.030115701784338,0.13505790861485634,0.30385712880421867,0.497262980193258
2026,Jude Bowry,OT,OL,ACC,102,2,Rounds 4-5,3,Rounds 6-7,4,Undrafted,Incorrect,Incorrect,1,2,0.048149684242252945,0.04181898656884928,0.17474341840501267,0.3297972624844482,0.40549064829943693
2026,Travis Burke,OT,OL,AAC,117,2,Rounds 4-5,4,Undrafted,4,Undrafted,Incorrect,Incorrect,2,2,0.009955423280363161,0.00931818458824649,0.04751129543835482,0.1588892410821064,0.7743258556109291
2026,Kage Casey,OT,OL,Mountain West,111,2,Rounds 4-5,3,Rounds 6-7,3,Rounds 6-7,Incorrect,Incorrect,1,1,0.06984055296171869,0.0581252585833867,0.22030078067105424,0.3368940205662261,0.3148393872176143
2026,Dametrious Crownover,OT,OL,SEC,196,3,Rounds 6-7,3,Rounds 6-7,3,Rounds 6-7,Correct,Correct,0,0,0.12027910235480756,0.09058675993662375,0.2823055753278386,0.3053279926962508,0.20150056968447927
2026,Enrique Cruz Jr.,OT,OL,Big 12,179,3,Rounds 6-7,2,Rounds 4-5,3,Rounds 6-7,Incorrect,Correct,1,0,0.12558067158223316,0.09358484060268402,0.28629981125687165,0.3008307480811364,0.19370392847707474
2026,J.C. Davis,OT,OL,Big Ten,192,3,Rounds 6-7,3,Rounds 6-7,3,Rounds 6-7,Correct,Correct,0,0,0.07302157193410373,0.060392957479370776,0.22581689485334347,0.33618312232576864,0.3045854534074134
2026,Fa'alili Fa'amoe,OT,OL,ACC,300,4,Undrafted,4,Undrafted,4,Undrafted,Correct,Correct,0,0,0.012561522993225252,0.01169769973581831,0.058760943956509076,0.18636505493096406,0.7306147783834833
2026,Spencer Fano,OT,OL,Big 12,9,0,Round 1,0,Round 1,0,Round 1,Correct,Correct,0,0,0.736136500421699,0.10888285969908207,0.10703058240287222,0.03573403340450243,0.0122160240718443
2026,Monroe Freeling,OT,OL,SEC,19,0,Round 1,1,Rounds 2-3,0,Round 1,Incorrect,Correct,1,0,0.41275117761925384,0.16595686059681924,0.2546853222460824,0.11981496396317481,0.04679167557466968
2026,Alan Herron,OT,OL,Big Ten,300,4,Undrafted,3,Rounds 6-7,3,Rounds 6-7,Incorrect,Incorrect,1,1,0.07949733001298051,0.0649144047286836,0.23625420499011038,0.33387371681401984,0.2854603434542057
2026,Max Iheanachor,OT,OL,Big 12,21,0,Round 1,3,Rounds 6-7,4,Undrafted,Incorrect,Incorrect,3,4,0.0561439729560445,0.04800250105275971,0.19328053485193436,0.3354728519605984,0.367100139178663
2026,Caleb Lomu,OT,OL,Big 12,28,0,Round 1,0,Round 1,0,Round 1,Correct,Correct,0,0,0.5868265479778118,0.14832862360799315,0.17482031477626836,0.06630828316068882,0.02371623047723792
2026,Francis Mauigoa,OT,OL,ACC,10,0,Round 1,0,Round 1,0,Round 1,Correct,Correct,0,0,0.9062050644372188,0.04349920514811656,0.03596095888142237,0.010776396625915785,0.003558374907326467
2026,Blake Miller,OT,OL,ACC,17,0,Round 1,2,Rounds 4-5,2,Rounds 4-5,Incorrect,Incorrect,2,2,0.24159590996260305,0.1421037933677063,0.31022324279685565,0.20835382608078168,0.09772322779205334
2026,Diego Pounds,OT,OL,SEC,300,4,Undrafted,2,Rounds 4-5,2,Rounds 4-5,Incorrect,Incorrect,2,2,0.15046226886057285,0.10667440768466624,0.300479711679948,0.2793396718425599,0.16304393993225297
2026,Kadyn Proctor,OT,OL,SEC,12,0,Round 1,0,Round 1,0,Round 1,Correct,Correct,0,0,0.720110932782819,0.11400560635724533,0.11409870892497942,0.0385520594485711,0.013232692486385145
2026,Drew Shelton,OT,OL,Big Ten,112,2,Rounds 4-5,2,Rounds 4-5,2,Rounds 4-5,Correct,Correct,0,0,0.20491341807778585,0.13005733727653995,0.3121964401633958,0.2347662770833363,0.11806652739894208
2026,Caleb Tiernan,OT,OL,Big Ten,97,2,Rounds 4-5,3,Rounds 6-7,3,Rounds 6-7,Incorrect,Incorrect,1,1,0.0899061107056043,0.07191959985603245,0.2509971373263267,0.3283263266816054,0.25885082543043114
2026,Keagen Trost,OT,OL,SEC,93,1,Rounds 2-3,2,Rounds 4-5,2,Rounds 4-5,Incorrect,Incorrect,1,1,0.27362582562358817,0.15040987948711093,0.30429508715022,0.18776369125743664,0.08390551648164424
2026,Aamil Wagner,OT,OL,FBS Independent,300,4,Undrafted,2,Rounds 4-5,2,Rounds 4-5,Incorrect,Incorrect,2,2,0.20644388907132544,0.1306169209753193,0.31224250338755183,0.23360212193032903,0.11709456463547441
2026,Carver Willis,OT,OL,Big Ten,127,2,Rounds 4-5,3,Rounds 6-7,4,Undrafted,Incorrect,Incorrect,1,2,0.046942814969123975,0.04086749381701389,0.17174696554911878,0.3285114031247083,0.41193132254003506
2026,Sonny Styles,LB,LB,Big Ten,7,0,Round 1,0,Round 1,0,Round 1,Correct,Correct,0,0,0.8357572752925346,0.07287669190383872,0.06449497280430616,0.020136361208558773,0.006734698790761717
2026,Anthony Hill,LB,LB,SEC,60,1,Rounds 2-3,0,Round 1,0,Round 1,Incorrect,Incorrect,1,1,0.6822845334899086,0.12529618221706063,0.13100688325232757,0.04560000588801494,0.015812395152688286
2026,Jake Golday,LB,LB,Big 12,51,1,Rounds 2-3,3,Rounds 6-7,4,Undrafted,Incorrect,Incorrect,2,3,0.037438185494432626,0.03320629273470293,0.14615205335422726,0.3131238635523475,0.4700796048642897
2026,Josiah Trotter,LB,LB,SEC,46,1,Rounds 2-3,2,Rounds 4-5,2,Rounds 4-5,Incorrect,Incorrect,1,1,0.19527415389731742,0.1264146648285144,0.31160572776551126,0.24222128410708732,0.12448416940156959
2026,CJ Allen,LB,LB,SEC,53,1,Rounds 2-3,1,Rounds 2-3,0,Round 1,Correct,Incorrect,0,1,0.45195181837795856,0.16515546793260455,0.23731135933632452,0.10542324656224922,0.04015810779086315
2026,Kyle Louis,LB,LB,ACC,138,2,Rounds 4-5,3,Rounds 6-7,3,Rounds 6-7,Incorrect,Incorrect,1,1,0.10955555579257552,0.08429005656205231,0.27299934036696943,0.31414469782212423,0.2190103494562785
2026,Jacob Rodriguez,LB,LB,Big 12,43,1,Rounds 2-3,0,Round 1,0,Round 1,Incorrect,Incorrect,1,1,0.6261629359609215,0.13983799803945207,0.15660302450091068,0.05721298742701053,0.020183054071705175
2026,Lander Barton,LB,LB,Big 12,300,4,Undrafted,3,Rounds 6-7,4,Undrafted,Incorrect,Correct,1,0,0.04979722611104433,0.04311024190748836,0.17874746954141588,0.3313533941077081,0.39699166833234334
2026,Harold Perkins Jr.,LB,LB,SEC,215,3,Rounds 6-7,4,Undrafted,4,Undrafted,Incorrect,Incorrect,1,1,0.013214334805598523,0.012289917603946116,0.06150773978096907,0.19259360768902034,0.720394400120466
2026,Red Murdock,LB,LB,MAC,257,3,Rounds 6-7,0,Round 1,0,Round 1,Incorrect,Incorrect,3,3,0.7639091380273993,0.0995482498043666,0.09492430448684241,0.031067687459941484,0.010550620221450147
2026,Keyshaun Elliott,LB,LB,Big 12,166,3,Rounds 6-7,3,Rounds 6-7,3,Rounds 6-7,Correct,Correct,0,0,0.08604101693067288,0.06935567895034812,0.24579847011442096,0.3306040476716298,0.2682007863329282
2026,Deontae Lawson,LB,LB,SEC,300,4,Undrafted,3,Rounds 6-7,3,Rounds 6-7,Incorrect,Incorrect,1,1,0.12113783508994527,0.09107748987450456,0.2829785246182852,0.3046042241971352,0.20020192622012978
2026,Bryce Boettcher,LB,LB,Big Ten,135,2,Rounds 4-5,2,Rounds 4-5,2,Rounds 4-5,Correct,Correct,0,0,0.20973539330702184,0.13180315260385067,0.3122994498719852,0.2311167268438047,0.11504527737333758
2026,Taurean York,LB,LB,SEC,300,4,Undrafted,2,Rounds 4-5,2,Rounds 4-5,Incorrect,Incorrect,2,2,0.1912019363985816,0.12481368028926329,0.3111917067112138,0.24543349046739005,0.12735918613355124
2026,Jimmy Rolder,LB,LB,Big Ten,118,2,Rounds 4-5,3,Rounds 6-7,3,Rounds 6-7,Incorrect,Incorrect,1,1,0.08066858566292351,0.06571870992661022,0.23803403064479228,0.3333502027829819,0.2822284709826921
2026,Aiden Fisher,LB,LB,Big Ten,243,3,Rounds 6-7,0,Round 1,0,Round 1,Incorrect,Incorrect,3,3,0.6092974763856258,0.14365768862022188,0.164391783378801,0.06100792224956908,0.021645129365782223
2026,Wade Woodaz,LB,LB,ACC,123,2,Rounds 4-5,3,Rounds 6-7,4,Undrafted,Incorrect,Incorrect,1,2,0.05432668736138537,0.046614909512124846,0.18925946690091422,0.3345703070416579,0.37522862918391764
2026,Jack Kelly,LB,LB,Big 12,193,3,Rounds 6-7,3,Rounds 6-7,3,Rounds 6-7,Correct,Correct,0,0,0.11070840728548485,0.08498210977128588,0.27408349688904066,0.3132210763159154,0.21700490973827324
2026,Kaleb Elarms-Orr,LB,LB,Big 12,126,2,Rounds 4-5,3,Rounds 6-7,3,Rounds 6-7,Incorrect,Incorrect,1,1,0.10463651143906091,0.08129569395440603,0.2681318511296576,0.31799854718575116,0.2279373962911243
2026,Scooby Williams,LB,LB,SEC,300,4,Undrafted,3,Rounds 6-7,4,Undrafted,Incorrect,Correct,1,0,0.04288956736136957,0.037636964062888044,0.16127712593184765,0.3231869976974136,0.43500934494648114
2026,Justin Jefferson,LB,LB,SEC,149,2,Rounds 4-5,3,Rounds 6-7,3,Rounds 6-7,Incorrect,Incorrect,1,1,0.09855707064842281,0.0775011307090549,0.26154696325610527,0.3225209203302805,0.23987391505613653
2026,Xavian Sorey,LB,LB,SEC,300,4,Undrafted,3,Rounds 6-7,4,Undrafted,Incorrect,Correct,1,0,0.0529733329055279,0.04557467873683395,0.1861929789761376,0.3337606343348797,0.3814983750466209
2026,Namdi Obiazor,LB,LB,Big 12,212,3,Rounds 6-7,3,Rounds 6-7,3,Rounds 6-7,Correct,Correct,0,0,0.08222936160252947,0.06678413532932825,0.24035648887940608,0.33260848606395654,0.27802152812477965
2026,Owen Heinecke,LB,LB,SEC,300,4,Undrafted,3,Rounds 6-7,4,Undrafted,Incorrect,Correct,1,0,0.057520254060251005,0.04904635015718456,0.19625373585063016,0.33602464088220735,0.3611550190497269
2026,Kendal Daniels,LB,LB,SEC,134,2,Rounds 4-5,2,Rounds 4-5,2,Rounds 4-5,Correct,Correct,0,0,0.18091639199731493,0.12060249726773872,0.3096724429467129,0.25370656863510443,0.13510209915312898
2026,Eric Gentry,LB,LB,Big Ten,300,4,Undrafted,2,Rounds 4-5,2,Rounds 4-5,Incorrect,Incorrect,2,2,0.14186743944611482,0.10233245543542616,0.29636285669350365,0.2867736719170745,0.1726635765078809
2026,Karson Sharar,LB,LB,Big Ten,183,3,Rounds 6-7,2,Rounds 4-5,2,Rounds 4-5,Incorrect,Incorrect,1,1,0.17451396958634816,0.11785797087934605,0.3083577243441839,0.25896596817889583,0.14030436701122606
2026,Wesley Bissainthe,LB,LB,ACC,300,4,Undrafted,3,Rounds 6-7,3,Rounds 6-7,Incorrect,Incorrect,1,1,0.11607919123100352,0.0881579998495498,0.27886400216299484,0.3088351619283388,0.20806364482811301
2026,Rueben Bain Jr.,EDGE,DL,ACC,15,0,Round 1,0,Round 1,0,Round 1,Correct,Correct,0,0,0.7136047579450897,0.11602875339860419,0.11698490589527144,0.03972372492096088,0.013657857840073784
2026,Arvell Reese,EDGE,DL,Big Ten,5,0,Round 1,0,Round 1,0,Round 1,Correct,Correct,0,0,0.6285056316966314,0.139286659644144,0.1555241816311529,0.05669768961292099,0.019985837415150698
2026,David Bailey,EDGE,DL,Big 12,2,0,Round 1,0,Round 1,0,Round 1,Correct,Correct,0,0,0.7179581324232998,0.1146786940001685,0.11505266270010117,0.03893794982710763,0.01337256104932294
2026,Cashius Howell,EDGE,DL,SEC,41,1,Rounds 2-3,0,Round 1,0,Round 1,Incorrect,Incorrect,1,1,0.5069635907101936,0.1607654878495811,0.21204896872656231,0.08775692117281353,0.032465031540849454
2026,Akheem Mesidor,EDGE,DL,ACC,22,0,Round 1,0,Round 1,0,Round 1,Correct,Correct,0,0,0.540248904741294,0.1564062803556271,0.1965415696802062,0.07827940710350412,0.02852383811936865
2026,R Mason Thomas,EDGE,DL,SEC,40,1,Rounds 2-3,2,Rounds 4-5,0,Round 1,Incorrect,Incorrect,1,1,0.3205590551737379,0.15917003444227235,0.29079450320787437,0.16133068385574567,0.06814572332036972
2026,T.J. Parker,EDGE,DL,ACC,35,1,Rounds 2-3,1,Rounds 2-3,0,Round 1,Correct,Incorrect,0,1,0.4565726923643885,0.16492914964651634,0.23522005360072318,0.10383234193280444,0.039445762455567523
2026,Anthony Lucas,EDGE,DL,Big Ten,300,4,Undrafted,2,Rounds 4-5,2,Rounds 4-5,Incorrect,Incorrect,2,2,0.24603449604766361,0.1433740200500591,0.3096037947478441,0.20536676910027496,0.09562092005415823
2026,Malachi Lawrence,EDGE,DL,Big 12,23,0,Round 1,2,Rounds 4-5,2,Rounds 4-5,Incorrect,Incorrect,2,2,0.15761583043276303,0.11014758396027599,0.3033507357457054,0.27319629962577796,0.1556895502354776
2026,Gabe Jacas,EDGE,DL,Big Ten,55,1,Rounds 2-3,3,Rounds 6-7,3,Rounds 6-7,Incorrect,Incorrect,2,2,0.12140327497472618,0.09122877663217265,0.2831844718479024,0.3043800977194968,0.19980337882570198
2026,Joshua Josephs,EDGE,DL,SEC,147,2,Rounds 4-5,2,Rounds 4-5,2,Rounds 4-5,Correct,Correct,0,0,0.28276006597928305,0.15242272221376352,0.3020552224652626,0.18228769119581045,0.08047429814588036
2026,Zion Young,EDGE,DL,SEC,45,1,Rounds 2-3,3,Rounds 6-7,3,Rounds 6-7,Incorrect,Incorrect,2,2,0.06731815260938563,0.056304980366309584,0.21573399903899787,0.33722258824375684,0.3234202797415501
2026,Romello Height,EDGE,DL,Big 12,70,1,Rounds 2-3,2,Rounds 4-5,2,Rounds 4-5,Incorrect,Incorrect,1,1,0.18667677843577102,0.12299071788813043,0.31060945802830175,0.24904556789440913,0.13067747775338767
2026,Keyron Crawford,EDGE,DL,SEC,67,1,Rounds 2-3,3,Rounds 6-7,3,Rounds 6-7,Incorrect,Incorrect,2,2,0.07501318607367338,0.06179703228411701,0.22913731891969907,0.3355870769801083,0.2984653857424022
2026,Derrick Moore,EDGE,DL,Big Ten,44,1,Rounds 2-3,2,Rounds 4-5,2,Rounds 4-5,Incorrect,Incorrect,1,1,0.21313364888380518,0.13300332979885263,0.31229960866444206,0.2285770130312632,0.11298639962163692
2026,Dani Dennis-Sutton,EDGE,DL,Big Ten,120,2,Rounds 4-5,1,Rounds 2-3,0,Round 1,Incorrect,Incorrect,1,2,0.45773922610213125,0.16486775125153863,0.23469095384834926,0.10343402798044632,0.039268040817534544
2026,Nadame Tucker,EDGE,DL,MAC,300,4,Undrafted,3,Rounds 6-7,4,Undrafted,Incorrect,Correct,1,0,0.05469360872496992,0.046895924214092374,0.19008019326200887,0.3347691604317448,0.373561113367184
2026,Tyreak Sapp,EDGE,DL,SEC,300,4,Undrafted,2,Rounds 4-5,2,Rounds 4-5,Incorrect,Incorrect,2,2,0.16100379382856556,0.11174860800785685,0.30454668114759237,0.2703078156948201,0.15239310132116513
2026,Wesley Williams,EDGE,DL,ACC,119,2,Rounds 4-5,2,Rounds 4-5,3,Rounds 6-7,Correct,Incorrect,0,1,0.13353707013803406,0.0979444586761701,0.29161044303885086,0.2939885552689975,0.18291947287794752
2026,Caden Curry,EDGE,DL,Big Ten,214,3,Rounds 6-7,2,Rounds 4-5,2,Rounds 4-5,Incorrect,Incorrect,1,1,0.217097559863988,0.1343720622828412,0.3122272479678345,0.2256483865982447,0.11065474328709157
2026,Quintayvious Hutchins,EDGE,DL,ACC,247,3,Rounds 6-7,3,Rounds 6-7,4,Undrafted,Correct,Incorrect,0,1,0.03887350824607683,0.03438248325959298,0.1502554719021903,0.31613980495824523,0.46034873163389467
2026,Trey Moore,EDGE,DL,SEC,130,2,Rounds 4-5,2,Rounds 4-5,2,Rounds 4-5,Correct,Correct,0,0,0.25221959593808163,0.1450790517398055,0.3086243703570739,0.2012775136782914,0.09279946828674757
2026,Vincent Anthony Jr.,EDGE,DL,ACC,300,4,Undrafted,2,Rounds 4-5,3,Rounds 6-7,Incorrect,Incorrect,2,1,0.1275380219934514,0.09467281327346047,0.28768020153629326,0.2991555948160788,0.19095336838071608
2026,Logan Fano,EDGE,DL,Big 12,300,4,Undrafted,2,Rounds 4-5,2,Rounds 4-5,Incorrect,Incorrect,2,2,0.16899922434947506,0.11541680131231219,0.3069794614326441,0.2635583281421221,0.14504618476344655
2026,Max Llewellyn,EDGE,DL,Big Ten,238,3,Rounds 6-7,3,Rounds 6-7,3,Rounds 6-7,Correct,Correct,0,0,0.07333703029832114,0.06061615766395409,0.22634955299424514,0.33609608025227367,0.30360117879120596
2026,George Gumbs Jr.,EDGE,DL,SEC,156,2,Rounds 4-5,2,Rounds 4-5,2,Rounds 4-5,Correct,Correct,0,0,0.14797826404002998,0.10543864040806336,0.29936748700440213,0.2814839595035017,0.16573164904400284
2026,Patrick Payton,EDGE,DL,SEC,300,4,Undrafted,3,Rounds 6-7,3,Rounds 6-7,Incorrect,Incorrect,1,1,0.10414029065667635,0.08098987746220879,0.2676184950354078,0.31837853834969687,0.22887279849601017
2026,Aidan Hubbard,EDGE,DL,Big Ten,300,4,Undrafted,2,Rounds 4-5,2,Rounds 4-5,Incorrect,Incorrect,2,2,0.16209122121424252,0.11225656202687795,0.3049091759325174,0.2693840575120453,0.15135898331431685
2026,Jack Pyburn,EDGE,DL,SEC,300,4,Undrafted,2,Rounds 4-5,2,Rounds 4-5,Incorrect,Incorrect,2,2,0.21479933938041723,0.13358256909476418,0.3122785522329335,0.2273419219929812,0.1119976172989039
2026,Marvin Jones Jr.,EDGE,DL,SEC,300,4,Undrafted,2,Rounds 4-5,2,Rounds 4-5,Incorrect,Incorrect,2,2,0.19674851737594112,0.12698515388522497,0.31173084568137116,0.24106739154835932,0.12346809150910343
2026,Nyjalik Kelly,EDGE,DL,Big 12,300,4,Undrafted,2,Rounds 4-5,2,Rounds 4-5,Incorrect,Incorrect,2,2,0.1398334082807643,0.10127749956930468,0.29527454558651245,0.28853658841859076,0.17507795814482785
2026,Mason Reiger,EDGE,DL,Big Ten,300,4,Undrafted,2,Rounds 4-5,2,Rounds 4-5,Incorrect,Incorrect,2,2,0.22598048488748756,0.13731879766588062,0.31179677499215974,0.2192178379772627,0.10568610447720939
2026,Peter Woods,DL,DL,ACC,29,0,Round 1,0,Round 1,0,Round 1,Correct,Correct,0,0,0.5628837482493695,0.15275898353407957,0.18597657430521408,0.07228660236126272,0.02609409155007414
2026,Lee Hunter,DL,DL,Big 12,49,1,Rounds 2-3,2,Rounds 4-5,3,Rounds 6-7,Incorrect,Incorrect,1,2,0.1258749947144975,0.09374908587233058,0.2865105538955591,0.30057928969394965,0.1932860758236632
2026,Kayden McDonald,DL,DL,Big Ten,36,1,Rounds 2-3,2,Rounds 4-5,2,Rounds 4-5,Incorrect,Incorrect,1,1,0.2870084761779012,0.15330693143919044,0.3009423531204737,0.1797976550276189,0.07894458423481576
2026,Keldric Faulk,DL,DL,SEC,31,0,Round 1,0,Round 1,0,Round 1,Correct,Correct,0,0,0.5908444082649049,0.14752928921321107,0.17295206854377687,0.065339227801676,0.02333500617643114
2026,Christen Miller,DL,DL,SEC,42,1,Rounds 2-3,2,Rounds 4-5,2,Rounds 4-5,Incorrect,Incorrect,1,1,0.19901358858701948,0.12785217672456314,0.3118980966993874,0.2393041854338671,0.12193195255516287
2026,Caleb Banks,DL,DL,SEC,18,0,Round 1,2,Rounds 4-5,2,Rounds 4-5,Incorrect,Incorrect,2,2,0.23325189051976025,0.13960883115855033,0.3111865591682748,0.21408959186133958,0.10186312729207503
2026,Jaishawn Barham,DL,DL,Big Ten,92,1,Rounds 2-3,3,Rounds 6-7,4,Undrafted,Incorrect,Incorrect,2,3,0.05803854916465931,0.049437892895160984,0.19735760703236635,0.33620457706223955,0.3589613738455738
2026,Chris McClellan,DL,DL,SEC,77,1,Rounds 2-3,2,Rounds 4-5,2,Rounds 4-5,Incorrect,Incorrect,1,1,0.22203256787896852,0.13602958675124788,0.3120325146987375,0.2220532475093817,0.10785208316166439
2026,Rayshaun Benny,DL,DL,Big Ten,250,3,Rounds 6-7,3,Rounds 6-7,3,Rounds 6-7,Correct,Correct,0,0,0.08301233636586097,0.0673158832420172,0.24150069296567428,0.33221834882800205,0.2759527385984455
2026,Domonique Orange,DL,DL,Big 12,82,1,Rounds 2-3,3,Rounds 6-7,4,Undrafted,Incorrect,Incorrect,2,3,0.04942131271465048,0.04281639818263928,0.1778425649023581,0.33101783323586986,0.39890189096448225
2026,Dontae Corleone,DL,DL,Big 12,300,4,Undrafted,2,Rounds 4-5,2,Rounds 4-5,Incorrect,Incorrect,2,2,0.20169049226505809,0.1288622001218947,0.31205762817415345,0.23723537670290995,0.12015430273598382
2026,Nick Barrett,DL,DL,SEC,145,2,Rounds 4-5,2,Rounds 4-5,2,Rounds 4-5,Correct,Correct,0,0,0.14549725379803136,0.10418890444359716,0.298194509243904,0.28362967121461147,0.168489661299856
2026,Darrell Jackson Jr.,DL,DL,ACC,103,2,Rounds 4-5,2,Rounds 4-5,3,Rounds 6-7,Correct,Incorrect,0,1,0.12486790174933446,0.0931861299158864,0.2857847430264193,0.3014390269371434,0.1947221983712164
2026,LT Overton,DL,DL,SEC,137,2,Rounds 4-5,0,Round 1,0,Round 1,Incorrect,Incorrect,2,2,0.7604290316069856,0.10074898113376873,0.09643112822467348,0.031637919465064446,0.010752939569507736
2026,Tim Keenan,DL,DL,SEC,232,3,Rounds 6-7,3,Rounds 6-7,3,Rounds 6-7,Correct,Correct,0,0,0.1188243016068832,0.08975086829045317,0.2811419703443138,0.3065492936703326,0.20373356608801718
2026,Zxavian Harris,DL,DL,SEC,300,4,Undrafted,2,Rounds 4-5,2,Rounds 4-5,Incorrect,Incorrect,2,2,0.19638978130233145,0.1268467909636781,0.3117015931717384,0.24134770336297517,0.12371413119927688
2026,Skyler Gill-Howard,DL,DL,Big 12,205,3,Rounds 6-7,3,Rounds 6-7,3,Rounds 6-7,Correct,Correct,0,0,0.09306663401320958,0.07398376805399545,0.25502012962282794,0.3263071594223928,0.2516223088875742
2026,Gracen Halton,DL,DL,SEC,107,2,Rounds 4-5,2,Rounds 4-5,2,Rounds 4-5,Correct,Correct,0,0,0.20930345464579048,0.13164882203525735,0.31229520497682234,0.23144145469954558,0.11531106364258426
2026,DeMonte Capehart,DL,DL,ACC,155,2,Rounds 4-5,2,Rounds 4-5,2,Rounds 4-5,Correct,Correct,0,0,0.24511017751506195,0.14311273161612256,0.3097386766469068,0.20598517488081947,0.09605323934108922
2026,Albert Regis,DL,DL,SEC,81,1,Rounds 2-3,2,Rounds 4-5,2,Rounds 4-5,Incorrect,Incorrect,1,1,0.23158436904587656,0.1390932715293102,0.31134601072744644,0.21525489244395302,0.10272145625341378
2026,Tyler Onyedim,DL,DL,SEC,66,1,Rounds 2-3,3,Rounds 6-7,3,Rounds 6-7,Incorrect,Incorrect,2,2,0.09319901362893294,0.07406959488996172,0.25518429647236096,0.3262198225049665,0.25132727250377784
2026,Bryson Eason,DL,DL,SEC,300,4,Undrafted,2,Rounds 4-5,2,Rounds 4-5,Incorrect,Incorrect,2,2,0.15217650048756018,0.10751823948523256,0.3012118978755997,0.27786279250000046,0.1612305696516071
2026,David Gusta,DL,DL,SEC,300,4,Undrafted,3,Rounds 6-7,3,Rounds 6-7,Incorrect,Incorrect,1,1,0.08507787116963879,0.06870994562961542,0.2444535540718231,0.33113480428156244,0.27062382484736025
2026,Brandon Cleveland,DL,DL,ACC,229,3,Rounds 6-7,4,Undrafted,4,Undrafted,Incorrect,Incorrect,1,1,0.030164738308976216,0.0271390742628222,0.12393472517015999,0.29285449833339855,0.525906963924643
2026,Zane Durant,DL,DL,Big Ten,181,3,Rounds 6-7,2,Rounds 4-5,2,Rounds 4-5,Incorrect,Incorrect,1,1,0.19291275652013531,0.12549082225010397,0.31137805355406356,0.24407950792963906,0.1261388597460581
2026,Damonic Williams,DL,DL,SEC,300,4,Undrafted,2,Rounds 4-5,2,Rounds 4-5,Incorrect,Incorrect,2,2,0.27843329283698315,0.15148840468910701,0.30314297731083256,0.18486057369158704,0.08207475147149024
2026,Gary Smith III,DL,DL,Big Ten,300,4,Undrafted,3,Rounds 6-7,3,Rounds 6-7,Incorrect,Incorrect,1,1,0.07974060321961424,0.06508179896758753,0.23662651825933284,0.33376739984794573,0.28478367970551965
2026,Cameron Ball,DL,DL,SEC,300,4,Undrafted,3,Rounds 6-7,3,Rounds 6-7,Incorrect,Incorrect,1,1,0.10203128805599329,0.07968239434084645,0.26538953335241333,0.31997322526272604,0.23292355898802086
2026,Bobby Jamison-Travis,DL,DL,SEC,186,3,Rounds 6-7,3,Rounds 6-7,3,Rounds 6-7,Correct,Correct,0,0,0.07547197377313809,0.06211876814851576,0.2298880520203889,0.3354345727404846,0.29708663331747265
2026,Deven Eastern,DL,DL,Big Ten,242,3,Rounds 6-7,3,Rounds 6-7,3,Rounds 6-7,Correct,Correct,0,0,0.12285764663681174,0.09205433751176305,0.2842957403488481,0.3031488974229636,0.19764337807961352
2026,Jackie Marshall,DL,DL,Big 12,184,3,Rounds 6-7,3,Rounds 6-7,3,Rounds 6-7,Correct,Correct,0,0,0.07275394376484157,0.06020336139166485,0.2253629934624807,0.33625472231448156,0.3054249790665313
2026,Caleb Downs,SAF,Secondary,Big Ten,11,0,Round 1,0,Round 1,0,Round 1,Correct,Correct,0,0,0.779269586161381,0.09414473264106027,0.08830910532351632,0.02859830668877139,0.009678269185271038
2026,Emmanuel McNeil-Warren,SAF,Secondary,MAC,58,1,Rounds 2-3,3,Rounds 6-7,4,Undrafted,Incorrect,Incorrect,2,3,0.05579639185800994,0.04773792123834503,0.1925198967044741,0.33531592776934893,0.368629862429822
2026,Dillon Thieneman,SAF,Secondary,Big Ten,25,0,Round 1,0,Round 1,0,Round 1,Correct,Correct,0,0,0.7665370646699482,0.09863574909773842,0.09378842249172248,0.030639757417283753,0.010399006323307147
2026,Genesis Smith,SAF,Secondary,Big 12,131,2,Rounds 4-5,3,Rounds 6-7,3,Rounds 6-7,Incorrect,Incorrect,1,1,0.10087575258512203,0.07896069630843307,0.26413539401540503,0.3208321245462676,0.23519603254477228
2026,A.J. Haulcy,SAF,Secondary,SEC,78,1,Rounds 2-3,3,Rounds 6-7,3,Rounds 6-7,Incorrect,Incorrect,2,2,0.08559057374655359,0.06905402332055198,0.2451719841615719,0.3308542165986992,0.26932920217262335
2026,Treydan Stukes,SAF,Secondary,Big 12,38,1,Rounds 2-3,3,Rounds 6-7,3,Rounds 6-7,Incorrect,Incorrect,2,2,0.08727314802976854,0.07017777065956604,0.2474898905986374,0.32990282429731194,0.26515636641471607
2026,Zakee Wheatley,SAF,Secondary,Big Ten,151,2,Rounds 4-5,2,Rounds 4-5,2,Rounds 4-5,Correct,Correct,0,0,0.13815809857414976,0.1004006379620799,0.2943438166104562,0.2899884883795769,0.1771089584737372
2026,Kamari Ramsey,SAF,Secondary,Big Ten,141,2,Rounds 4-5,2,Rounds 4-5,3,Rounds 6-7,Correct,Incorrect,0,1,0.12403532443983534,0.0927186889342525,0.2851745986850529,0.30214825705454595,0.1959231308863133
2026,Robert Spears-Jennings,SAF,Secondary,SEC,224,3,Rounds 6-7,3,Rounds 6-7,3,Rounds 6-7,Correct,Correct,0,0,0.11737731501366214,0.08891379227805324,0.27995479202359286,0.30775743982744996,0.20599666085724178
2026,Bud Clark,SAF,Secondary,Big 12,64,1,Rounds 2-3,3,Rounds 6-7,4,Undrafted,Incorrect,Incorrect,2,3,0.05420146559373618,0.0465189069464716,0.1889783375720937,0.3345004620626986,0.3758008278249999
2026,Bishop Fitzgerald,SAF,Secondary,Big Ten,300,4,Undrafted,2,Rounds 4-5,2,Rounds 4-5,Incorrect,Incorrect,2,2,0.1412974111167299,0.10203787448601687,0.29606241976303893,0.28726769367299754,0.17333460096121678
2026,VJ Payne,SAF,Secondary,Big 12,228,3,Rounds 6-7,3,Rounds 6-7,3,Rounds 6-7,Correct,Correct,0,0,0.0900056745262785,0.07198506873256996,0.25112694598804775,0.3282647437321827,0.2586175670209211
2026,Michael Taaffe,SAF,Secondary,SEC,158,2,Rounds 4-5,2,Rounds 4-5,2,Rounds 4-5,Correct,Correct,0,0,0.1739206499413303,0.11759877872209415,0.3082206400811714,0.25945737767304056,0.1408025535823636
2026,Louis Moore,SAF,Secondary,Big Ten,300,4,Undrafted,2,Rounds 4-5,2,Rounds 4-5,Incorrect,Incorrect,2,2,0.21683536194457723,0.13428255822955923,0.3122343885277882,0.22584097806978887,0.1108067132282865
2026,Lorenzo Styles,SAF,Secondary,Big Ten,172,3,Rounds 6-7,2,Rounds 4-5,2,Rounds 4-5,Incorrect,Incorrect,1,1,0.23682908181963683,0.14069569723852163,0.3108067456012142,0.21161121730598198,0.10005725803464538
2026,Jakobe Thomas,SAF,Secondary,ACC,98,2,Rounds 4-5,2,Rounds 4-5,2,Rounds 4-5,Correct,Correct,0,0,0.274142193662308,0.15052777563084696,0.30417427303883343,0.18744960593093785,0.08370615173707374
2026,Jalon Kilgore,SAF,Secondary,SEC,167,3,Rounds 6-7,2,Rounds 4-5,2,Rounds 4-5,Incorrect,Incorrect,1,1,0.15076273395522008,0.10682284072914924,0.3006101126450185,0.2790806239751614,0.16272368869545073
2026,Xavier Nwankpa,SAF,Secondary,Big Ten,300,4,Undrafted,3,Rounds 6-7,3,Rounds 6-7,Incorrect,Incorrect,1,1,0.09415836005883889,0.07469006458976137,0.2563637726591298,0.325580669260858,0.249207133431412
2026,DeShon Singleton,SAF,Secondary,Big Ten,300,4,Undrafted,2,Rounds 4-5,2,Rounds 4-5,Incorrect,Incorrect,2,2,0.14765372764052878,0.10527604506523305,0.29921761747357084,0.2817644325602078,0.16608817726045955
2026,Jalen Huskey,SAF,Secondary,Big Ten,100,2,Rounds 4-5,3,Rounds 6-7,3,Rounds 6-7,Incorrect,Incorrect,1,1,0.08423515472792165,0.0681427075396546,0.24326020776135512,0.33158612475702864,0.27277580521404
2026,Ahmaad Moses,SAF,Secondary,ACC,300,4,Undrafted,3,Rounds 6-7,3,Rounds 6-7,Incorrect,Incorrect,1,1,0.10271384480471216,0.08010691855211913,0.2661193334435018,0.3194608378478837,0.2315990653517832
2026,Dalton Johnson,SAF,Secondary,Big 12,150,2,Rounds 4-5,3,Rounds 6-7,4,Undrafted,Incorrect,Incorrect,1,2,0.0503882065884782,0.043571272062555066,0.1801598222246522,0.3318584121895898,0.39402228693472474
2026,Kenyon Sadiq,TE,Skill,Big Ten,16,0,Round 1,1,Rounds 2-3,0,Round 1,Incorrect,Correct,1,0,0.45880156598516814,0.16481034799595679,0.23420872283477256,0.10307244060450171,0.0391069225796008
2026,Michael Trigg,TE,Skill,Big 12,300,4,Undrafted,3,Rounds 6-7,3,Rounds 6-7,Incorrect,Incorrect,1,1,0.07446719619327095,0.06141331216312314,0.22823702996894368,0.335761302595627,0.30012115907903525
2026,Eli Stowers,TE,Skill,SEC,54,1,Rounds 2-3,0,Round 1,0,Round 1,Incorrect,Incorrect,1,1,0.8166130017905756,0.08032373515216318,0.07247403429261579,0.022900630483410622,0.007688598281234804
2026,Nate Boerkircher,TE,Skill,SEC,56,1,Rounds 2-3,2,Rounds 4-5,2,Rounds 4-5,Incorrect,Incorrect,1,1,0.13594657717916966,0.0992320594342326,0.29306657246723916,0.29190407707380506,0.1798507138455535
2026,Max Klare,TE,Skill,Big Ten,61,1,Rounds 2-3,0,Round 1,0,Round 1,Incorrect,Incorrect,1,1,0.6736223409534864,0.1277176018527617,0.13492049882460788,0.04729769951710461,0.016441858852039415
2026,Josh Cuevas,TE,Skill,SEC,173,3,Rounds 6-7,3,Rounds 6-7,3,Rounds 6-7,Correct,Correct,0,0,0.10618320752262556,0.08224448345439056,0.26970532199617,0.31680322383667603,0.22506376319013788
2026,Jack Endries,TE,Skill,SEC,221,3,Rounds 6-7,2,Rounds 4-5,2,Rounds 4-5,Incorrect,Incorrect,1,1,0.19384777528699051,0.12585812126768622,0.31147226151624663,0.24334224391950465,0.12547959800957198
2026,Eli Raridon,TE,Skill,FBS Independent,95,1,Rounds 2-3,2,Rounds 4-5,2,Rounds 4-5,Incorrect,Incorrect,1,1,0.26066805388913367,0.14728748562414778,0.3070813954470374,0.1958272526149113,0.08913581242476987
2026,Will Kacmarek,TE,Skill,Big Ten,87,1,Rounds 2-3,2,Rounds 4-5,2,Rounds 4-5,Incorrect,Incorrect,1,1,0.19482079755242201,0.1262382680291513,0.3115646404285492,0.24257707548068363,0.12479921850919384
2026,Oscar Delp,TE,Skill,SEC,73,1,Rounds 2-3,0,Round 1,0,Round 1,Incorrect,Incorrect,1,1,0.5014970937517083,0.16136258275207205,0.21458617073941366,0.08939516416695326,0.03315898858985278
2026,Joe Royer,TE,Skill,Big 12,170,3,Rounds 6-7,3,Rounds 6-7,4,Undrafted,Correct,Incorrect,0,1,0.04648165951445183,0.040502662847297304,0.17058760343283907,0.32798578305238313,0.41444229115302866
2026,Dallen Bentley,TE,Skill,Big 12,256,3,Rounds 6-7,2,Rounds 4-5,2,Rounds 4-5,Incorrect,Incorrect,1,1,0.14317952162714975,0.10300737215225897,0.2970410840398271,0.2856367510506358,0.17113527113012839
2026,Marlin Klein,TE,Skill,Big Ten,59,1,Rounds 2-3,3,Rounds 6-7,3,Rounds 6-7,Incorrect,Incorrect,2,2,0.1045062625674305,0.08121548958481463,0.2679975091977538,0.318098457124307,0.2281822815256941
2026,Justin Joly,TE,Skill,ACC,152,2,Rounds 4-5,2,Rounds 4-5,2,Rounds 4-5,Correct,Correct,0,0,0.15112687864086286,0.1070024306076148,0.300766968814022,0.27876677704373254,0.16233694489376782
2026,Sam Roush,TE,Skill,ACC,69,1,Rounds 2-3,2,Rounds 4-5,2,Rounds 4-5,Incorrect,Incorrect,1,1,0.14933380632085924,0.10611492246078302,0.29998203619716834,0.2803132346720034,0.16425600034918597
2026,Dae'Quan Wright,TE,Skill,SEC,300,4,Undrafted,2,Rounds 4-5,2,Rounds 4-5,Incorrect,Incorrect,2,2,0.22134766326463734,0.13580261134031252,0.3120662830625558,0.2225488226705713,0.10823461966192305
2026,Tanner Koziol,TE,Skill,Big 12,164,3,Rounds 6-7,3,Rounds 6-7,3,Rounds 6-7,Correct,Correct,0,0,0.0856048650371781,0.06906360318460802,0.2451919281964565,0.33084633154508464,0.26929327203667275
2026,John Michael Gyllenborg,TE,Skill,Mountain West,300,4,Undrafted,3,Rounds 6-7,3,Rounds 6-7,Incorrect,Incorrect,1,1,0.08669279013850731,0.06979110523845022,0.2466972389448698,0.3302361519553363,0.2665827137228364
2026,Miles Kitselman,TE,Skill,SEC,300,4,Undrafted,3,Rounds 6-7,3,Rounds 6-7,Incorrect,Incorrect,1,1,0.08402999471656436,0.06800429516467638,0.24296732122851417,0.33169409844757775,0.27330429044266735
2026,Bauer Sharp,TE,Skill,SEC,185,3,Rounds 6-7,2,Rounds 4-5,2,Rounds 4-5,Incorrect,Incorrect,1,1,0.20106680912168567,0.1286282903000336,0.3120240946467987,0.2377159254070167,0.12056488052446535
2026,Matthew Hibner,TE,Skill,ACC,133,2,Rounds 4-5,3,Rounds 6-7,3,Rounds 6-7,Incorrect,Incorrect,1,1,0.10946226387431701,0.08423389294839156,0.27291068602933605,0.314219129183781,0.2191740279641744
2026,DJ Rogers,TE,Skill,Big 12,300,4,Undrafted,3,Rounds 6-7,3,Rounds 6-7,Incorrect,Incorrect,1,1,0.06431512317374374,0.054112170973584534,0.21006544444545266,0.3373068581868899,0.3342004032203292
2026,Lake McRee,TE,Skill,Big Ten,300,4,Undrafted,3,Rounds 6-7,3,Rounds 6-7,Incorrect,Incorrect,1,1,0.06904039512124782,0.05754995282590272,0.21887091184382354,0.33702205880601943,0.3175166814030065
2026,Riley Nowakowski,TE,Skill,Big Ten,169,3,Rounds 6-7,2,Rounds 4-5,2,Rounds 4-5,Incorrect,Incorrect,1,1,0.2348412696047945,0.14009494737874734,0.31102409238531425,0.2129848223412959,0.101054868289848
2026,RJ Maryland,TE,Skill,ACC,300,4,Undrafted,3,Rounds 6-7,3,Rounds 6-7,Incorrect,Incorrect,1,1,0.0954288360394962,0.0755076806288339,0.25789837932491066,0.3247179684408381,0.24644713556592113
2026,Jaren Kanak,TE,Skill,SEC,225,3,Rounds 6-7,3,Rounds 6-7,3,Rounds 6-7,Correct,Correct,0,0,0.11862053017876631,0.0896333301572585,0.28097659779264417,0.3067198430579287,0.2040496988134023
2026,Khalil Dinkins,TE,Skill,Big Ten,300,4,Undrafted,2,Rounds 4-5,3,Rounds 6-7,Incorrect,Incorrect,2,1,0.12974323728686812,0.09588643068087488,0.28917674031922425,0.297261143422082,0.1879324482909508
2026,Fernando Mendoza,QB,Skill,Big Ten,1,0,Round 1,0,Round 1,0,Round 1,Correct,Correct,0,0,0.8462688646987453,0.06868716633019734,0.06015449315374688,0.0186609262525943,0.00622854956471619
2026,Ty Simpson,QB,Skill,SEC,13,0,Round 1,2,Rounds 4-5,2,Rounds 4-5,Incorrect,Incorrect,2,2,0.1825830067064675,0.1213013096886067,0.30996679514266223,0.252350940452298,0.13379794800996558
2026,Garrett Nussmeier,QB,Skill,SEC,249,3,Rounds 6-7,3,Rounds 6-7,3,Rounds 6-7,Correct,Correct,0,0,0.07236903707423147,0.059930298498245396,0.22470694349512021,0.3363540357869399,0.306639685145463
2026,Cade Klubnik,QB,Skill,ACC,110,2,Rounds 4-5,3,Rounds 6-7,4,Undrafted,Incorrect,Incorrect,1,2,0.0409619611195894,0.036081589934350344,0.15607000677035388,0.3200460128885671,0.4468404292871393
2026,Drew Allar,QB,Skill,Big Ten,76,1,Rounds 2-3,0,Round 1,0,Round 1,Incorrect,Incorrect,1,1,0.7292819247523606,0.11109806589804061,0.11004659682388507,0.03692774448176406,0.01264566804394962
2026,Carson Beck,QB,Skill,ACC,65,1,Rounds 2-3,0,Round 1,0,Round 1,Incorrect,Incorrect,1,1,0.8335861839153875,0.07373320512045134,0.06539506329030687,0.020444782315424792,0.006840765358429479
2026,Behren Morton,QB,Skill,Big 12,234,3,Rounds 6-7,2,Rounds 4-5,2,Rounds 4-5,Incorrect,Incorrect,1,1,0.2722453565390721,0.15009225689915473,0.3046145350931011,0.18860606648650557,0.08444178498216648
2026,Sawyer Robertson,QB,Skill,Big 12,300,4,Undrafted,2,Rounds 4-5,2,Rounds 4-5,Incorrect,Incorrect,2,2,0.1404461161572458,0.10159639521008595,0.2956071473122025,0.2880055306560736,0.1743448106643921
2026,Luke Altmyer,QB,Skill,Big Ten,300,4,Undrafted,3,Rounds 6-7,3,Rounds 6-7,Incorrect,Incorrect,1,1,0.06908612062789225,0.057582882117442405,0.218953089516425,0.3370153230988858,0.3173625846393545
2026,Taylen Green,QB,Skill,SEC,182,3,Rounds 6-7,1,Rounds 2-3,0,Round 1,Incorrect,Incorrect,2,3,0.40231970921701665,0.16582038279642286,0.259167557397774,0.12393545082740909,0.048756899761377426
2026,Jalon Daniels,QB,Skill,Big 12,300,4,Undrafted,1,Rounds 2-3,0,Round 1,Incorrect,Incorrect,3,4,0.46732850193269426,0.1642985460550287,0.23032533888444418,0.10020926477992986,0.037838348347903006
2026,Diego Pavia,QB,Skill,SEC,300,4,Undrafted,2,Rounds 4-5,2,Rounds 4-5,Incorrect,Incorrect,2,2,0.17460719674288963,0.11789862200327259,0.3083790236039322,0.2588888142222323,0.14022634342767326
2026,Haynes King,QB,Skill,ACC,300,4,Undrafted,2,Rounds 4-5,3,Rounds 6-7,Incorrect,Incorrect,2,1,0.13321186285226894,0.09776951781811216,0.29140865618410905,0.29426960045794714,0.1833403626875627
2026,Joe Fagnano,QB,Skill,FBS Independent,300,4,Undrafted,3,Rounds 6-7,3,Rounds 6-7,Incorrect,Incorrect,1,1,0.09802951350617851,0.07716690828915625,0.26094440093139615,0.32289828210691335,0.24096089516635577
2026,Joey Aguilar,QB,Skill,SEC,300,4,Undrafted,0,Round 1,0,Round 1,Incorrect,Incorrect,4,4,0.8209382952974135,0.07866217093768701,0.0706630019974569,0.022267177438038854,0.007469354329403766
2026,Jermod McCoy,CB,Secondary,SEC,101,2,Rounds 4-5,0,Round 1,0,Round 1,Incorrect,Incorrect,2,2,0.7861966039489444,0.09165337073071333,0.08534508505631433,0.027509403081789507,0.009295537182238411
2026,Avieon Terrell,CB,Secondary,ACC,48,1,Rounds 2-3,1,Rounds 2-3,0,Round 1,Correct,Incorrect,0,1,0.4842859682548465,0.16301559089206963,0.22254435011717633,0.09471491451804359,0.035439176217863966
2026,Mansoor Delane,CB,Secondary,SEC,6,0,Round 1,3,Rounds 6-7,3,Rounds 6-7,Incorrect,Incorrect,3,3,0.0818996976416158,0.06655970281325062,0.2398705835667462,0.33276920531678106,0.2789008106616063
2026,Colton Hood,CB,Secondary,SEC,37,1,Rounds 2-3,2,Rounds 4-5,2,Rounds 4-5,Incorrect,Incorrect,1,1,0.15732567187981236,0.11000916186235585,0.30324354119246794,0.27344437526719123,0.15597724979817262
2026,Keith Abney,CB,Secondary,Big 12,157,2,Rounds 4-5,2,Rounds 4-5,2,Rounds 4-5,Correct,Correct,0,0,0.18217895613357935,0.12113247973591104,0.3098971996715203,0.25267907266045697,0.13411229179853235
2026,Chris Johnson,CB,Secondary,Mountain West,27,0,Round 1,3,Rounds 6-7,3,Rounds 6-7,Incorrect,Incorrect,3,3,0.10491931018551426,0.08146967142377295,0.26842254846047053,0.3177812115711665,0.22740725835907571
2026,D'Angelo Ponds,CB,Secondary,Big Ten,50,1,Rounds 2-3,0,Round 1,0,Round 1,Incorrect,Incorrect,1,1,0.6261410435989865,0.13984312661925202,0.15661310993562372,0.05721781621155697,0.02018490363458081
2026,Keionte Scott,CB,Secondary,ACC,116,2,Rounds 4-5,1,Rounds 2-3,0,Round 1,Incorrect,Incorrect,1,2,0.4435825490215175,0.16549604541483365,0.24107916798614937,0.10835897291473717,0.04148326466276231
2026,Brandon Cisse,CB,Secondary,SEC,52,1,Rounds 2-3,2,Rounds 4-5,2,Rounds 4-5,Incorrect,Incorrect,1,1,0.1572772839024995,0.10998605797198058,0.3032255907847434,0.2734857554822191,0.1560253118585574
2026,Devin Moore,CB,Secondary,SEC,114,2,Rounds 4-5,3,Rounds 6-7,3,Rounds 6-7,Incorrect,Incorrect,1,1,0.09652002054394232,0.07620621217469509,0.25919185908307374,0.32396294575123774,0.2441189624470511
2026,Julian Neal,CB,Secondary,SEC,99,2,Rounds 4-5,2,Rounds 4-5,2,Rounds 4-5,Correct,Correct,0,0,0.22337110243239033,0.1364703364598543,0.31196038047105223,0.22108786450461182,0.10711031613209132
2026,Will Lee III,CB,Secondary,SEC,129,2,Rounds 4-5,2,Rounds 4-5,2,Rounds 4-5,Correct,Correct,0,0,0.22285499108711232,0.13630083649987051,0.31198915114589776,0.22145960468134707,0.10739541658577234
2026,Malik Muhammad,CB,Secondary,SEC,124,2,Rounds 4-5,0,Round 1,0,Round 1,Incorrect,Incorrect,2,2,0.8270952435778703,0.0762757762472579,0.06809339717185947,0.021374525555726276,0.007161057447286012
2026,Davison Igbinosun,CB,Secondary,Big Ten,62,1,Rounds 2-3,2,Rounds 4-5,2,Rounds 4-5,Incorrect,Incorrect,1,1,0.16701340699144626,0.1145200664595645,0.3064245664888632,0.26522511552627803,0.14681684453384802
2026,Daylen Everette,CB,Secondary,SEC,85,1,Rounds 2-3,2,Rounds 4-5,2,Rounds 4-5,Incorrect,Incorrect,1,1,0.25440494988407286,0.14566356333631914,0.30824732539456984,0.1998528241489651,0.09183133723607306
2026,Chandler Rivers,CB,Secondary,ACC,162,3,Rounds 6-7,2,Rounds 4-5,2,Rounds 4-5,Incorrect,Incorrect,1,1,0.18365690408080737,0.121748203454768,0.31014632530116537,0.25148046301649296,0.1329681041467663
2026,Hezekiah Masses,CB,Secondary,ACC,175,3,Rounds 6-7,4,Undrafted,4,Undrafted,Incorrect,Incorrect,1,1,0.02975700487455861,0.026793628420123825,0.12261536820685512,0.29143042865042235,0.5294035698480402
2026,TJ Hall,CB,Secondary,Big Ten,219,3,Rounds 6-7,2,Rounds 4-5,2,Rounds 4-5,Incorrect,Incorrect,1,1,0.1381678815433882,0.10040577932433875,0.294349342967977,0.2899800113021701,0.177096984862126
2026,Domani Jackson,CB,Secondary,SEC,201,3,Rounds 6-7,2,Rounds 4-5,2,Rounds 4-5,Incorrect,Incorrect,1,1,0.14773037185107593,0.10531446828461191,0.29925310741956157,0.281698188516865,0.16600386392788558
2026,Tacario Davis,CB,Secondary,Big Ten,72,1,Rounds 2-3,3,Rounds 6-7,3,Rounds 6-7,Incorrect,Incorrect,2,2,0.11837651705962059,0.08949243232823272,0.28077778859270075,0.30692389922926244,0.20442936279018353
2026,Thaddeus Dixon,CB,Secondary,ACC,300,4,Undrafted,2,Rounds 4-5,2,Rounds 4-5,Incorrect,Incorrect,2,2,0.14304222941991704,0.10293695607334191,0.2969709801704856,0.2857556969293029,0.17129413740695254
2026,Ephesians Prysock,CB,Secondary,Big Ten,139,2,Rounds 4-5,2,Rounds 4-5,2,Rounds 4-5,Correct,Correct,0,0,0.1583948041282039,0.11051817877543618,0.3036347576466938,0.27253082769879156,0.15492143175087458
2026,Jaylon Guilbeau,CB,Secondary,SEC,300,4,Undrafted,1,Rounds 2-3,0,Round 1,Incorrect,Incorrect,3,4,0.4039466594285572,0.16585166485563368,0.25847321439816484,0.12328420665578166,0.04844425466186264
2026,Andre Fuller,CB,Secondary,MAC,236,3,Rounds 6-7,2,Rounds 4-5,2,Rounds 4-5,Incorrect,Incorrect,1,1,0.13521573927787225,0.09884310295751819,0.29263210069250845,0.2925366848470772,0.18077237222502396
2026,Jadon Canady,CB,Secondary,Big Ten,109,2,Rounds 4-5,1,Rounds 2-3,0,Round 1,Incorrect,Incorrect,1,2,0.36403162845655074,0.16398091131823206,0.2748948689426789,0.14024337692623534,0.05684921435630297
2026,Collin Wright,CB,Secondary,ACC,300,4,Undrafted,3,Rounds 6-7,3,Rounds 6-7,Incorrect,Incorrect,1,1,0.07999144507577098,0.06525421560751903,0.2370089619042677,0.3336564346124046,0.2840889428000377
2026,Toriano Pride Jr.,CB,Secondary,SEC,220,3,Rounds 6-7,2,Rounds 4-5,2,Rounds 4-5,Incorrect,Incorrect,1,1,0.18411816271742562,0.12193933853250907,0.3102210253787777,0.25110731355419025,0.13261415981709734
2026,Ahmari Harvey,CB,Secondary,ACC,300,4,Undrafted,2,Rounds 4-5,2,Rounds 4-5,Incorrect,Incorrect,2,2,0.23777932274785388,0.14098004782588267,0.31069737484331617,0.2109577650229938,0.0995854895599535
2026,Latrell McCutchin,CB,Secondary,Big 12,300,4,Undrafted,3,Rounds 6-7,3,Rounds 6-7,Incorrect,Incorrect,1,1,0.09970027851109065,0.07822266628549696,0.2628352806097203,0.32169427035420445,0.23754750423948767
2026,Avery Smith,CB,Secondary,MAC,300,4,Undrafted,3,Rounds 6-7,3,Rounds 6-7,Incorrect,Incorrect,1,1,0.0997310291794013,0.07824202325369056,0.26286960755597205,0.32167187062170755,0.23748546938922854
2026,Marcus Allen,CB,Secondary,ACC,300,4,Undrafted,3,Rounds 6-7,4,Undrafted,Incorrect,Correct,1,0,0.051640949148801615,0.04454481017434109,0.1831126527090246,0.3328408877721033,0.3878607001957294
2026,Jeremiyah Love,RB,Skill,FBS Independent,3,0,Round 1,0,Round 1,0,Round 1,Correct,Correct,0,0,0.7670958112459147,0.09844109389027755,0.09354713109124124,0.030549065458367997,0.010366898314198458
2026,Jadarian Price,RB,Skill,FBS Independent,32,0,Round 1,2,Rounds 4-5,2,Rounds 4-5,Incorrect,Incorrect,2,2,0.15481383465005533,0.10880222860344146,0.30228339671673105,0.275596116738405,0.15850442329136716
2026,Kaytron Allen,RB,Skill,Big Ten,187,3,Rounds 6-7,1,Rounds 2-3,0,Round 1,Incorrect,Incorrect,2,3,0.3411788591003646,0.16182871891269857,0.2835717906582864,0.1509579106104073,0.0624627207182431
2026,Jonah Coleman,RB,Skill,Big Ten,108,2,Rounds 4-5,3,Rounds 6-7,3,Rounds 6-7,Incorrect,Incorrect,1,1,0.08337854265149526,0.0675639631455343,0.24203112125661502,0.33203189581427717,0.27499447713207825
2026,Demond Claiborne,RB,Skill,ACC,198,3,Rounds 6-7,3,Rounds 6-7,4,Undrafted,Correct,Incorrect,0,1,0.04007593274337562,0.035362518182960906,0.1536254716119605,0.3184556332325593,0.4524804442291437
2026,Emmett Johnson,RB,Skill,Big Ten,161,3,Rounds 6-7,3,Rounds 6-7,3,Rounds 6-7,Correct,Correct,0,0,0.09492278564643937,0.07518256779392367,0.25729083387837814,0.3250637587735571,0.24754005390770173
2026,Mike Washington,RB,Skill,SEC,122,2,Rounds 4-5,2,Rounds 4-5,3,Rounds 6-7,Correct,Incorrect,0,1,0.1327547724547075,0.09752316639408087,0.29112289802795743,0.29466447816865615,0.18393468495459808
2026,Seth McGowan,RB,Skill,SEC,237,3,Rounds 6-7,3,Rounds 6-7,3,Rounds 6-7,Correct,Correct,0,0,0.11620655989517391,0.08823235900983768,0.2789721166196411,0.308729689642557,0.20785927483279032
2026,Robert Henry,RB,Skill,AAC,300,4,Undrafted,3,Rounds 6-7,4,Undrafted,Incorrect,Correct,1,0,0.05870910809474236,0.049943197636624984,0.19877309637527657,0.336415588916127,0.3561590089772291
2026,Nicholas Singleton,RB,Skill,Big Ten,165,3,Rounds 6-7,2,Rounds 4-5,2,Rounds 4-5,Incorrect,Incorrect,1,1,0.15836344814792375,0.11050328992700731,0.3036234302953395,0.27255759994481743,0.154952231684912
2026,Le'Veon Moss,RB,Skill,SEC,300,4,Undrafted,1,Rounds 2-3,0,Round 1,Incorrect,Incorrect,3,4,0.47444595897943626,0.16380258638945783,0.2270680474731399,0.09787147124957074,0.036811935908395266
2026,Jam Miller,RB,Skill,SEC,245,3,Rounds 6-7,3,Rounds 6-7,4,Undrafted,Correct,Incorrect,0,1,0.0621870078583844,0.05254120190693972,0.2058903502750251,0.3371413293636562,0.3422401105959946
2026,Desmond Reid,RB,Skill,ACC,300,4,Undrafted,3,Rounds 6-7,4,Undrafted,Incorrect,Correct,1,0,0.04885494012116834,0.0423728093890121,0.17646952258849774,0.33049072655455886,0.401812001346763
2026,Eli Heidenreich,RB,Skill,AAC,230,3,Rounds 6-7,3,Rounds 6-7,4,Undrafted,Correct,Incorrect,0,1,0.05013131823250576,0.04337100987466158,0.17954743469939616,0.33164223675573473,0.39530800043770176
2026,J'Mari Taylor,RB,Skill,ACC,300,4,Undrafted,3,Rounds 6-7,4,Undrafted,Incorrect,Correct,1,0,0.056365540892388065,0.04817095811057708,0.19376334446267807,0.3355691238857009,0.3661310326486559
2026,Roman Hemby,RB,Skill,Big Ten,300,4,Undrafted,3,Rounds 6-7,3,Rounds 6-7,Incorrect,Incorrect,1,1,0.11919821916252411,0.08996625716080882,0.28144389333182795,0.3062360001573073,0.2031556301875318
2026,Rahsul Faison,RB,Skill,SEC,300,4,Undrafted,3,Rounds 6-7,3,Rounds 6-7,Incorrect,Incorrect,1,1,0.09130602155419304,0.07283747198157228,0.25280379504526984,0.32744803124220145,0.2556046801767634
2026,Max Bredeson,RB,Skill,Big Ten,159,2,Rounds 4-5,2,Rounds 4-5,3,Rounds 6-7,Correct,Incorrect,0,1,0.13417120020765586,0.0982847888062725,0.2920002925819155,0.2934403154988171,0.182103402905339
2026,Adam Randall,RB,Skill,ACC,174,3,Rounds 6-7,3,Rounds 6-7,3,Rounds 6-7,Correct,Correct,0,0,0.11856950666212572,0.08960388152291414,0.28093509668315364,0.30676252729120074,0.20412898784060574
2026,CJ Donaldson,RB,Skill,Big Ten,300,4,Undrafted,2,Rounds 4-5,2,Rounds 4-5,Incorrect,Incorrect,2,2,0.24518172906527097,0.14313301849965998,0.30972834462769466,0.20593723591772461,0.09601967188964977
2026,Noah Whittington,RB,Skill,Big Ten,300,4,Undrafted,2,Rounds 4-5,2,Rounds 4-5,Incorrect,Incorrect,2,2,0.2869060398712809,0.15328599609220805,0.30096969405689605,0.17985727573569088,0.07898099424392413
2026,Olaivavega Ioane,IOL,OL,Big Ten,14,0,Round 1,2,Rounds 4-5,2,Rounds 4-5,Incorrect,Incorrect,2,2,0.17775021029736232,0.11925719498222559,0.30905939844588937,0.25629742561572066,0.13763577065880206
2026,Connor Lew,IOL,OL,SEC,128,2,Rounds 4-5,4,Undrafted,4,Undrafted,Incorrect,Incorrect,2,2,0.03065222045003656,0.0275513384660136,0.12550145659701642,0.29451215569496003,0.5217828287919735
2026,Trey Zuhn III,IOL,OL,SEC,91,1,Rounds 2-3,3,Rounds 6-7,4,Undrafted,Incorrect,Incorrect,2,3,0.05767828445052712,0.04916582361652929,0.1965912206562216,0.3360810835558348,0.3604835877208872
2026,Chase Bisontis,IOL,OL,SEC,34,1,Rounds 2-3,3,Rounds 6-7,3,Rounds 6-7,Incorrect,Incorrect,2,2,0.10687526643310402,0.08266684810764796,0.27039644985852773,0.3162632756822258,0.2237981599184945
2026,Emmanuel Pregnon,IOL,OL,Big Ten,88,1,Rounds 2-3,2,Rounds 4-5,0,Round 1,Incorrect,Incorrect,1,1,0.3298098694090653,0.16044900772912907,0.2876339506914397,0.15659035263750698,0.06551681953285893
2026,Gennings Dunker,IOL,OL,Big Ten,96,1,Rounds 2-3,2,Rounds 4-5,2,Rounds 4-5,Incorrect,Incorrect,1,1,0.16307559649131456,0.11271390780808496,0.3052285448564127,0.26854933012738336,0.1504326207168044
2026,Billy Schrauth,IOL,OL,FBS Independent,160,2,Rounds 4-5,2,Rounds 4-5,3,Rounds 6-7,Correct,Incorrect,0,1,0.12962999488484067,0.09582442082841339,0.2891013795178715,0.29735858843300667,0.18808561633586773
2026,Alex Harkey,IOL,OL,Big Ten,206,3,Rounds 6-7,2,Rounds 4-5,2,Rounds 4-5,Incorrect,Incorrect,1,1,0.15771868274150413,0.1101966008218161,0.3033885500791193,0.2731083896155012,0.15558777674205926
2026,Parker Brailsford,IOL,OL,SEC,146,2,Rounds 4-5,0,Round 1,0,Round 1,Incorrect,Incorrect,2,2,0.6080434401880754,0.14393108808514732,0.16497235348939832,0.06129621604683133,0.0217569021905476
2026,Keylan Rutledge,IOL,OL,ACC,26,0,Round 1,3,Rounds 6-7,3,Rounds 6-7,Incorrect,Incorrect,3,3,0.08994036654593253,0.07194212827928019,0.25104182206298453,0.3283051540688097,0.258770529042993
2026,Jake Slaughter,IOL,OL,SEC,63,1,Rounds 2-3,1,Rounds 2-3,0,Round 1,Correct,Incorrect,0,1,0.4801174814012567,0.16336321854361918,0.22446338000702126,0.0960416003913962,0.03601431965670665
2026,Brian Parker II,IOL,OL,ACC,189,3,Rounds 6-7,3,Rounds 6-7,4,Undrafted,Correct,Incorrect,0,1,0.05697326152125996,0.048632202225012536,0.19507940093214815,0.33581840907279686,0.3634967262487825
2026,Jager Burton,IOL,OL,SEC,153,2,Rounds 4-5,3,Rounds 6-7,3,Rounds 6-7,Incorrect,Incorrect,1,1,0.07077829927420237,0.05879698462785812,0.22195463170805182,0.3367171615940781,0.3117529227958096
2026,Matt Gulbin,IOL,OL,Big Ten,209,3,Rounds 6-7,3,Rounds 6-7,4,Undrafted,Correct,Incorrect,0,1,0.06009748951073803,0.050984898382796205,0.20165895905363668,0.3367772352843301,0.35048141776849895
2026,Logan Jones,IOL,OL,Big Ten,57,1,Rounds 2-3,3,Rounds 6-7,3,Rounds 6-7,Incorrect,Incorrect,2,2,0.09348037317693682,0.07425184306088788,0.2555320761771509,0.3260334973817773,0.2507022102032471
2026,Ar'maj Reed-Adams,IOL,OL,SEC,241,3,Rounds 6-7,1,Rounds 2-3,0,Round 1,Incorrect,Incorrect,2,3,0.46111073117761675,0.16468069205310837,0.23315926457036862,0.10229022930699916,0.038759082891907104
2026,Jalen Farmer,IOL,OL,SEC,113,2,Rounds 4-5,3,Rounds 6-7,4,Undrafted,Incorrect,Incorrect,1,2,0.054239075169547686,0.04654774599973462,0.18906282844257086,0.3345215461958478,0.37562880419229905
2026,Pat Coogan,IOL,OL,Big Ten,194,3,Rounds 6-7,2,Rounds 4-5,0,Round 1,Incorrect,Incorrect,1,3,0.3336626100558827,0.16094007230031282,0.28627835926575806,0.1546581755380203,0.0644607828400261
2026,Beau Stephens,IOL,OL,Big Ten,148,2,Rounds 4-5,3,Rounds 6-7,4,Undrafted,Incorrect,Incorrect,1,2,0.061627086695426346,0.05212551148182775,0.20476947468186307,0.33706411605552267,0.3444138110853602
2026,Sam Hecht,IOL,OL,Big 12,144,2,Rounds 4-5,3,Rounds 6-7,4,Undrafted,Incorrect,Incorrect,1,2,0.03769272300885353,0.03341537999298456,0.14688623177422427,0.31367946570390637,0.4683261995200313
2026,DJ Campbell,IOL,OL,SEC,200,3,Rounds 6-7,0,Round 1,0,Round 1,Incorrect,Incorrect,3,3,0.5300515005972277,0.15787145445924355,0.20129965446757603,0.08109538628059865,0.02968200419535405
2026,Evan Beerntsen,IOL,OL,Big Ten,253,3,Rounds 6-7,3,Rounds 6-7,4,Undrafted,Correct,Incorrect,0,1,0.059271171483836246,0.05036564735248922,0.19994863942591695,0.3365740032503302,0.35384053848742736
2026,Garrett DiGiorgio,IOL,OL,Big Ten,300,4,Undrafted,3,Rounds 6-7,3,Rounds 6-7,Incorrect,Incorrect,1,1,0.06758912781420809,0.05650147002046538,0.21623298103537375,0.3371980518060704,0.3224783693238824
2026,Anez Cooper,IOL,OL,ACC,188,3,Rounds 6-7,2,Rounds 4-5,2,Rounds 4-5,Incorrect,Incorrect,1,1,0.22375078613993554,0.13659467587500773,0.3119384524679972,0.220814783012532,0.10690130250452756
2026,Joshua Braun,IOL,OL,SEC,300,4,Undrafted,3,Rounds 6-7,3,Rounds 6-7,Incorrect,Incorrect,1,1,0.10520203878348568,0.0816433817517082,0.2687118247696546,0.3175633760527303,0.22687937864242125
2026,Jaeden Roberts,IOL,OL,SEC,300,4,Undrafted,2,Rounds 4-5,3,Rounds 6-7,Incorrect,Incorrect,2,1,0.12762301726715458,0.09471982723207567,0.28773902456286105,0.29908270861931074,0.19083542231859796
2026,Dillon Wade,IOL,OL,SEC,300,4,Undrafted,3,Rounds 6-7,3,Rounds 6-7,Incorrect,Incorrect,1,1,0.09463756069687107,0.07499900012482416,0.25694624194197935,0.3252574035526608,0.2481597936836646
2026,Micah Morris,IOL,OL,SEC,207,3,Rounds 6-7,2,Rounds 4-5,2,Rounds 4-5,Incorrect,Incorrect,1,1,0.20977323887387,0.13181665553798266,0.3122997758697275,0.2310882954237543,0.11502203429466551
2026,Febechi Nwaiwu,IOL,OL,SEC,106,2,Rounds 4-5,3,Rounds 6-7,4,Undrafted,Incorrect,Incorrect,1,2,0.04910206511712795,0.042566488464120235,0.17707005450174207,0.3307239354039378,0.40053745651307193
2026,Fernando Carmona,IOL,OL,SEC,142,2,Rounds 4-5,3,Rounds 6-7,4,Undrafted,Incorrect,Incorrect,1,2,0.053262036562323846,0.04579707916955334,0.18685236361955737,0.333943636034147,0.3801448846144184
2026,Logan Taylor,IOL,OL,ACC,202,3,Rounds 6-7,3,Rounds 6-7,3,Rounds 6-7,Correct,Correct,0,0,0.0667069966162897,0.05586098418107588,0.2146010791151079,0.3372679876769594,0.3255629524105671
2026,Jeremiah Wright,IOL,OL,SEC,132,2,Rounds 4-5,3,Rounds 6-7,3,Rounds 6-7,Incorrect,Incorrect,1,1,0.07289566500840593,0.060303788313629245,0.22560358461221777,0.3362170651485774,0.30497989691716965
2026,Jordyn Tyson,WR,Skill,Big 12,8,0,Round 1,1,Rounds 2-3,0,Round 1,Incorrect,Correct,1,0,0.44112200894476344,0.16557900544783294,0.24218162269535126,0.10923565815468983,0.041881704757362526
2026,Carnell Tate,WR,Skill,Big Ten,4,0,Round 1,2,Rounds 4-5,2,Rounds 4-5,Incorrect,Incorrect,2,2,0.20420749518184322,0.12979750980074872,0.31217092296694865,0.23530505265552593,0.11851901939493348
2026,Omar Cooper Jr.,WR,Skill,Big Ten,30,0,Round 1,2,Rounds 4-5,2,Rounds 4-5,Incorrect,Incorrect,2,2,0.202666597181526,0.12922656715340183,0.312105733823232,0.23648506818014714,0.11951603366169306
2026,Makai Lemon,WR,Skill,Big Ten,20,0,Round 1,0,Round 1,0,Round 1,Correct,Correct,0,0,0.5657288285630941,0.15226284909896592,0.18464930679190972,0.07155739232922076,0.025801623216809455
2026,KC Concepcion,WR,Skill,SEC,24,0,Round 1,0,Round 1,0,Round 1,Correct,Correct,0,0,0.5346691375124308,0.15722192977202276,0.1991455162639466,0.07981098871234804,0.02915242773925175
2026,Denzel Boston,WR,Skill,Big Ten,39,1,Rounds 2-3,2,Rounds 4-5,3,Rounds 6-7,Incorrect,Incorrect,1,2,0.1350109483232444,0.09873386372836496,0.2925092386948226,0.2927139003366943,0.18103204891687374
2026,Germie Bernard,WR,Skill,SEC,47,1,Rounds 2-3,2,Rounds 4-5,2,Rounds 4-5,Incorrect,Incorrect,1,1,0.14402857720176682,0.10344178291900069,0.2974701793775778,0.28490127460750503,0.17015818589414966
2026,Brenen Thompson,WR,Skill,SEC,105,2,Rounds 4-5,3,Rounds 6-7,3,Rounds 6-7,Incorrect,Incorrect,1,1,0.09558127834580074,0.07560547321921243,0.2580804385182426,0.3246132534535149,0.24611955646322936
2026,Zachariah Branch,WR,Skill,SEC,79,1,Rounds 2-3,2,Rounds 4-5,2,Rounds 4-5,Incorrect,Incorrect,1,1,0.14419616780044678,0.10352731289730435,0.2975539753609809,0.28475613003967437,0.16996641390159362
2026,Chris Brazzell II,WR,Skill,SEC,83,1,Rounds 2-3,2,Rounds 4-5,2,Rounds 4-5,Incorrect,Incorrect,1,1,0.1615896928022259,0.11202264687538838,0.3047432620866159,0.2698098892737859,0.15183450896198392
2026,Malachi Fields,WR,Skill,FBS Independent,74,1,Rounds 2-3,2,Rounds 4-5,2,Rounds 4-5,Incorrect,Incorrect,1,1,0.15208519471267457,0.10747347843887367,0.30117361616458427,0.2779413893836843,0.1613263213001832
2026,Eric McAlister,WR,Skill,Big 12,300,4,Undrafted,3,Rounds 6-7,3,Rounds 6-7,Incorrect,Incorrect,1,1,0.11791709606604725,0.08922671657338818,0.2804011662805237,0.3073075651870146,0.2051474558930263
2026,Antonio Williams,WR,Skill,ACC,71,1,Rounds 2-3,2,Rounds 4-5,2,Rounds 4-5,Incorrect,Incorrect,1,1,0.1964358256593989,0.126864566103799,0.31170539043781587,0.24131170872504126,0.12368250907394496
2026,Elijah Sarratt,WR,Skill,Big Ten,115,2,Rounds 4-5,1,Rounds 2-3,0,Round 1,Incorrect,Incorrect,1,2,0.49051635547377925,0.162457408036214,0.21966949802176772,0.09276020807195462,0.03459653039628441
2026,Chris Bell,WR,Skill,ACC,94,1,Rounds 2-3,2,Rounds 4-5,2,Rounds 4-5,Incorrect,Incorrect,1,1,0.1574781342536808,0.11008192079522972,0.3032999610881983,0.27331401210799855,0.15582597175489266
2026,Kevin Coleman Jr.,WR,Skill,SEC,177,3,Rounds 6-7,3,Rounds 6-7,3,Rounds 6-7,Correct,Correct,0,0,0.10826781876202558,0.08351268146146805,0.2717633023896782,0.3151678031638625,0.22128839422296565
2026,Eric Rivers,WR,Skill,ACC,300,4,Undrafted,3,Rounds 6-7,3,Rounds 6-7,Incorrect,Incorrect,1,1,0.08728917390173252,0.07018843392123733,0.24751167717271047,0.32989354448744734,0.26511717051687234
2026,Josh Cameron,WR,Skill,Big 12,191,3,Rounds 6-7,2,Rounds 4-5,2,Rounds 4-5,Incorrect,Incorrect,1,1,0.1501270210988397,0.10650852582377959,0.3003331707059616,0.27962879586403744,0.16340248650738165
2026,Vinny Anthony II,WR,Skill,Big Ten,300,4,Undrafted,3,Rounds 6-7,4,Undrafted,Incorrect,Correct,1,0,0.04978573109619657,0.04310126329210335,0.17871987403939774,0.3313432996550374,0.39704983191726495
2026,Skyler Bell,WR,Skill,FBS Independent,125,2,Rounds 4-5,0,Round 1,0,Round 1,Incorrect,Incorrect,2,2,0.5419434620819329,0.15615194977088664,0.19575061493020884,0.07781863185562388,0.028335341361347743
2026,Ted Hurst,WR,Skill,Sun Belt,84,1,Rounds 2-3,3,Rounds 6-7,4,Undrafted,Incorrect,Incorrect,2,3,0.059635661999076946,0.05063906612013674,0.2007056803110902,0.3366679429880242,0.3523516485816719
2026,Jeff Caldwell,WR,Skill,Big 12,300,4,Undrafted,2,Rounds 4-5,3,Rounds 6-7,Incorrect,Incorrect,2,1,0.13133139158612261,0.09675253387856547,0.2902168914684397,0.29589294540121813,0.18580623766565407
2026,Reggie Virgil,WR,Skill,Big 12,143,2,Rounds 4-5,3,Rounds 6-7,3,Rounds 6-7,Incorrect,Incorrect,1,1,0.11093065122748719,0.08511510005853812,0.2742900905133309,0.3130422276307739,0.2166219305698699
2026,Ja'Kobi Lane,WR,Skill,Big Ten,80,1,Rounds 2-3,2,Rounds 4-5,2,Rounds 4-5,Incorrect,Incorrect,1,1,0.21209440039727542,0.13263892685653064,0.31230576022746565,0.22935086391480297,0.11361004860392532
2026,Deion Burks,WR,Skill,SEC,254,3,Rounds 6-7,2,Rounds 4-5,2,Rounds 4-5,Incorrect,Incorrect,1,1,0.1941176746871627,0.12596377985301158,0.31149846170889545,0.24312978845774713,0.12529029529318314
2026,Barion Brown,WR,Skill,SEC,190,3,Rounds 6-7,2,Rounds 4-5,2,Rounds 4-5,Incorrect,Incorrect,1,1,0.1403698978121198,0.10155677822770762,0.29556599836298714,0.2880715922301744,0.17443573336701101
2026,Aaron Anderson,WR,Skill,SEC,300,4,Undrafted,3,Rounds 6-7,4,Undrafted,Incorrect,Correct,1,0,0.052380036203720615,0.04511679556849656,0.18482893281280277,0.3333665459151622,0.38430768949981786
2026,Zavion Thomas,WR,Skill,SEC,89,1,Rounds 2-3,3,Rounds 6-7,3,Rounds 6-7,Incorrect,Incorrect,2,2,0.10269467365983806,0.08009501276236214,0.266098946017427,0.31947527909629203,0.2316360884640808
2026,J. Michael Sturdivant,WR,Skill,SEC,300,4,Undrafted,2,Rounds 4-5,2,Rounds 4-5,Incorrect,Incorrect,2,2,0.15972383450427013,0.11114703777298729,0.3041068072889797,0.27139726494978933,0.15362505548397354
2026,Kendrick Law,WR,Skill,SEC,168,3,Rounds 6-7,2,Rounds 4-5,2,Rounds 4-5,Incorrect,Incorrect,1,1,0.14898760462924882,0.10594263957162203,0.2998268276356274,0.2806121105667504,0.16463081759675136
2026,Chase Roberts,WR,Skill,Big 12,300,4,Undrafted,2,Rounds 4-5,2,Rounds 4-5,Incorrect,Incorrect,2,2,0.15980347643745108,0.11118458518617719,0.3041345971569103,0.2713294112278587,0.15354792999160272
2026,CJ Daniels,WR,Skill,ACC,197,3,Rounds 6-7,2,Rounds 4-5,2,Rounds 4-5,Incorrect,Incorrect,1,1,0.21129973133587113,0.13235872012557678,0.3123067983562975,0.22994428355269203,0.11409046662956257
2026,De'Zhaun Stribling,WR,Skill,SEC,33,1,Rounds 2-3,2,Rounds 4-5,2,Rounds 4-5,Incorrect,Incorrect,1,1,0.2409819659254734,0.1419250002375754,0.31030322657927717,0.20877047932687554,0.09801932793079848
2026,Harrison Wallace III,WR,Skill,SEC,300,4,Undrafted,3,Rounds 6-7,3,Rounds 6-7,Incorrect,Incorrect,1,1,0.08823567772523365,0.0708168811379936,0.24878880150335805,0.3293384439124651,0.2628201957209496
2026,Kaden Wetjen,WR,Skill,Big Ten,121,2,Rounds 4-5,1,Rounds 2-3,0,Round 1,Incorrect,Incorrect,1,2,0.44349626922837554,0.16549908717383627,0.24111786815432557,0.10838960854298674,0.04149716690047589
2026,Caullin Lacy,WR,Skill,ACC,300,4,Undrafted,3,Rounds 6-7,3,Rounds 6-7,Incorrect,Incorrect,1,1,0.07401311185054602,0.0610934936825461,0.22748256554175916,0.33590006161589653,0.3015107673092522
2026,Colbie Young,WR,Skill,SEC,140,2,Rounds 4-5,2,Rounds 4-5,2,Rounds 4-5,Correct,Correct,0,0,0.2882105870363555,0.15355119828616348,0.3006196606251761,0.1790995279923978,0.07851902605990713
2026,Caleb Douglas,WR,Skill,Big 12,75,1,Rounds 2-3,2,Rounds 4-5,2,Rounds 4-5,Incorrect,Incorrect,1,1,0.16447397660056812,0.1133595767889467,0.30566808178104427,0.26736605100840705,0.14913231382103387
2026,Jordan Hudson,WR,Skill,ACC,300,4,Undrafted,2,Rounds 4-5,2,Rounds 4-5,Incorrect,Incorrect,2,2,0.22951172250618568,0.13844451099376576,0.3115282083982469,0.21671219800997998,0.10380336009182167
2026,Donaven McCulley,WR,Skill,Big Ten,300,4,Undrafted,2,Rounds 4-5,2,Rounds 4-5,Incorrect,Incorrect,2,2,0.1901412573178666,0.12439054936546304,0.31106698062454446,0.24627616192641688,0.12812505076570901
2026,Dillon Bell,WR,Skill,SEC,300,4,Undrafted,2,Rounds 4-5,2,Rounds 4-5,Incorrect,Incorrect,2,2,0.21884156054916296,0.13496369027624908,0.3121714318100931,0.2243714312373094,0.10965188612718546
2026,Emmanuel Henderson Jr.,WR,Skill,Big 12,199,3,Rounds 6-7,3,Rounds 6-7,4,Undrafted,Correct,Incorrect,0,1,0.038892656932645896,0.03439812822306928,0.15030961852585667,0.31617815442751707,0.4602214418909111
2026,Malik Benson,WR,Skill,Big Ten,195,3,Rounds 6-7,3,Rounds 6-7,3,Rounds 6-7,Correct,Correct,0,0,0.11138928919221627,0.08538911741010918,0.2747139899834452,0.31267235748524735,0.21583524592898196
2026,Chris Hilton Jr.,WR,Skill,SEC,300,4,Undrafted,3,Rounds 6-7,3,Rounds 6-7,Incorrect,Incorrect,1,1,0.06765807127104338,0.05655142608479008,0.2163596102489584,0.33719138280873573,0.3222395095864724
