Season,Name,Position,Team,Conference,AveragePPA All,AveragePPA Pass,AveragePPA Rush,AveragePPA FirstDown,AveragePPA SecondDown,AveragePPA ThirdDown,AveragePPA StandardDowns,AveragePPA PassingDowns,TotalPPA All,TotalPPA Pass,TotalPPA Rush,TotalPPA FirstDown,TotalPPA SecondDown,TotalPPA ThirdDown,TotalPPA StandardDowns,TotalPPA PassingDowns,index_combine,Season_combine,Height (inches),Weight(lbs),Hand (inches),Arm (inches),Wingspan (inches),40-Yard Dash (seconds),Vertical (inches),Bench (reps),Broad Jump (inches),3-Cone (seconds),Shuttle (seconds),Overall Pick,Combine Participation
2025,Haynes King,QB,Georgia Tech,ACC,0.321,0.354,0.323,0.16,0.308,0.648,0.256,0.463,157.981,116.264,52.037,31.77,51.499,75.136,86.644,71.336,178,2026,74.375,212,9,31.875,86.54,4.46,33.5,11,116,6.89,4.17,300,1
2025,Joe Fagnano,QB,UConn,Ind,0.476,0.476,0.474,0.237,0.531,0.695,0.367,0.649,183.301,168.141,15.16,37.418,61.069,70.245,86.63,96.67,179,2026,75.250,226,9.25,31.375,80.14,4.83,35,17,118,6.17,4.35,300,1
2025,Caullin Lacy,WR,Louisville,ACC,0.163,0.232,-0.196,-0.141,0.429,0.502,-0.064,0.564,13.98,16.717,-2.737,-6.068,9.007,11.042,-3.515,17.495,302,2026,69.125,183,9.875,29.375,70.67,4.55,33.5,29,116,6.35,4.56,300,1
2025,Carson Beck,QB,Miami,ACC,0.306,0.351,0.048,0.148,0.273,0.545,0.231,0.421,139.174,144.934,1.871,25.047,44.025,65.402,63.393,75.781,171,2026,76.750,233,10,30.625,75,4.55,68.29,14,147.56,9.47,6.22,65,1
2025,Taylen Green,QB,Arkansas,SEC,0.415,0.344,0.68,0.167,0.524,0.665,0.259,0.658,163.389,101.732,65.916,27.541,72.262,55.223,62.08,101.309,175,2026,77.875,227,9.875,34.75,79.41,4.36,43.5,18,134,6.1,5.42,182,1
2025,Chris Hilton Jr.,WR,LSU,SEC,-0.219,-0.219,0.789,0.15,1.886,-0.116,-0.661,0.885,-1.533,-1.533,0,0.6,1.886,-0.116,-3.304,1.77,311,2026,72.000,188,9.25,32,65.33,4.41,34.5,21,122,7.25,4.41,300,1
2025,Behren Morton,QB,Texas Tech,B12,0.273,0.316,-0.206,0.043,0.176,0.752,0.095,0.5,93.746,101.851,-4.115,5.76,18.462,69.952,18.26,75.486,172,2026,74.000,221,9.5,30.625,81.58,4.36,34.51,11,118.77,7.08,6.5,234,1
2025,Eli Stowers,TE,Vanderbilt,SEC,0.636,0.661,-1.191,0.112,0.7,1.214,0.401,0.936,46.392,47.582,-1.191,3.138,17.512,19.431,16.446,29.946,140,2026,75.750,239,9.625,32.625,79.75,4.51,45.5,21,135,6.94,3.76,54,1
2025,Matthew Hibner,TE,SMU,ACC,0.755,0.755,1.783,0.255,0.524,1.798,0.515,0.983,27.944,27.944,0,3.32,7.862,14.386,9.263,18.681,158,2026,76.250,251,9.375,32.375,73.37,4.57,37,28,116,7.22,6.9,133,1
2025,Noah Whittington,RB,Oregon,B1G,0.159,-0.055,0.207,0.256,-0.109,0.632,0.196,-0.023,21.789,-1.38,23.169,16.895,-5.561,10.741,22.308,-0.519,233,2026,68.000,205,8.25,29.125,87.87,4.56,45.95,24,133.3,7.32,4.91,300,1
2025,Sawyer Robertson,QB,Baylor,B12,0.25,0.252,0.583,0.099,0.394,0.374,0.118,0.467,120.172,114.181,14.586,20.43,57.164,37.065,35.148,85.024,173,2026,75.750,216,9.375,32.125,67.75,4.65,37.5,15,123,7.45,4.46,300,1
2025,Joe Royer,TE,Cincinnati,B12,0.732,0.732,0.45,0.176,0.996,1.449,0.303,1.848,26.363,26.363,0,2.814,11.958,11.591,7.883,18.479,148,2026,77.000,247,10.75,31.5,72.02,5.28,24.18,21,109.93,7.14,6.07,170,0
2025,Lake McRee,TE,USC,B1G,0.557,0.557,0.581,0.985,0.225,1.049,0.506,0.672,25.609,25.609,0,16.752,4.734,5.245,16.197,9.412,160,2026,76.000,243,9.25,31.5,81.24,4.64,34.42,22,101.85,7.06,4.07,300,1
2025,Garrett Nussmeier,QB,LSU,SEC,0.208,0.195,0.463,0.128,0.166,0.361,0.096,0.355,62.099,55.615,6.484,14.931,17.238,26.745,16.25,45.848,168,2026,74.000,203,9.125,30.375,77.62,7.34,48.63,10,116.28,7.34,4.45,249,1
2025,Michael Trigg,TE,Baylor,B12,0.405,0.405,0.132,0.127,0.845,0.469,0.273,0.607,32.796,32.796,0,3.812,21.123,9.374,13.378,19.417,139,2026,75.750,240,10.5,34.25,84.375,4.45,26.14,30,114.27,7.11,4.86,300,0
2025,Donaven McCulley,WR,Michigan,B1G,0.525,0.555,-0.464,0.211,0.654,0.851,0.372,0.703,36.255,37.182,-0.928,5.283,17,14.467,13.759,22.496,307,2026,76.500,203,10.25,32.625,68.68,4.53,36.48,25,132.25,6.8,3.9,300,0
2025,Jalon Daniels,QB,Kansas,B12,0.354,0.376,0.333,0.217,0.312,0.523,0.349,0.364,129.376,106.149,27.314,32.26,37.778,42.897,82.764,46.611,176,2026,72.625,219,9.625,30.375,67.58,4.65,54.01,9,143.07,9.69,5.74,300,1
2025,Luke Altmyer,QB,Illinois,B1G,0.402,0.4,0.426,0.228,0.637,0.528,0.273,0.602,152.828,130.25,22.577,35.264,77.772,48.535,63.131,89.698,174,2026,73.750,210,9,29.875,78.04,4.72,32,12,114,9.31,4.35,300,1
2025,Eric McAlister,WR,TCU,B12,0.724,0.724,1.084,0.192,0.895,1.65,0.348,1.49,63.736,63.736,0,8.82,19.694,31.342,20.537,43.198,277,2026,76.000,194,9.625,32.625,81.53,4.6,42.2,25,122.71,6.58,4.32,300,0
2025,C.J. Daniels,WR,Miami,ACC,0.728,0.728,0.153,0.621,0.648,0.992,0.693,0.784,41.503,41.503,0,13.664,12.962,14.877,24.253,17.25,298,2026,74.000,202,9.25,31.75,82.56,4.26,37.8,21,127.32,7.24,4.31,197,0
2025,J.Michael Sturdivant,WR,Florida,SEC,0.564,0.59,-0.587,0.377,-0.003,1.38,0.475,0.697,25.361,25.949,-0.587,7.909,-0.033,12.417,12.812,12.549,295,2026,74.875,207,9.5,32.875,76.36,4.4,39,17,131,7.15,4.01,300,1
2025,Malachi Fields,WR,Notre Dame,Ind,0.465,0.465,-0.182,0.435,-0.127,1.031,0.31,0.757,25.559,25.559,0,11.742,-1.645,15.462,11.177,14.382,276,2026,76.500,218,9,32.125,79,4.61,38,25,124,6.98,4.35,74,1
2025,Deion Burks,WR,Oklahoma,SEC,0.254,0.325,-0.681,0.009,0.255,1.186,0.058,0.699,21.622,25.708,-4.086,0.332,9.429,11.861,3.442,18.18,291,2026,69.750,180,9.5,29.375,72.75,4.3,42.5,26,131,6.67,3.91,254,1
2025,Skyler Bell,WR,UConn,Ind,0.568,0.589,-0.751,0.281,0.622,0.8,0.42,0.825,71.562,73.063,-1.501,15.435,25.519,21.61,33.627,37.934,285,2026,71.625,192,10,31.125,74.09,4.4,41,29,133,7.37,4.64,125,1
2025,Kaytron Allen,RB,Penn State,B1G,0.194,0.066,0.205,0.329,-0.105,0.466,0.209,0.115,42.068,1.184,40.885,34.534,-8.092,14.897,37.914,4.155,215,2026,71.000,216,9.5,29.5,80.74,4.34,43.16,17,131.51,7.32,4.17,187,0
2025,Germie Bernard,WR,Alabama,SEC,0.558,0.561,0.545,0.413,0.613,0.797,0.469,0.721,66.445,57.173,9.272,17.78,23.283,26.3,36.142,30.303,272,2026,73.250,206,9.875,30.375,75.81,4.45,32.5,26,125,6.71,4.31,47,1
2025,Kevin Coleman Jr.,WR,Missouri,SEC,0.438,0.493,-0.138,0.201,0.572,0.612,0.258,0.714,35.487,36.456,-0.968,6.831,12.009,14.076,12.646,22.841,281,2026,70.250,179,9.5,30,73.51,4.49,38.5,15,126,8.44,4.37,177,1
2025,Emmanuel Henderson Jr.,WR,Kansas,B12,0.557,0.597,-0.088,0.94,0.216,0.503,0.754,0.164,38.459,38.812,-0.353,25.368,6.043,7.048,34.677,3.783,309,2026,72.875,185,8.375,31,72.82,4.44,35,20,120,7.56,4.41,199,1
2025,Jordan Hudson,WR,SMU,ACC,0.636,0.639,0.38,0.74,0.432,0.563,0.529,0.801,47.027,46.647,0.38,23.67,9.511,10.693,23.809,23.218,306,2026,73.000,191,9.25,31.125,85.6,4.46,41.4,20,136.73,6.54,4.62,300,0
2025,Cade Klubnik,QB,Clemson,ACC,0.215,0.239,0.134,0.164,0.161,0.266,0.254,0.14,98.843,94.323,8.554,30.239,24.514,27.683,76.69,22.153,169,2026,74.000,207,9.25,31.125,77.75,9.1,44.48,9,153.16,13.38,5.53,110,1
2025,Kendrick Law,WR,Kentucky,SEC,0.322,0.32,0.337,0.225,0.234,0.484,0.402,0.157,19.613,17.257,2.356,5.393,5.387,5.321,16.471,3.142,296,2026,71.375,203,9.625,31.125,78.04,4.45,42,21,128,7.47,4.07,168,1
2025,Le'Veon Moss,RB,Texas A&M,SEC,0.119,-0.596,0.164,-0.038,0.062,1.319,0.143,-0.016,9.982,-2.979,12.961,-2.005,1.434,10.552,10.185,-0.203,223,2026,71.000,203,9.5,31,77.55,4.52,48.81,29,156.53,7.32,4.42,300,0
2025,Jamarion Miller,RB,Alabama,SEC,-0.048,0.203,-0.097,-0.16,-0.016,0.24,-0.081,0.123,-7.402,5.065,-12.467,-13.145,-0.88,3.118,-10.471,3.069,224,2026,70.250,209,8.75,30.375,79.42,4.42,30.5,23,115,7.32,4.3,245,1
2025,Sam Roush,TE,Stanford,ACC,0.347,0.347,0.718,0.198,0.216,0.893,0.301,0.413,20.152,20.152,0,5.545,3.894,10.714,10.232,9.921,152,2026,78.000,267,10,30.625,76.375,4.7,38.5,25,126,7.08,4.37,69,1
2025,Jadarian Price,RB,Notre Dame,Ind,0.262,1.316,0.197,0.218,0.205,0.443,0.174,0.57,27.244,7.897,19.347,11.763,6.545,7.535,14.124,13.121,214,2026,70.625,203,9.625,30.875,76.5,4.49,35,21,124,7.32,4.34,32,1
2025,Ty Simpson,QB,Alabama,SEC,0.328,0.337,0.331,0.147,0.335,0.462,0.246,0.454,179.876,163.95,19.831,29.25,58.958,67.876,81.735,98.141,166,2026,73.125,211,9.375,30.875,76.5,10.82,64.95,12,156.6,9.01,4.04,13,1
2025,Adam Randall,RB,Clemson,ACC,0.111,0.139,0.103,0.051,0.095,0.398,0.121,0.073,23.18,6.666,16.514,5.541,6.302,12.334,20.037,3.143,231,2026,75.375,232,9.625,32.375,85.96,4.5,37,26,124,7.32,4.53,174,1
2025,Brenen Thompson,WR,Mississippi State,SEC,0.919,0.936,0.478,0.39,0.741,1.775,0.56,1.463,71.654,70.219,1.435,12.49,19.277,31.956,26.309,45.346,273,2026,69.375,164,9,29.375,69.04,4.26,39.16,15,128.38,6.37,3.73,105,1
2025,Nicholas Singleton,RB,Penn State,B1G,0.138,0.264,0.104,0.023,0.024,0.166,0.081,0.292,20.556,8.436,12.119,1.402,1.317,3.992,8.879,11.676,222,2026,72.000,219,9.375,31,83.99,4.55,35.94,19,119.38,7.32,4.6,165,0
2025,Nate Boerkircher,TE,Texas A&M,SEC,0.769,0.698,1.321,0.42,1.388,0.268,0.675,0.947,20.005,16.043,3.962,5.042,9.717,1.607,11.483,8.522,141,2026,77.500,245,10.5,32.625,68.98,4.59,23.9,27,131.88,7.71,4.4,56,1
2025,Seth McGowan,RB,Kentucky,SEC,0.113,0.075,0.119,-0.086,0.288,0.456,0.087,0.251,19.992,1.875,18.117,-8.182,19.004,6.84,12.96,7.032,220,2026,72.250,223,8.75,31.375,80.65,4.49,42.5,27,131,7.32,4.5,237,1
2025,Michael Washington,RB,Arkansas,SEC,0.161,0.098,0.177,0.124,0.029,0.622,0.133,0.26,28.938,3.62,25.318,13.04,1.579,11.824,18.781,10.157,219,2026,73.000,223,9.25,33.625,82,4.33,39,22,128,7.32,4.69,122,1
2025,Roman Hemby,RB,Indiana,B1G,0.016,0.226,0,0.044,-0.036,0.052,0.023,-0.019,3.386,3.393,-0.007,4.831,-2.799,1.355,4.075,-0.688,228,2026,72.000,207,9.5,31,74.48,4.29,28.05,18,100.56,7.32,3.79,300,0
2025,Aaron Anderson,WR,LSU,SEC,0.683,0.705,-0.31,0.507,0.404,1.196,0.453,0.957,31.424,31.734,-0.31,8.62,6.062,16.742,11.33,20.094,293,2026,68.000,191,9.25,29.75,72.06,4.71,30,18,113,6.96,3.91,300,1
2025,Riley Nowakowski,TE,Indiana,B1G,0.693,0.636,2.454,0.319,1.11,1.44,0.465,1.193,22.175,19.721,2.454,4.47,11.096,8.642,10.241,11.934,161,2026,74.250,250,8.75,31.5,81.24,4.66,33.5,30,119,7.34,4.3,169,1
2025,Marlin Klein,TE,Michigan,B1G,0.202,0.202,-0.859,0.302,0.024,0.254,0.102,0.372,7.658,7.658,0,4.833,0.285,2.54,2.45,5.208,150,2026,78.000,248,9.25,32.375,88.94,4.61,36,30,118,7.42,4.59,59,1
2025,Barion Brown,WR,LSU,SEC,0.32,0.302,0.645,-0.059,0.519,0.91,-0.018,0.806,17.937,16.003,1.934,-1.404,12.974,6.367,-0.601,18.538,292,2026,70.000,177,9,31.5,77.37,4.4,40.76,23,132.36,6.22,4.54,190,1
2025,Harrison Wallace III,WR,Ole Miss,SEC,0.737,0.792,-0.766,0.342,0.915,0.906,0.601,0.927,63.422,65.721,-2.299,12.31,26.533,13.59,30.059,33.363,300,2026,72.000,192,8.375,32.125,75.28,4.54,36.39,28,121.81,6.37,4.63,300,1
2025,Khalil Dinkins,TE,Penn State,B1G,0.943,0.943,1.201,1.45,0.364,-0.042,1.276,0.445,14.152,14.152,0,11.601,2.551,0,11.484,2.668,164,2026,76.250,251,9.5,33.25,66.77,4.72,32.5,25,119,7.28,4.33,300,1
2025,Jonah Coleman,RB,Washington,B1G,0.303,0.841,0.181,0.073,0.354,1.076,0.147,1.118,49.128,25.225,23.903,6.612,17.697,19.36,20.057,29.07,216,2026,68.000,220,9.125,28.875,81.01,4.49,28.19,22,119.96,7.32,4.81,108,1
2025,Oscar Delp,TE,Georgia,SEC,0.535,0.535,0.556,0.582,0.971,-1.151,0.66,0.061,12.839,12.839,0,9.315,5.826,-2.302,12.532,0.307,147,2026,77.000,245,9.5,31.625,71.44,4.23,58.09,25,127.83,7.92,5.51,73,0
2025,R.J. Maryland,TE,SMU,ACC,0.442,0.442,-0.001,0.497,0.256,0.471,0.289,1.266,14.14,14.14,0,10.935,1.791,1.414,7.812,6.328,162,2026,76.125,236,9,32.25,88.2,4.51,33,22,122,7.36,4.49,300,1
2025,Johnmichael Gyllenborg,TE,Wyoming,MWC,0.375,0.375,-1.106,0.471,-0.126,0.514,0.335,0.422,12.364,12.364,0,6.122,-1.134,4.625,6.034,6.33,155,2026,77.750,249,10,31,80.49,4.6,35.5,19,128,7.25,4.22,300,1
2025,De'Zhaun Stribling,WR,Ole Miss,SEC,0.66,0.66,0.447,0.604,0.871,0.866,0.418,1.155,42.218,42.218,0,19.331,16.557,10.392,17.953,24.265,299,2026,74.125,207,10,31.625,81.96,4.36,36,15,127,6.9,4.5,33,1
2025,Dillon Bell,WR,Georgia,SEC,0.307,0.268,0.413,-0.112,0.466,0.964,0.25,0.391,18.402,11.8,6.602,-2.904,10.707,10.599,9.016,9.386,308,2026,72.750,209,9.5,30.25,73.04,4.5,39,23,126,6.94,4.56,300,1
2025,J'mari Taylor,RB,Virginia,ACC,0.115,0.23,0.086,-0.022,-0.065,0.603,0.083,0.237,27.026,11.018,16.008,-2.263,-4.919,30.131,15.414,11.612,227,2026,70.000,199,9,30,77.76,4.36,34.5,20,115,7.32,4.12,300,1
2025,Eric Rivers,WR,Georgia Tech,ACC,0.48,0.485,0.433,-0.068,0.665,1.415,0.19,1.087,32.648,29.615,3.032,-2.257,15.97,14.155,8.742,23.906,282,2026,70.125,176,9,30.5,74.99,4.35,37,25,127,6.77,4.47,300,1
2025,Chase Roberts,WR,BYU,B12,0.405,0.405,-0.572,0.383,0.271,0.815,0.396,0.42,33.173,33.173,0,12.641,6.234,17.115,21.4,11.773,297,2026,75.250,209,9.625,31.5,75.07,4.64,37,16,126,6.51,4.26,300,1
2025,Drew Allar,QB,Penn State,B1G,0.253,0.193,0.52,0.054,0.304,0.613,0.109,0.512,51.049,31.817,19.231,4.738,16.741,31.863,14.183,36.865,170,2026,77.250,228,9.875,32.75,79.625,8.27,55.19,16,188.24,6.75,6.72,76,1
2025,Omar Cooper Jr.,WR,Indiana,B1G,0.674,0.641,1.519,0.438,1.006,0.961,0.514,1.208,52.596,48.038,4.558,20.134,17.094,13.454,30.858,21.738,268,2026,72.125,196,9.625,30.25,75.25,4.42,37,34,119.03,8.07,4.34,30,1
2025,Eli Raridon,TE,Notre Dame,Ind,0.597,0.597,-0.197,0.915,0.454,0.659,0.522,0.737,23.884,23.884,0,17.379,5.45,5.27,13.562,10.322,145,2026,78.125,245,10.75,32.75,81.02,4.62,36,20,123,7.76,4.45,95,1
2025,Denzel Boston,WR,Washington,B1G,0.668,0.668,-0.132,0.7,0.778,0.856,0.574,0.874,44.737,44.737,0,20.299,13.225,15.399,26.383,18.354,271,2026,75.625,212,9.625,32,77.375,4.48,35,29,133.48,7.37,4.28,39,1
2025,Demond Claiborne,RB,Wake Forest,ACC,0.023,0.018,0.024,-0.039,0.032,0.174,0.017,0.044,4.078,0.63,3.448,-3.69,1.665,4.873,2.362,1.717,217,2026,69.750,188,9,30.125,63.95,4.37,35.31,23,122,7.32,4.31,198,1
2025,Emmett Johnson,RB,Nebraska,B1G,0.158,0.087,0.176,0.118,0.171,0.54,0.152,0.188,41.325,4.606,36.719,15.887,13.68,22.677,32.879,8.446,218,2026,70.250,202,9.625,30.25,74.375,4.56,35.5,16,120,7.32,4.29,161,1
2025,Max Klare,TE,Ohio State,B1G,0.432,0.432,0.692,0.346,0.686,0.578,0.303,0.726,21.181,21.181,0,7.258,11.667,5.202,10.296,10.885,142,2026,76.375,246,9.125,32.125,77.875,4.82,38.94,23,112.4,7.87,3.92,61,0
2025,Fernando Mendoza,QB,Indiana,B1G,0.464,0.452,0.544,0.289,0.524,0.735,0.304,0.793,183.289,156.099,27.19,47.05,65.999,73.514,80.955,102.334,165,2026,76.750,236,9.5,31.875,76.75,10.62,55.53,13,154.49,7.98,6.49,1,1
2025,Dae'Quan Wright,TE,Ole Miss,SEC,0.603,0.598,0.866,0.506,0.466,1.033,0.417,1.404,31.964,31.098,0.866,13.166,4.196,14.458,17.928,14.036,153,2026,76.000,246,9.25,32.25,106.55,4.33,40.64,28,117.09,7.23,4.06,300,0
2025,Reginald Virgil,WR,Texas Tech,B12,0.373,0.373,0.054,0.179,0.284,0.961,0.286,0.485,29.845,29.845,0,5.923,7.955,17.292,12.867,16.978,289,2026,75.000,187,9.25,31.25,79.35,4.57,36,24,127,6.74,4.67,143,1
2025,Caleb Douglas,WR,Texas Tech,B12,0.338,0.338,0.719,-0.07,0.324,0.981,-0.07,0.879,26.728,26.728,0,-1.972,9.085,20.592,-3.159,29.886,304,2026,75.500,206,10.125,32.5,80.86,4.39,31.5,26,126,6.17,4.1,75,1
2025,Zavion Thomas,WR,LSU,SEC,0.392,0.467,0.246,0.026,0.407,0.766,0.218,0.683,21.964,17.288,4.676,0.614,7.736,8.421,7.628,14.337,294,2026,70.375,190,9,30.5,72.31,4.28,36,25,123.64,5.83,4.49,89,1
2025,Vinny Anthony,WR,Wisconsin,B1G,0.48,0.435,1.43,0.278,0.425,0.956,0.091,0.947,21.121,18.261,2.86,4.446,8.068,8.607,2.19,18.931,284,2026,71.875,183,9.125,31.125,65.1,4.54,34.5,15,112.39,6.86,4.07,300,1
2025,Chris Bell,WR,Louisville,ACC,0.569,0.569,0.428,0.678,0.394,0.606,0.606,0.497,55.17,55.17,0,29.832,12.604,12.733,38.778,16.392,280,2026,73.875,222,10,31.75,76.75,4.41,33.43,29,126.43,6.81,4.36,94,0
2025,Zachariah Branch,WR,Georgia,SEC,0.48,0.514,-0.335,0.132,0.183,1.112,0.359,0.645,47.508,48.85,-1.341,5.545,5.112,30.031,20.435,27.073,274,2026,68.625,177,9,29.375,72.375,4.35,38,20,125,7.58,4.45,79,1
2025,Kevin Concepcion,WR,Texas A&M,SEC,0.514,0.522,0.425,0.577,0.472,0.534,0.464,0.634,53.969,50.146,3.823,26.559,17.466,11.215,34.305,19.664,270,2026,71.625,196,9.25,30.25,74.875,4.4,36.32,28,113.5,6.73,4.5,24,0
2025,Makai Lemon,WR,USC,B1G,0.579,0.643,-0.525,0.605,0.318,0.984,0.574,0.587,63.67,66.822,-3.152,30.863,10.812,18.694,40.777,22.893,269,2026,71.125,192,8.75,30.5,73.25,4.34,36.52,25,127.75,7.64,4.48,20,0
2025,Jeremiyah Love,RB,Notre Dame,Ind,0.254,0.625,0.189,0.021,0.443,0.743,0.17,0.509,53.284,19.382,33.902,2.223,32.802,17.836,26.816,26.468,213,2026,72.000,212,9.125,32,78.625,4.36,44.79,27,130.13,7.32,4.06,3,1
2025,Ja'Kobi Lane,WR,USC,B1G,0.788,0.788,-0.364,0.098,0.757,1.62,0.712,0.922,54.367,54.367,0,2.743,15.89,29.165,31.318,23.049,290,2026,76.375,200,10.5,32.625,79.55,4.47,40,30,129,6.16,4.22,80,1
2025,Carnell Tate,WR,Ohio State,B1G,1.061,1.073,0.668,0.775,0.982,1.629,0.846,1.655,67.892,66.556,1.336,22.489,19.643,22.802,39.756,28.136,267,2026,74.250,192,10.25,31.75,78,4.53,36.93,24,118.3,6.44,4.15,4,1
2025,Jalen Walthall,WR,Incarnate Word,Southland,0.232,0.232,-0.098,0.234,0.205,0.439,0.153,0.396,17.884,17.884,0,7.239,5.525,7.03,7.978,9.906,305,2026,73.000,191,9,31.25,79.08,4.57,35,20,131,7.78,4.4,300,1
2025,Josh Cuevas,TE,Alabama,SEC,0.52,0.516,0.711,0,0.83,0.656,0.476,0.625,26.514,25.803,0.711,-0.005,14.102,5.907,17.136,9.378,143,2026,75.375,245,9.625,30.625,73.97,4.65,34,23,111,7.37,4.38,173,1
2025,Jaren Kanak,TE,Oklahoma,SEC,0.651,0.651,1.631,0.482,0.674,0.98,0.509,0.83,33.858,33.858,0,10.594,10.777,12.74,14.76,19.098,163,2026,74.000,234,9.375,30.5,74.59,4.52,36,24,119,7.43,5,225,1
2025,Max Bredeson,TE,Michigan,B1G,0.594,0.594,0.339,0.553,-0.02,1.207,0.594,0.147,1.187,1.187,0,0,-0.02,1.207,1.187,0,230,2026,74.000,252,10,30.125,86.23,4.94,36.75,26,110.64,7.32,4.63,159,0
2025,Josh Cameron,WR,Baylor,B12,0.437,0.437,0.016,0.255,0.981,0.194,0.359,0.55,35.376,35.376,0,8.666,18.645,4.074,17.233,18.143,283,2026,73.500,220,10.25,33.125,76.56,4.39,30.91,17,125.06,7.02,4.1,191,0
2025,Cole Payton,QB,North Dakota State,MVFC,0.578,0.556,0.625,0.461,0.548,0.755,0.437,0.847,175.183,113.895,61.288,54.864,51.556,61.91,87.045,88.139,167,2026,74.625,232,10.25,31.625,73.64,4.56,40,17,130,7.12,4.36,178,1
2025,Bryce Lance,WR,North Dakota State,MVFC,0.792,0.738,1.54,0.992,0.932,0.301,0.792,0.792,47.501,41.339,6.162,27.773,14.911,4.818,34.83,12.671,288,2026,75.375,204,9.25,32.125,78.99,4.34,41.5,33,133,7.47,4.52,136,1
2025,Will Kacmarek,TE,Ohio State,B1G,0.799,0.799,-0.645,0.858,0.837,0.543,0.857,-0.176,14.391,14.391,0,8.576,4.186,1.629,14.566,-0.176,146,2026,77.500,261,9.625,32.25,67.32,4.74,36,35,119,7.07,4.55,87,1
2025,Jordyn Tyson,WR,Arizona State,B12,0.522,0.527,0.268,0.439,0.361,0.472,0.596,0.401,50.643,50.108,0.536,14.049,11.546,10.85,35.789,14.854,266,2026,74.125,203,9.125,30.25,75.25,4.49,36.03,26,126.89,7.42,4.18,8,1
2025,Jeff Caldwell,WR,Cincinnati,B12,0.592,0.592,0.437,0.31,0.848,0.514,0.337,0.888,30.762,30.762,0,5.266,19.496,5.65,9.439,21.323,287,2026,77.000,216,9.625,32.625,78.98,4.31,42,29,134,7.91,4.51,300,1
2025,Bauer Sharp,TE,LSU,SEC,-0.065,-0.065,0.572,0.029,-0.422,-0.369,-0.056,-0.134,-1.755,-1.755,0,0.617,-1.267,-1.106,-1.355,-0.401,157,2026,76.625,249,9.625,31.75,87.46,4.63,44.67,20,120,7.1,5.41,185,1
2025,Cameron Ball,TE,Mississippi State,SEC,0.525,0.525,0.507,1.366,-0.316,0.567,1.366,-0.316,1.051,1.051,0,1.366,-0.316,0,1.366,-0.316,112,2026,76.000,310,9.5,33,83.6,5.13,32,32,109,8.02,4.76,300,1
2025,Fredrick Moore,WR,Michigan,B1G,-1.108,-1.108,-1.82,-1.108,-0.697,-1.5,-1.108,-1.267,-1.108,-1.108,0,-1.108,0,0,-1.108,0,66,2026,76.000,255,9.125,33.375,75.79,4.38,36.92,51,131.61,7.05,4.43,300,0
2025,Justin Joly,TE,NC State,ACC,0.421,0.421,3.519,0.203,0.367,1.156,0.468,0.336,22.299,22.299,0,3.646,8.798,9.245,15.918,6.38,151,2026,75.500,241,10.5,32.25,88.97,4.84,32.16,28,130.54,6.95,6.38,152,0
2025,Tanner Koziol,TE,Houston,B12,0.664,0.664,-1.859,0.325,0.811,0.702,0.49,0.953,51.155,51.155,0,6.832,23.508,16.156,23.525,27.63,154,2026,78.500,247,9.625,33.75,83.05,4.7,36.5,23,122,7.57,4.16,164,1
2025,Kaden Wetjen,WR,Iowa,B1G,0.177,0.115,0.282,0.157,0.076,1.07,0.284,-0.057,6.195,2.524,3.671,2.516,1.137,2.139,6.827,-0.632,301,2026,69.000,193,8.5,29.625,69.05,4.47,35.5,22,111.1,6.63,4.38,121,1
2025,Antonio Williams,WR,Clemson,ACC,0.472,0.513,0.266,0.538,0.404,0.364,0.382,0.655,37.281,33.827,3.454,18.835,8.888,6.909,20.243,17.039,278,2026,71.500,187,9.25,30.625,76,4.41,39.5,10,124,4.71,4.1,71,1
2025,Eli Heidenreich,WR,Navy,AAC,0.576,0.833,0.308,0.444,0.561,0.923,0.469,0.806,83.51,61.674,21.836,27.091,28.059,27.699,46.426,37.084,226,2026,72.000,198,9.5,29.25,72.69,4.44,35.5,16,120,7.32,4.31,230,1
2025,CJ Donaldson,RB,Ohio State,B1G,0.251,0.455,0.207,0.01,0.073,0.777,0.241,0.292,21.322,6.824,14.497,0.349,1.982,15.536,16.643,4.679,232,2026,74.000,230,9.5,31.75,91.83,4.77,31.88,32,137.33,7.32,4.95,300,0
2025,Kenyon Sadiq,TE,Oregon,B1G,0.538,0.594,-0.394,0.437,0.211,0.9,0.62,0.368,38.218,39.793,-1.575,12.239,4.857,16.195,29.756,8.462,138,2026,75.125,241,10,31.5,78.25,4.39,43.5,26,133,7.21,4.81,16,1
2025,Diego Pavia,QB,Vanderbilt,SEC,0.494,0.535,0.388,0.339,0.614,0.636,0.349,0.811,241.02,188.705,52.315,77.909,98.305,55.323,116.946,124.074,177,2026,70.000,207,9.625,28.625,76.46,5.92,38.14,8,123.73,6.87,3.86,300,1
2025,Jack Endries,TE,Texas,SEC,0.064,0.064,1.195,-0.076,0.448,0,-0.12,0.696,2.554,2.554,0,-1.677,4.925,0,-3.71,6.264,144,2026,76.625,245,9.625,31.125,98.57,4.62,36,16,119,7.37,5.34,221,1
2025,Elijah Sarratt,WR,Indiana,B1G,0.694,0.694,0.243,0.813,0.69,0.898,0.577,0.975,52.022,52.022,0,22.765,17.95,17.068,30.566,21.456,279,2026,74.500,210,10,31.25,75.625,4.59,40.89,24,130.14,6.73,4.3,115,0
2025,Miles Kitselman,TE,Tennessee,SEC,0.532,0.486,2.139,0.436,0.433,0.501,0.704,0.316,19.141,17.002,2.139,4.365,5.632,5.507,14.083,5.058,156,2026,77.125,251,9.875,31.875,64.59,4.9,34.5,25,116,7.76,4.19,300,1
2025,Desmond Reid,RB,Pittsburgh,ACC,0.313,1.029,-0.054,0.261,-0.254,1.235,0.229,0.665,21.255,23.663,-2.409,9.921,-4.826,11.111,12.608,8.647,225,2026,66.000,174,8.25,28.125,64.49,4.52,35.51,13,120.37,7.32,4.34,300,0
2025,Chris Brazzell II,WR,Tennessee,SEC,0.724,0.724,-0.693,0.434,0.972,0.891,0.639,0.857,55.744,55.744,0,13.011,26.24,15.154,30.029,25.715,275,2026,76.000,198,9,32.375,80.125,4.37,39.13,28,137.69,5.84,4.3,83,1
2025,Colbie Young,WR,Georgia,SEC,0.665,0.665,-0.199,0.902,0.761,-0.356,0.767,0.312,20.6,20.6,0,13.525,9.132,-1.067,18.415,2.185,303,2026,76.750,218,9.5,31.875,88.13,4.49,36.04,25,139.5,6.5,4.3,140,1
2025,Malik Benson,WR,Oregon,B1G,0.792,0.792,1.016,0.083,0.909,1.456,0.785,0.807,42.793,42.793,0,1.749,16.362,17.473,28.261,14.532,310,2026,72.125,189,8.625,31.875,75.7,4.37,32.5,23,122,7.02,4.44,195,1
2025,Robert Henry,RB,UTSA,AAC,0.24,0.343,0.225,0.128,-0.033,1.018,0.114,0.526,40.098,7.206,32.892,10.012,-1.931,29.528,13.268,26.83,221,2026,69.250,196,9.125,30.125,74,4.52,37,21,124,7.32,4.31,300,1
2025,Joey Aguilar,QB,Tennessee,SEC,0.369,0.378,0.296,0.204,0.344,0.698,0.287,0.524,156.469,142.865,13.604,35.694,50.212,65.604,79.465,77.004,180,2026,75.000,229,9.625,31.75,73.29,3.94,56.7,14,171.41,9.73,5.99,300,1
2025,Rahsul Faison,RB,South Carolina,SEC,0.112,0.218,0.085,0.006,0.19,0.303,0.073,0.231,13.16,5.221,7.939,0.35,6.841,4.538,6.462,6.698,229,2026,70.000,208,9,30.875,83.13,4.4,37.5,23,122,7.32,4.27,300,1
2025,Dallen Bentley,TE,Utah,B12,0.329,0.329,0.489,-0.004,0.498,0.599,0.229,0.434,22.347,22.347,0,-0.087,13.455,10.778,8.014,14.333,149,2026,76.125,253,9.25,33.125,85.43,4.62,35,24,118,7.19,4.42,256,1
2025,Chris Johnson Jr.,RB,SMU,ACC,0.262,0.472,0.195,0.105,0.453,0.463,0.156,0.517,20.436,8.96,11.476,4.504,11.769,4.163,8.557,11.88,186,2026,72.000,193,9.875,30.625,68.52,4.4,38,17,126,7.07,4.15,27,1
2025,Jacob Rodriguez,RB,Fordham,Patriot,0.184,0.128,0.212,-0.407,0.609,0.401,0.106,0.34,2.204,0.512,1.692,-1.629,1.827,2.006,0.846,1.359,30,2026,73.000,231,9.25,30.875,80.43,4.57,38.5,21,121,6.9,4.19,43,1
2025,Ted Hurst,WR,Georgia State,SBC,0.446,0.446,0.285,0.197,0.567,0.624,0.349,0.587,41.507,41.507,0,6.487,13.611,19.349,19.209,22.298,286,2026,75.875,206,9.625,32.625,74.82,4.42,36.5,25,135,5.65,4.24,84,1
2024,Tyler Shough,QB,Louisville,ACC,0.392,0.406,0.204,0.1,0.505,0.671,0.236,0.619,164.843,159.133,5.71,16.368,71.264,69.138,58.447,106.396,108,2025,76.875,219,9.75,30.75,76.5,4.63,32,22,117,6.65,4.03,40,1
2024,Brant Kuithe,TE,Utah,B12,0.958,1.015,0.667,0.685,1.131,1.369,0.748,1.484,46.957,41.617,5.34,15.754,15.832,15.056,26.18,20.777,264,2025,74.000,236,10.5,31.625,76.75,5.45,43,11,113.3,8.19,4.03,300,0
2024,Graham Mertz,QB,Florida,SEC,0.283,0.274,0.334,0.47,0.338,-0.209,0.41,0.038,32.224,26.879,5.345,23.967,10.464,-6.052,30.748,1.476,284,2025,75.375,212,9.75,31.25,76.5,4.28,43,22,93,7.41,4.97,197,0
2024,Bru McCoy,WR,Tennessee,SEC,0.576,0.579,0.511,0.428,0.766,0.739,0.482,0.835,28.225,27.203,1.021,11.558,11.491,5.176,17.366,10.859,272,2025,74.500,209,10,32.125,78.5,4.33,42.99,14,123.6,6.65,4.03,300,0
2024,Theo Wease,WR,Missouri,SEC,1.176,1.176,-0.104,0.849,1.202,1.647,0.899,1.471,79.997,79.997,0,17.836,30.038,32.931,31.462,48.536,226,2025,75.000,200,9.625,32.125,78.375,4.56,31,17,117,6.84,4.03,300,1
2024,Ulysses Bentley IV,RB,Ole Miss,SEC,0.122,0.451,0.063,0.163,-0.13,0.338,0.193,-0.121,9.616,5.409,4.208,6.341,-3.109,4.726,11.788,-2.172,310,2025,69.875,201,8.625,29,71.125,4.62,32.5,17,117,6.96,4.03,300,1
2024,Dillon Gabriel,QB,Oregon,B1G,0.431,0.448,0.299,0.149,0.529,0.763,0.228,0.765,206.735,190.01,16.724,28.37,79.939,96.839,68.238,138.497,145,2025,71.125,205,9.25,29.625,73,4.84,24.5,22,138,6.65,4.03,94,0
2024,Isaiah Neyor,WR,Nebraska,B1G,1.202,1.282,-0.283,0.825,1.039,1.758,0.938,1.543,46.878,47.444,-0.565,9.903,16.618,17.579,20.642,26.237,305,2025,76.250,218,9.5,34.375,82.625,4.4,38,21,133,6.7,4.41,300,1
2024,Kobe Hudson,WR,UCF,B12,0.946,0.946,-0.006,0.847,1.195,0.846,0.968,0.895,52.982,52.982,0,25.413,19.113,8.455,37.766,15.215,169,2025,72.750,193,9,30.625,75.25,4.57,35,17,122,6.85,4.4,300,1
2024,Arian Smith,WR,Georgia,SEC,0.915,0.953,0.481,0.803,0.569,1.596,0.86,1.005,55.79,53.383,2.407,24.889,9.111,19.147,32.683,23.107,252,2025,72.125,179,9,31.25,77,4.36,38,20,127,6.82,4.19,110,1
2024,Kalel Mullings,RB,Michigan,B1G,0.269,0.238,0.27,0.063,0.115,0.739,0.293,0.184,50.837,1.667,49.17,5.076,7.356,27.335,43.292,7.545,161,2025,73.500,226,10,31.75,78,4.28,33.08,15,122.9,7.26,4.97,188,0
2024,Traeshon Holden,WR,Oregon,B1G,1.38,1.423,0.451,0.746,1.44,2.139,1.037,1.738,62.098,61.195,0.902,13.432,18.726,29.94,23.858,38.24,278,2025,74.125,205,9.875,31.625,78.5,4.57,32,12,123,7.04,4.54,300,1
2024,Elijhah Badger,WR,Florida,SEC,0.909,0.909,-0.137,0.604,0.907,1.24,0.653,1.339,53.626,53.626,0,13.881,19.057,17.362,24.164,29.462,302,2025,73.375,200,9.5,32.125,78.625,4.43,35.5,14,115.8,6.71,4.35,300,1
2024,Tahj Brooks,RB,Texas Tech,B12,0.197,0.398,0.175,0.044,0.078,0.935,0.148,0.421,58.955,11.94,47.014,6.842,7.288,37.38,36.197,22.758,189,2025,69.250,214,9.125,30.375,75.625,4.52,35,16,120,6.9,4.06,193,1
2024,Brady Cook,QB,Missouri,SEC,0.334,0.334,0.335,0.001,0.353,0.728,0.177,0.56,122.324,101.242,21.083,0.158,38.158,75.665,38.3,84.025,279,2025,74.125,214,9.25,32.5,77.625,4.59,37,22,128,7.01,4.17,300,1
2024,Will Howard,QB,Ohio State,B1G,0.523,0.578,0.336,0.269,0.546,0.724,0.44,0.682,261.53,237.581,29.23,53.754,85.198,91.979,144.273,117.257,90,2025,76.250,236,9,32,77.125,4.28,31.5,22,112,7.13,4.33,185,1
2024,Kurtis Rourke,QB,Indiana,B1G,0.497,0.538,-0.043,0.362,0.488,0.823,0.417,0.637,165.832,166.857,-1.024,50.386,52.2,65.033,88.743,77.089,245,2025,76.250,220,9.375,30.25,75.125,4.28,24.5,22,113.5,6.65,4.03,227,0
2024,Joshua Simon,TE,South Carolina,SEC,0.615,0.647,0.239,0.86,0.902,0.814,0.625,0.593,31.353,30.395,0.957,22.353,16.231,2.443,21.858,9.494,292,2025,76.125,239,10.125,33.875,83,4.65,38,33,124,7.22,4.4,300,1
2024,Daniel Jackson,WR,Minnesota,B1G,0.991,1.045,0.011,0.834,1.016,1.15,0.984,1.003,75.285,75.242,0.043,29.205,24.384,18.396,49.208,26.077,314,2025,70.750,193,9,30.75,74.75,4.76,37.82,12,130,6.78,4.07,230,1
2024,Jake Briningstool,TE,Clemson,ACC,0.537,0.537,-0.401,0.292,0.626,1.089,0.36,0.921,30.635,30.635,0,8.47,11.276,10.889,14.049,16.586,150,2025,77.625,241,8.625,31.5,77.625,4.75,31,33,115,8.19,4.03,300,1
2024,Beaux Collins,WR,Notre Dame,Ind,0.802,0.861,-1.757,0.765,0.892,0.745,0.725,0.966,35.283,37.04,-1.757,17.585,12.482,5.216,21.755,13.527,311,2025,75.000,201,9.5,31.625,79.5,4.49,38.37,19,123,7.02,4.42,300,0
2024,Chimere Dike,WR,Florida,SEC,0.929,0.929,-0.124,0.877,0.657,1.177,0.993,0.863,49.243,49.243,0,18.41,10.51,17.655,26.811,22.432,235,2025,72.625,196,9.125,32.125,76.875,4.34,38.5,23,128,6.82,4.27,103,1
2024,Xavier Restrepo,WR,Miami,ACC,1.326,1.326,0.28,1.021,1.336,1.949,1.072,1.911,100.79,100.79,0,42.872,25.375,23.385,56.831,43.959,96,2025,69.875,209,9.125,29.375,71.625,4.39,40.57,17,113.9,6.84,4.12,300,1
2024,Corey Kiner,RB,Cincinnati,B12,0.181,0.631,0.149,-0.031,0.213,0.697,0.091,0.503,38.095,8.83,29.266,-3.427,13.87,20.916,14.954,23.141,232,2025,68.625,209,7.75,30.5,75.5,4.57,38.06,19,110.5,6.72,4.97,300,1
2024,Tyler Warren,TE,Penn State,B1G,0.833,0.815,0.913,0.622,0.743,1.241,0.758,0.983,119.971,95.328,24.643,36.1,36.422,40.952,72.777,47.194,5,2025,77.5,256,9.5,31.75,76.5,5.24,43,33,121.4,6.65,4.97,14,0
2024,Jordan Watkins,WR,Ole Miss,SEC,0.819,0.84,0.397,0.562,1.036,0.891,0.608,1.136,53.252,52.062,1.19,17.422,23.818,8.914,23.705,29.548,304,2025,71.250,196,9.125,29.375,72.5,4.37,36.5,14,119,6.65,4.36,138,1
2024,Ricky White,WR,UNLV,MWC,1.044,1.068,-0.853,0.744,0.757,1.941,0.786,1.682,83.481,84.334,-0.853,32.724,12.861,32.989,44.798,38.683,187,2025,73.125,184,9.25,31.75,76,4.61,36,11,123,6.66,4.66,238,1
2024,Savion Williams,WR,TCU,B12,0.678,0.741,0.583,0.445,0.377,1.184,0.62,0.854,84.719,55.565,29.154,27.159,13.192,24.868,58.246,26.473,94,2025,75.875,222,10.25,32.5,80.875,4.48,37.23,11,116,7.29,4.21,87,1
2024,Ja'Corey Brooks,WR,Louisville,ACC,1.385,1.385,0.161,0.634,1.823,2.319,0.697,2.327,88.638,88.638,0,16.48,43.752,30.142,25.801,62.837,255,2025,74.000,184,9,31.75,76.75,4.73,31.7,11,125,7,4.35,300,0
2024,Kaden Prather,WR,Maryland,B1G,0.744,0.772,-0.801,0.616,0.571,1.095,0.551,1.03,42.433,43.234,-0.801,13.551,10.274,18.608,18.738,23.695,208,2025,75.500,204,9.25,31.875,77.625,4.46,30,23,114,7.02,4.03,240,1
2024,Donovan Edwards,RB,Michigan,B1G,-0.007,0.133,-0.03,-0.119,0.159,-0.14,-0.017,0.036,-0.988,2.79,-3.778,-8.697,9.53,-1.821,-2.026,1.038,236,2025,71.375,205,10,30,74.625,4.44,38.5,23,122.8,7.23,4.03,300,1
2024,Phil Mafah,RB,Clemson,ACC,0.094,-0.187,0.13,-0.028,0.012,0.6,0.044,0.306,21.066,-4.672,25.738,-2.993,0.917,18.598,7.922,13.144,225,2025,72.625,234,9.5,31.375,77.625,4.39,37.4,33,121.4,7.53,4.97,239,0
2024,Roc Taylor,WR,Memphis,AAC,1.046,1.142,-1.093,0.485,0.993,2.017,0.766,1.55,73.223,76.501,-3.278,15.023,19.869,38.332,34.462,38.761,293,2025,73.875,213,9,32.25,78.25,4.49,30.5,14,122,6.85,4.14,300,1
2024,Luke Lachey,TE,Iowa,B1G,0.602,0.602,-0.305,0.498,0.332,1.253,0.532,0.752,13.243,13.243,0,3.985,2.991,6.267,7.977,5.267,230,2025,77.750,251,10,32.125,78.375,5.42,35,11,120,7.18,4.47,255,1
2024,TreVeyon Henderson,RB,Ohio State,B1G,0.352,0.439,0.331,0.338,0.35,0.392,0.354,0.344,57.66,13.617,44.043,29.368,19.24,7.456,42.516,15.144,33,2025,70.125,202,9.5,30.75,76.125,4.43,38.5,11,128,6.65,4.97,38,1
2024,Moliki Matavao,TE,UCLA,B1G,1.068,1.08,0.548,0.777,1.062,1.511,1.014,1.111,48.05,47.501,0.548,11.657,23.358,10.58,20.28,27.77,320,2025,77.625,260,9.5,32.5,78.875,4.81,32.5,11,114,6.65,4.97,248,1
2024,Jalen Milroe,QB,Alabama,SEC,0.355,0.303,0.475,0.297,0.136,0.738,0.324,0.406,168.881,101.007,67.875,58.573,20.609,87.034,96.267,72.615,74,2025,73.875,217,9.375,30.625,76.625,4.28,24.5,22,138,6.65,4.03,92,0
2024,Shedeur Sanders,QB,Colorado,B12,0.357,0.347,0.434,0.1,0.414,0.675,0.25,0.511,188.709,163.089,25.62,21.927,74.094,78.969,77.896,110.814,22,2025,73.5,212,9.375,31.5,77.75,4.28,24.5,22,93,6.65,4.97,144,0
2024,Dont'E Thornton,WR,Tennessee,SEC,1.72,1.72,0.498,1.748,1.536,1.905,1.748,1.559,46.438,46.438,0,22.719,12.288,11.431,40.203,6.235,259,2025,76.625,205,9.625,32.125,79,4.3,33,20,126,7.05,4.03,108,1
2024,Kyle McCord,QB,Syracuse,ACC,0.391,0.388,0.431,0.218,0.388,0.681,0.365,0.43,242.135,224.02,18.115,50.521,80.806,109.573,135.403,106.732,154,2025,75.000,218,9.5,31,74.5,4.28,24.5,22,138,7.19,4.97,181,0
2024,Tai Felton,WR,Maryland,B1G,1.003,1.008,0.774,0.801,1.165,1.265,0.899,1.148,98.312,96.764,1.548,27.219,40.759,29.093,51.225,47.087,140,2025,73.125,183,9,30,72.375,4.37,39.5,21,130,6.99,4.03,102,1
2024,Emeka Egbuka,WR,Ohio State,B1G,0.804,0.9,-0.259,0.49,1.114,0.765,0.686,1.094,78.002,80.077,-2.075,21.053,27.847,19.896,47.358,30.645,16,2025,72.875,202,9.625,31.5,76.625,4.54,37.82,11,125.3,7.41,4.55,19,0
2024,Jacolby George,WR,Miami,ACC,0.994,1.056,-0.857,0.523,1.214,1.783,0.659,1.882,61.645,63.359,-1.714,15.161,27.928,16.049,29.654,31.991,300,2025,71.000,172,9.5,31.375,75.5,4.65,32.5,24,120,6.77,4.8,300,1
2024,RJ Harvey,RB,UCF,B12,0.43,1.013,0.383,0.358,0.299,0.997,0.383,0.681,102.889,18.228,84.661,49.751,19.722,29.911,77.026,25.863,110,2025,68.000,205,9,29,71.25,4.4,38,16,127,7.34,4.34,60,1
2024,Terrance Ferguson,TE,Oregon,B1G,0.99,0.99,0.558,0.597,1.006,1.39,0.7,1.606,49.495,49.495,0,13.126,13.072,15.286,23.8,25.695,97,2025,77.375,247,9.25,32.875,80.125,4.63,39,11,122,6.65,4.97,46,1
2024,Nick Nash,WR,San José State,MWC,1.302,1.365,-1.857,1.29,1.174,1.438,1.263,1.399,132.784,136.498,-3.715,60.617,34.034,35.955,92.225,40.558,213,2025,74.500,203,8.75,31,76.5,4.57,34,16,123,7.41,4.47,300,1
2024,Kam Brown,WR,Purdue,B1G,2.411,2.411,1.72,1.458,2.411,2.338,1.755,2.411,2.411,2.411,0,0,2.411,0,0,2.411,266,2025,74.250,200,9.375,31.625,77.875,4.44,41.5,14,127,6.65,4.77,300,1
2024,Jackson Hawes,TE,Georgia Tech,ACC,1.139,1.139,0.005,0.593,0.806,1.64,0.928,1.279,17.078,17.078,0,2.371,3.226,11.482,5.565,11.513,210,2025,76.500,253,9.125,32.125,79,4.82,34.5,16,121,6.65,4.4,173,1
2024,Da'Quan Felton,WR,Virginia Tech,ACC,0.62,0.634,0.111,0.562,0.414,1.398,0.751,0.482,24.186,24.076,0.111,7.307,6.204,13.975,15.029,9.157,281,2025,76.750,213,9,32.25,79.125,4.5,32.5,18,122,7.1,4.3,300,1
2024,Josh Kelly,WR,Texas Tech,B12,1.047,1.085,-0.478,0.742,0.866,1.342,0.93,1.176,85.849,86.805,-0.956,22.248,18.181,38.92,39.987,45.862,299,2025,72.625,186,10.5,30.875,76.625,4.7,33,14,121,7.02,4.97,300,1
2024,Jaylin Noel,WR,Iowa State,B12,0.913,1.005,0.018,0.775,1.145,1.051,0.791,1.179,87.618,87.46,0.158,34.854,29.767,25.22,52.234,35.384,76,2025,70.250,194,8.75,29.5,73.75,4.39,41.5,23,134,6.82,4.17,79,1
2024,Sam Brown,WR,Miami,ACC,0.979,0.979,0.166,0.691,1.272,0.891,0.982,0.976,30.353,30.353,0,8.983,17.807,3.564,16.694,13.66,266,2025,74.250,200,9.375,31.625,77.875,4.44,41.5,14,127,6.65,4.77,300,1
2024,Thomas Fidone Jr.,TE,Nebraska,B1G,0.83,0.83,0.257,0.547,1.128,1.014,0.733,1.065,25.715,25.715,0,9.296,9.026,5.072,16.132,9.583,239,2025,77.000,243,10.625,34,82.625,4.7,35.5,33,126,7.01,4.29,219,1
2024,Oronde Gadsden II,TE,Syracuse,ACC,1.085,1.063,2.829,0.782,1.011,1.665,0.907,1.339,86.82,83.99,2.829,25.027,22.24,36.623,42.618,44.202,173,2025,76.625,243,10,33.375,81.625,5.45,34,33,114,6.65,4.97,165,1
2024,Dominic Lovett,WR,Georgia,SEC,0.493,0.557,-2.011,0.21,0.611,0.476,0.3,0.753,39.435,43.457,-4.021,4.195,22.607,10.468,13.822,25.613,283,2025,70.000,185,9.25,31.375,75.625,4.4,33.5,11,120,6.9,4.03,244,1
2024,C.J. Dippre,TE,Alabama,SEC,0.306,0.299,0.487,0.063,1.159,0.332,0.063,0.792,8.251,7.764,0.487,1.127,5.795,1.328,1.127,7.124,247,2025,76.875,256,9.625,32,79.75,4.69,34.5,32,120,6.65,4.03,300,1
2024,Brashard Smith,RB,SMU,ACC,0.22,0.469,0.169,0.109,0.183,0.674,0.19,0.349,57.168,20.623,36.545,15.216,15.766,20.902,40.074,17.094,133,2025,69.875,194,8.75,30.5,74,4.39,32.5,33,117,7.45,4.97,228,1
2024,Tory Horton,WR,Colorado State,MWC,1.083,1.286,-1.156,0.682,1.815,1.104,0.738,1.565,25.981,28.293,-2.313,8.863,12.702,4.415,10.329,15.652,121,2025,74.500,196,9,30.625,77,4.41,37.5,12,117.8,7.12,4.3,166,1
2024,Raheim Sanders,RB,South Carolina,SEC,0.249,0.684,0.184,0.004,0.22,1.247,0.256,0.22,52.038,18.477,33.561,0.413,15.403,32.418,42.794,9.244,249,2025,72.000,217,9.25,31.5,76.25,4.46,36.5,33,117.1,7.28,4.03,300,1
2024,Jaylin Lane,WR,Virginia Tech,ACC,0.747,0.916,0.352,0.527,0.943,1.024,0.581,1.134,44.828,38.49,6.337,15.275,16.974,12.288,24.415,20.412,223,2025,69.750,191,9.875,31.75,77.25,4.34,40,14,132,6.75,4.12,128,1
2024,Bryson Nesbit,TE,North Carolina,ACC,0.916,0.916,-0.096,0.818,0.611,1.35,0.814,1.527,19.228,19.228,0,7.365,3.669,6.75,14.648,4.58,297,2025,77.000,238,9.75,31.75,77.375,4.88,32.5,11,112,6.65,4.03,300,1
2024,Jack Bech,WR,TCU,B12,0.981,0.981,-0.052,0.707,1.072,1.303,0.788,1.373,77.487,77.487,0,28.263,21.447,19.546,41.776,35.71,67,2025,73.250,214,9,31.5,75,4.52,34.5,19,125,6.84,4.21,58,1
2024,Seth Henigan,QB,Memphis,AAC,0.333,0.337,0.301,0.034,0.25,0.909,0.214,0.521,180.136,162.092,18.044,7.305,45.562,118.156,70.803,109.333,193,2025,75.000,215,9,32,76.75,4.76,31.5,22,114,7.34,4.44,300,1
2024,Kyle Monangai,RB,Rutgers,B1G,0.11,0.081,0.112,-0.038,0.095,0.761,0.105,0.137,28.86,1.133,27.728,-5.029,8.222,31.182,22.961,5.899,180,2025,68.250,211,9,28.75,72,4.6,34.5,11,115.7,7.58,4.97,233,1
2024,Tez Johnson,WR,Oregon,B1G,0.91,0.932,-0.801,0.113,1.192,1.623,0.45,1.622,71.888,72.689,-0.801,3.393,34.567,30.831,21.607,50.28,80,2025,69.875,154,9,29.375,73.75,4.51,37,20,131,6.65,4.15,235,1
2024,Kyle Williams,WR,Washington State,PAC,1.167,1.338,0.075,0.711,1.77,1.55,1.088,1.442,94.499,93.676,0.823,31.979,40.71,18.596,68.543,25.956,155,2025,70.625,190,8.75,30.125,73,4.4,36.5,18,119,7.07,4.48,69,1
2024,Elijah Arroyo,TE,Miami,ACC,1.312,1.312,-0.325,1.067,1.464,2.253,1.17,1.981,52.477,52.477,0,21.342,17.562,13.52,38.608,13.87,44,2025,77.125,250,10,33,81.875,5.38,24.5,22,111,8.19,4.97,50,1
2024,Devin Neal,RB,Kansas,B12,0.342,0.406,0.334,0.171,0.277,0.864,0.331,0.385,82.028,10.545,71.483,19.613,22.397,34.564,63.538,18.49,104,2025,71.125,213,8.5,29.625,71.75,4.58,37.5,11,124,6.65,4.03,184,1
2024,Mitchell Evans,TE,Notre Dame,Ind,0.797,0.793,0.942,0.681,0.484,1.07,0.744,0.849,38.233,37.291,0.942,11.584,7.26,16.049,17.847,20.386,142,2025,77.375,258,9.5,31.875,77,4.74,31,33,115,7.25,4.4,163,1
2024,Riley Leonard,QB,Notre Dame,Ind,0.355,0.291,0.508,0.137,0.246,0.703,0.275,0.516,203.237,117.348,85.889,30.026,49.102,95.655,104.652,98.585,147,2025,75.750,216,9.5,31.625,77.125,4.28,43,22,93,8.19,4.97,189,0
2024,Montrell Johnson,RB,Florida,SEC,0.173,-0.052,0.209,-0.037,0.408,0.511,0.097,0.39,19.904,-0.834,20.738,-2.408,14.291,7.16,8.204,11.7,315,2025,71.375,212,9.25,30.75,75.375,4.41,35.5,33,123,7.02,4.29,300,1
2024,Luther Burden III,WR,Missouri,SEC,0.925,0.949,0.807,0.608,0.375,1.824,0.671,1.483,62.006,53.134,8.872,19.465,5.998,27.36,30.86,31.146,21,2025,72,206,8.5,31.25,76.5,4.41,29.17,12,115.9,7.33,4.11,39,1
2024,Jaydon Blue,RB,Texas,SEC,0.214,0.576,0.075,0.094,0.284,0.545,0.167,0.343,36.332,27.084,9.248,7.414,19.038,11.435,20.894,15.438,171,2025,69.000,196,8.25,29.875,75.5,4.38,33.8,33,125.3,6.65,4.97,149,1
2024,Trevor Etienne,RB,Georgia,SEC,0.208,0.292,0.183,0.076,0.149,0.378,0.233,0.094,32.864,10.515,22.349,5.76,7.281,10.59,30.226,2.638,158,2025,68.750,198,9.5,29.25,70.5,4.42,35,15,124,6.65,4.03,114,1
2024,Omarion Hampton,RB,North Carolina,ACC,0.281,0.703,0.226,0.173,0.257,0.859,0.259,0.393,85.212,24.594,60.618,29.212,23.644,30.071,65.171,20.041,13,2025,71.75,221,9.375,30.5,74.75,4.46,38,18,130,6.75,4.4,22,1
2024,Jordan James,RB,Oregon,B1G,0.342,0.367,0.339,0.227,0.243,0.98,0.342,0.344,85.608,10.631,74.977,29.743,20.89,28.422,72.545,13.063,191,2025,69.500,205,9.5,29.75,73.75,4.55,37.18,33,115.6,7.03,4.03,147,1
2024,Travis Hunter,WR,Colorado,B12,1.008,1.017,0.59,0.657,0.968,1.445,0.822,1.275,95.743,94.562,1.181,24.303,30.969,34.691,46.013,49.73,2,2025,72.375,188,9.125,31.375,76.875,4.43,43,12,105,8.19,4.94,2,0
2024,Tetairoa Mcmillan,WR,Arizona,B12,1.378,1.404,-0.922,0.981,1,2.358,1.051,1.72,121.235,122.157,-0.922,31.377,32.015,51.882,47.293,73.942,17,2025,76.125,219,10,31.5,77.875,4.68,32.15,15,121.5,6.94,4.19,8,0
2024,Quinshon Judkins,RB,Ohio State,B1G,0.255,0.278,0.252,0.123,0.303,0.876,0.229,0.37,51.536,7.223,44.313,13.232,22.995,11.39,37.835,13.701,36,2025,71.625,221,9.25,30.25,73.5,4.48,38.5,33,132,6.89,4.03,36,1
2024,Tre Harris,WR,Ole Miss,SEC,0.98,0.994,0.073,0.928,0.904,0.655,0.879,1.159,62.706,62.632,0.073,25.062,28.021,3.274,36.051,26.654,65,2025,74.375,205,9.625,31.875,78.25,4.54,38.5,15,125,6.93,4.05,55,1
2024,Gunnar Helm,TE,Texas,SEC,0.91,0.91,-0.154,0.504,1.086,1.306,0.714,1.149,62.78,62.78,0,15.134,23.888,20.889,27.149,35.631,91,2025,77.000,241,9.875,32.75,79.5,4.84,30,33,129.3,7.15,4.4,120,1
2024,Jaxson Dart,QB,Ole Miss,SEC,0.503,0.529,0.389,0.386,0.542,0.563,0.378,0.722,238.56,204.364,34.196,81.819,85.707,54.605,113.647,124.913,41,2025,74.250,223,9.5,30,72.875,4.28,43,22,138,6.65,4.03,25,0
2024,Ty Robinson,WR,Ball State,MAC,1.413,1.413,0.821,2.097,0.699,1.086,1.631,1.086,7.066,7.066,0,4.195,0.699,2.172,4.894,2.172,125,2025,77.125,288,10,32.25,79,4.83,33.5,28,119,7.58,4.5,111,1
2024,LaJohntay Wester,WR,Colorado,B12,1.064,1.094,-1.089,0.477,0.903,2.296,0.945,1.235,77.7,78.789,-1.089,11.934,24.376,39.024,40.645,37.055,303,2025,69.625,163,8.625,29.75,72.625,4.46,32,13,121,6.65,4.67,203,1
2024,Ja'Quinden Jackson,RB,Arkansas,SEC,0.324,0.712,0.279,0.136,0.312,0.862,0.283,0.552,53.458,12.103,41.355,11.137,16.847,23.28,39.654,13.804,270,2025,73.500,229,9.5,33,79.375,4.61,32,33,119,7.19,4.36,300,1
2024,Robbie Ouzts,TE,Alabama,SEC,1.228,1.228,0.387,0.191,1.782,0.529,0.864,2.319,9.821,9.821,0,0.383,8.909,0.529,5.182,4.638,319,2025,75.000,274,9.75,31.25,78.25,4.91,34,26,119,7.34,4.45,175,1
2024,Jalin Conyers,TE,Texas Tech,B12,1.175,1.173,1.188,0.917,0.64,1.501,0.792,2.069,35.259,29.32,5.939,8.252,5.123,16.507,16.636,18.624,274,2025,75.500,260,9.875,33.25,80.875,4.74,35.5,33,121,6.94,4.27,300,1
2024,Marcus Yarns,RB,Delaware,CAA,0.405,1.514,0.264,0.264,0.69,0.453,0.436,0.268,61.12,25.739,35.38,17.687,28.972,14.938,53.605,7.514,244,2025,70.875,193,9.125,31.125,76.375,4.45,37.5,11,122,6.72,4.52,300,1
2024,Efton Chism III,WR,Eastern Washington,Big Sky,0.843,0.843,-0.414,0.598,0.805,1.327,0.687,1.147,81.789,81.789,0,19.726,31.401,31.846,43.952,37.837,253,2025,70.125,195,9.125,30.125,73.375,4.71,34.5,16,118,6.77,4.06,300,1
2024,Antwane Wells Jr.,WR,Ole Miss,SEC,0.823,1.059,-2.607,1.009,0.804,1.26,0.698,1.127,25.498,30.711,-5.214,18.17,6.434,5.041,15.354,10.143,254,2025,72.750,201,8.875,31.5,77.125,4.58,34,11,124,7.43,4.07,300,1
2024,Matthew Golden,WR,Texas,SEC,1.055,1.055,-0.099,0.631,1.056,1.974,0.673,1.789,77.045,77.045,0,21.46,22.186,29.606,32.322,44.723,15,2025,71,191,9.5,30.625,76.375,4.29,27.78,11,115.1,6.65,4.03,23,1
2024,Gavin Bartholomew,TE,Pittsburgh,ACC,0.627,0.651,-0.243,0.456,0.642,0.89,0.613,0.649,23.211,23.454,-0.243,5.927,8.987,8.011,13.476,9.735,263,2025,76.625,246,9.875,31.375,78.375,4.7,24.5,33,115.5,8.19,4.97,202,1
2024,Jimmy Horn Jr.,WR,Colorado,B12,0.839,0.872,-0.288,0.579,0.991,1.045,0.817,0.861,29.35,29.638,-0.288,8.109,12.878,8.364,14.706,14.644,209,2025,68.125,174,8.75,30.375,74.5,4.46,38,27,128,6.65,4.41,208,1
2024,Jarquez Hunter,RB,Auburn,SEC,0.284,0.489,0.259,0.077,0.328,0.724,0.228,0.526,58.874,11.243,47.631,8.014,20.677,28.25,38.374,20.499,152,2025,69.375,204,9.5,30,72.625,4.44,33.5,21,120,6.81,4.97,117,1
2024,Konata Mumpfield,WR,Pittsburgh,ACC,1.345,1.345,0.186,1.21,0.913,2.05,1.231,1.474,63.211,63.211,0,24.209,15.517,18.45,30.774,32.437,286,2025,71.375,186,8.5,29.375,74.375,4.59,36,19,124,7.37,4.03,242,1
2024,Ollie Gordon,RB,Oklahoma State,B12,0.22,0.661,0.142,0.098,-0.019,0.751,0.239,0.135,46.65,21.141,25.509,11.101,-1.091,27.025,41.533,5.117,103,2025,73.375,226,9.5,32.75,80,4.61,34.5,33,120,6.84,4.87,179,1
2024,Colston Loveland,TE,Michigan,B1G,1.011,1.065,-0.329,0.501,0.973,2.199,0.71,1.534,52.591,53.249,-0.658,10.531,22.374,15.396,23.445,29.146,9,2025,77.75,248,10,32.75,79.375,5.45,24.5,11,101.3,6.65,4.03,10,0
2024,Mason Taylor,TE,LSU,SEC,0.594,0.594,-0.726,0.357,0.326,0.931,0.489,0.796,41.574,41.574,0,9.286,6.188,19.552,22.476,19.097,38,2025,77.125,251,10,32.25,78.75,4.28,24.5,33,110.7,6.65,4.97,42,0
2024,Damien Martinez,RB,Miami,ACC,0.382,0.89,0.317,0.397,0.012,1.004,0.359,0.517,66.921,17.797,49.125,40.068,0.577,24.085,53.467,13.454,118,2025,71.625,217,9.5,30.5,75.25,4.51,35,33,124,6.95,4.97,223,1
2024,Isaiah Bond,WR,Texas,SEC,1.053,0.985,2.065,0.799,1.52,1.023,0.911,1.269,50.542,44.347,6.195,16.769,21.287,11.251,26.433,24.109,89,2025,70.625,180,8.5,30.5,75.5,4.39,31.95,15,113.3,6.65,4.09,300,1
2024,Kaleb Johnson,RB,Iowa,B1G,0.214,0.482,0.189,0.139,0.22,0.754,0.16,0.463,54.166,10.615,43.551,20.479,17.151,20.365,33.34,20.827,50,2025,73.000,224,9.625,33,78.5,4.57,37.78,33,109.6,6.97,4.03,83,1
2024,DJ Giddens,RB,Kansas State,B12,0.274,0.634,0.231,0.087,0.396,0.414,0.271,0.281,59.898,14.593,45.305,9.262,28.495,15.738,45.565,14.332,124,2025,72.250,212,9.25,30.375,75.25,4.43,39.5,33,130,7.84,4.33,151,1
2024,Jayden Higgins,WR,Iowa State,B12,1.178,1.178,-0.097,1.043,0.766,1.816,0.906,1.437,103.641,103.641,0,27.115,26.812,43.594,38.976,64.665,63,2025,76.125,214,9.125,33.125,80,4.47,39,11,128,7.75,4.03,34,1
2024,Bhayshul Tuten,RB,Virginia Tech,ACC,0.227,0.137,0.238,0.066,0.119,1.193,0.209,0.283,46.39,3.016,43.374,7.314,8.349,25.046,32.237,14.154,138,2025,69.250,206,9,29.5,72.875,4.32,40.5,33,130,6.65,4.41,104,1
2024,Elic Ayomanor,WR,Stanford,ACC,0.962,0.962,-0.181,0.64,0.764,1.429,0.796,1.256,69.282,69.282,0,19.829,16.051,22.862,36.622,32.66,62,2025,73.750,206,10,32.375,78.375,4.44,38.5,33,127,6.7,4.31,136,1
2024,Quinn Ewers,QB,Texas,SEC,0.321,0.315,0.424,0.083,0.44,0.603,0.159,0.551,156.045,145.033,11.012,15.843,68.679,75.342,45.24,110.805,92,2025,74.125,214,9.375,30.75,75,4.28,24.5,22,138,7.95,4.97,231,0
2024,Ashton Jeanty,RB,Boise State,MWC,0.298,0.342,0.295,0.137,0.38,0.682,0.282,0.37,114.417,7.872,106.544,28.199,48.993,31.358,89.226,25.191,3,2025,68.5,211,9.25,29.25,72.75,4.58,34.92,11,111.8,7.11,4.97,6,0
2024,Lequint Allen,RB,Syracuse,ACC,0.189,0.499,0.088,0.038,0.27,0.665,0.134,0.429,54.332,35.396,18.936,6.207,24.863,18.611,31.148,23.184,157,2025,72.125,204,10.125,32,78.625,4.65,35,33,120,7.25,4.97,236,1
2024,Trell Harris,WR,Virginia,ACC,1.43,1.43,0.602,1.359,1.064,2.753,1.122,2.278,21.456,21.456,0,8.155,6.385,2.753,12.345,9.111,65,2025,74.375,205,9.625,31.875,78.25,4.54,38.5,15,125,6.93,4.05,55,1
2024,Dylan Sampson,RB,Tennessee,SEC,0.226,0.306,0.219,0.158,0.054,0.63,0.258,0.108,62.445,6.724,55.721,21.363,5.15,26.452,56.204,6.242,72,2025,68.125,200,8.75,30.5,73,4.43,35,13,124,6.74,4.03,126,1
2024,Jalen Royals,WR,Utah State,MWC,1.318,1.353,-0.296,0.734,1.405,2.03,1.075,2.006,60.61,60.905,-0.296,16.882,16.855,20.296,36.543,24.067,71,2025,72.000,205,9.5,30.125,73.75,4.42,35.58,13,122.1,7.24,4.03,133,1
2024,Harold Fannin,TE,Bowling Green,MAC,0.824,0.83,0.74,0.676,0.891,0.816,0.774,0.91,113.747,107.083,6.664,37.864,38.322,26.935,67.361,46.386,73,2025,75.250,241,9.25,32.25,79.25,4.71,34,22,118,6.97,4.39,67,1
2024,Marcus II Harris,RB,Alabama State,SWAC,-0.021,-0.124,-0.018,-0.023,-0.129,0.13,0.003,-0.146,-0.912,-0.124,-0.788,-0.53,-1.552,1.17,0.112,-1.024,309,2025,70.750,189,8.875,29.75,75,4.45,37.75,11,122.3,6.65,4.97,183,1
2024,Andrew Armstrong,WR,Arkansas,SEC,1.025,1.037,0.542,0.795,1.137,1.232,0.854,1.256,91.268,90.185,1.084,31.795,35.258,20.943,43.554,47.715,291,2025,75.750,202,9.625,32.125,79.5,4.51,37.5,11,124,6.97,4.18,300,1
2024,Isaac Teslaa,WR,Arkansas,SEC,1.399,1.399,0.331,0.958,1.135,2.208,1.009,1.878,40.557,40.557,0,14.37,5.676,17.665,16.142,24.414,238,2025,75.625,214,10,31.125,76.75,4.43,39.5,17,129,6.85,4.05,70,1
2023,Michael Penix Jr.,QB,Washington,PAC,0.461,0.462,0.441,0.355,0.452,0.671,0.435,0.511,253.929,242.012,11.917,91.512,74.616,79.215,158.343,95.586,147,2024,74.25,216,10.5,33.625,81,4.79,32.5,17,112,7.04,4.26,8,0
2023,Tyrone Tracy Jr.,RB,Purdue,B1G,0.252,0.3,0.244,0.208,0.288,0.733,0.173,0.58,31.014,5.395,25.619,12.476,12.114,12.453,17.084,13.93,149,2024,71.125,209,9.125,31.75,76.625,4.48,40,22,124,6.81,4.06,166,1
2023,Joe Milton,QB,Tennessee,SEC,0.448,0.432,0.534,0.412,0.415,0.685,0.411,0.51,175.049,143.018,32.031,69.637,49.405,65.76,100.607,74.442,195,2024,77.125,235,10.25,33.375,80,5.06,35,18,121,5.72,4.06,193,1
2023,Jordan Travis,QB,Florida State,ACC,0.416,0.422,0.379,0.204,0.523,0.548,0.268,0.648,163.357,140.234,23.123,30.416,66.445,58.04,64.219,99.138,283,2024,73.125,200,9,31.375,76,4.67,32,16,104,8.25,4.44,171,0
2023,Brevyn Spann-Ford,TE,Minnesota,B1G,0.77,0.77,-0.243,0.675,0.865,0.852,0.605,0.952,16.176,16.176,0,6.754,3.46,5.963,6.652,9.524,267,2024,78.5,260,10.25,33.375,80,4.77,31.5,28,116,7.38,4.31,300,1
2023,Jack Westover,TE,Washington,PAC,0.756,0.722,1.542,0.501,0.76,1.049,0.824,0.519,37.028,33.943,3.085,11.521,11.397,9.444,31.314,5.714,304,2024,74.625,243,9.125,32.125,77.125,4.64,35,28,122,7.03,4.34,300,0
2023,Devin Culp,TE,Washington,PAC,0.892,0.892,-0.144,0.806,-0.05,2.121,0.847,0.958,17.831,17.831,0,7.253,-0.251,10.607,10.166,7.666,55,2024,75.125,231,9.25,32.875,78.5,4.47,35,28,121,6.99,4.39,246,0
2023,Devin Leary,QB,Kentucky,SEC,0.319,0.326,0.194,0.17,0.351,0.581,0.288,0.356,122.256,118.574,3.682,23.58,44.957,63.954,59.68,62.576,167,2024,73.25,215,9.5,30.875,74.375,4.78,32,18,112,7.07,4.29,218,0
2023,Sam Hartman,QB,Notre Dame,Ind,0.467,0.494,0.211,0.198,0.614,0.689,0.391,0.579,155.827,149.084,6.743,25.32,68.102,58.561,78.253,77.575,112,2024,73.125,211,9.75,31.375,75.25,4.8,28.5,12,109,7.19,4.34,300,1
2023,Dylan Laube,RB,New Hampshire,CAA,0.343,0.927,0.096,0.168,0.033,1.05,0.296,0.605,56.611,45.435,11.176,15.655,1.404,24.147,41.488,15.123,165,2024,69.875,206,9.25,29.375,71.125,4.54,37,23,118,6.84,4.02,208,1
2023,Austin Reed,QB,Western Kentucky,CUSA,0.368,0.366,0.398,0.131,0.265,0.835,0.263,0.539,180.56,166.228,14.332,24.296,43.188,104.335,79.711,100.848,235,2024,73.5,220,9.875,30.125,73.375,4.82,32.5,16,114,6.69,4.23,300,0
2023,Isaac Guerendo,RB,Louisville,ACC,0.31,0.631,0.247,0.327,0.299,0.484,0.302,0.35,43.381,14.504,28.877,23.534,16.771,5.321,35.333,8.048,100,2024,72,221,9.25,30.75,74.875,4.33,41.5,22,129,6.94,4.15,129,1
2023,Dallin Holker,TE,Colorado State,MWC,0.906,1.056,-2.346,0.79,0.645,1.422,0.675,1.357,61.601,68.64,-7.039,17.374,19.985,19.914,30.386,31.215,117,2024,75.375,241,10.25,33.625,78.125,4.78,32.5,28,122,6.83,4.21,300,1
2023,Tanner McLachlan,TE,Arizona,PAC,0.816,0.816,-0.442,0.512,0.748,1.142,0.824,0.809,28.552,28.552,0,5.123,9.724,13.705,12.367,16.185,188,2024,77.125,244,9.375,31.625,77.25,4.61,35,28,117,7.06,4.35,194,1
2023,Cody Schrader,RB,Missouri,SEC,0.193,0.466,0.17,0.119,0.111,0.815,0.177,0.282,56.598,10.71,45.888,19.266,11.124,24.464,43.618,12.98,256,2024,68.5,202,9.125,28.125,68.625,4.61,33,22,118,6.84,4.23,300,1
2023,Bo Nix,QB,Oregon,PAC,0.604,0.613,0.532,0.373,0.713,0.948,0.488,0.866,285.842,259.785,26.058,78.016,110.44,92.002,159.46,126.382,209,2024,74.125,214,10.125,30.875,74.25,4.77,32,17,111,7.2,4.29,12,0
2023,Spencer Rattler,QB,South Carolina,SEC,0.342,0.324,0.472,0.267,0.426,0.417,0.331,0.354,164.447,136.582,27.865,47.215,66.433,54.573,84.333,80.114,233,2024,72.25,211,9.875,31,74.75,4.95,32,13,108,7.21,4.37,150,1
2023,Jayden Daniels,QB,LSU,SEC,0.691,0.642,0.838,0.622,0.676,1.014,0.62,0.864,300.687,209.381,91.306,128.812,100.006,73.019,190.917,109.77,56,2024,75.25,210,9.375,32.5,78.5,4.75,32,17,109,7.47,4.34,2,0
2023,Cornelius Johnson,WR,Michigan,B1G,0.74,0.764,0.326,0.717,0.838,0.368,0.634,1.229,41.46,40.482,0.978,20.795,15.09,2.945,29.173,12.287,137,2024,74.75,212,8.625,31.875,77.25,4.44,37.5,15,127,6.85,4.1,253,1
2023,Cade Stover,TE,Ohio State,B1G,0.984,0.984,-1.198,1.19,0.737,1.309,1.083,0.78,39.377,39.377,0,15.471,14.746,9.16,29.234,10.144,270,2024,75.875,247,9.75,32.75,77.25,4.65,34.5,28,117,7.07,4.45,123,1
2023,Luke McCaffrey,WR,Rice,AAC,0.759,0.794,0.505,0.374,0.981,1.506,0.455,1.259,80.422,73.856,6.566,17.194,40.235,21.09,30.06,50.362,180,2024,73.625,198,9.625,30.125,74.5,4.46,36,13,121,6.7,4.02,100,1
2023,Jha'Quan Jackson,WR,Tulane,AAC,0.76,0.767,0.708,1.02,0.46,0.027,0.957,0.321,31.931,28.392,3.538,18.361,5.978,0.215,27.76,4.17,125,2024,69.125,188,8.875,30.875,74.875,4.42,32,12,118,6.9,4.2,182,1
2023,Erick All,TE,Iowa,B1G,1.253,1.497,-3.628,0.813,0.671,1.914,1.27,1.227,26.318,29.946,-3.628,7.319,2.683,13.399,16.504,9.814,3,2024,76.375,252,10.125,33,79,4.65,35,28,121,7.07,4.31,115,0
2023,Ricky Pearsall,WR,Florida,SEC,1.006,0.955,2.219,1.186,0.645,1.14,1.002,1.014,74.472,67.815,6.657,33.209,18.706,15.963,46.072,28.4,221,2024,73,189,9.25,30.875,73.375,4.41,42,17,129,6.64,4.05,31,1
2023,Tayvion Robinson,WR,Kentucky,SEC,0.866,0.888,0.293,0.436,0.818,1.393,0.597,1.167,47.647,47.06,0.586,8.277,13.082,25.066,17.308,30.339,246,2024,70.5,191,9.25,31,75.25,4.43,38,16,125,6.88,4.17,300,0
2023,Kedon Slovis,QB,BYU,B12,0.251,0.229,0.61,0.043,0.471,0.292,0.199,0.338,56.073,48.142,7.931,4.099,27.779,18.073,27.716,28.357,261,2024,74.5,223,9.875,31.125,74.375,4.55,30,16,118,6.57,4.15,300,1
2023,Ainias Smith,WR,Texas A&M,SEC,0.813,0.864,0.269,0.537,0.743,1.109,0.551,1.108,56.923,55.31,1.612,13.413,17.09,23.282,20.373,36.549,262,2024,69.375,190,8.5,29,70.25,4.42,41.5,21,131,6.87,4.16,152,1
2023,Jamari Thrash,WR,Louisville,ACC,1.095,1.103,0.804,0.597,1.078,1.666,0.666,1.814,82.097,80.489,1.608,17.322,23.71,38.309,31.314,50.784,281,2024,71.75,188,8.625,31,74.5,4.46,34,12,120,7.16,4.19,156,1
2023,Xavier Weaver,WR,Colorado,PAC,0.724,0.674,2.667,0.416,0.579,1.778,0.438,1.308,57.209,51.875,5.334,16.239,15.063,23.12,23.208,34.001,303,2024,72.25,169,8.875,31.125,73.25,4.39,37.5,13,126,6.91,4.25,300,0
2023,Jase McClellan,RB,Alabama,SEC,0.173,0.431,0.146,0.092,0.086,0.776,0.124,0.362,34.16,8.194,25.966,9.497,6.045,18.619,19.316,14.844,182,2024,70.375,221,10.25,31.125,75.5,4.54,36,20,121,7.09,4.25,186,1
2023,Kendall Milton,RB,Georgia,SEC,0.372,0.128,0.378,0.363,0.28,0.735,0.375,0.343,43.1,0.385,42.715,23.601,12.301,3.676,38.982,4.118,196,2024,73.5,225,9.625,31.75,77.5,4.62,35.5,18,124,7.11,4.38,300,1
2023,MarShawn Lloyd,RB,USC,PAC,0.397,1.197,0.295,0.322,0.408,0.75,0.339,0.734,49.172,16.751,32.42,25.147,14.687,6.746,35.968,13.204,175,2024,68.75,220,8.75,30.375,73.625,4.46,36,25,118,7.07,4.25,88,1
2023,Jermaine Burton,WR,Alabama,SEC,1.199,1.204,0.946,0.758,1.376,1.606,0.716,1.702,63.567,62.62,0.946,12.889,23.399,28.906,19.322,44.245,33,2024,72.25,196,9.875,31,74.875,4.45,38.5,17,133,6.86,4.15,80,1
2023,Blake Corum,RB,Michigan,B1G,0.244,0.472,0.231,0.146,0.233,0.488,0.262,0.148,63.805,7.078,56.727,20.143,20.754,12.69,57.893,5.912,51,2024,67.75,205,9,28.875,70.125,4.53,35.5,27,119,6.82,4.12,83,1
2023,Lideatrick Griffin,WR,Mississippi State,SEC,0.624,0.799,-0.008,0.174,0.996,1.15,0.345,1.058,43.043,43.163,-0.12,5.401,24.895,12.653,14.487,28.556,99,2024,70,181,9.125,30.625,72.75,4.43,35.5,14,124,7,4.35,300,1
2023,Jaheim Bell,TE,Florida State,ACC,0.455,0.544,-0.673,0.196,0.666,1.38,0.195,1.216,25.027,27.719,-2.693,4.907,11.996,13.797,8,17.027,17,2024,74,241,10,33,78.75,4.61,35,28,124,7.01,4.34,231,1
2023,Trey Benson,RB,Florida State,ACC,0.145,0.567,0.082,0.135,0.089,0.627,0.136,0.202,25.595,13.043,12.552,13.915,5.152,7.52,20.743,4.852,18,2024,72.25,216,9.25,31.5,76.375,4.39,33.5,22,122,6.98,4.25,66,1
2023,Re'Mahn Davis,RB,Kentucky,SEC,0.262,0.66,0.189,0.075,0.403,1.034,0.198,0.471,59.281,23.091,36.191,9.622,29.824,21.704,34.333,24.948,59,2024,68.375,211,8.875,30.25,74,4.52,35,22,119,6.96,4.51,128,1
2023,Anthony Gould,WR,Oregon State,PAC,0.983,1.137,-0.151,0.65,0.796,2.209,0.63,1.512,49.14,50.043,-0.903,13.645,15.913,17.675,18.892,30.247,94,2024,68.375,174,8.875,29.625,69.875,4.39,39.5,18,129,6.9,4.16,142,1
2023,George Holani,RB,Boise State,MWC,0.267,0.574,0.223,0.243,-0.092,1.563,0.259,0.302,37.954,10.326,27.629,20.196,-4.119,21.876,29.497,8.457,116,2024,70.375,208,9.75,29.75,72.375,4.52,39,24,127,6.77,4.33,300,1
2023,Jawhar Jordan,RB,Louisville,ACC,0.302,0.601,0.261,0.302,0.051,0.816,0.305,0.282,59.813,14.435,45.377,30.505,3.508,20.409,52.201,7.611,145,2024,69.5,193,8.5,30.125,71,4.56,34.5,22,121,6.65,4.22,205,0
2023,Xavier Legette,WR,South Carolina,SEC,0.988,1.09,-0.164,1.039,0.802,1.416,0.965,1.013,96.795,98.104,-1.309,31.181,29.69,33.986,49.203,47.592,170,2024,73,221,9,31.875,77.5,4.39,40,18,126,6.83,4.07,32,1
2023,Ja'Lynn Polk,WR,Washington,PAC,0.959,0.954,1.023,0.996,0.688,1.574,0.925,1.038,80.522,75.404,5.117,44.816,19.964,15.742,54.57,25.952,224,2024,73.375,203,9.75,31.75,74.5,4.52,37.5,16,129,6.86,4.13,37,1
2023,Jared Wiley,TE,TCU,B12,0.92,0.92,-0.584,0.333,1.194,1.648,0.711,1.327,51.515,51.515,0,7.323,22.694,21.418,26.297,25.218,307,2024,78.125,249,9.5,33.25,79.25,4.62,37,28,118,7.19,4.33,131,1
2023,Jalen McMillan,WR,Washington,PAC,0.602,0.594,0.711,0.494,0.777,0.436,0.633,0.504,37.321,34.476,2.844,14.32,13.985,6.099,29.764,7.557,190,2024,73,197,10,31.125,77.375,4.47,37,15,127,6.94,4.18,92,1
2023,Kimani Vidal,RB,Troy,SBC,0.238,0.679,0.207,0.062,0.293,0.651,0.194,0.427,72.421,13.574,58.847,10.135,27.27,27.355,47.66,24.761,293,2024,67.875,213,9.375,30.375,73.25,4.46,37.5,18,120,7.01,4.15,181,1
2023,Troy Franklin,WR,Oregon,PAC,1.271,1.271,0.056,0.734,1.551,1.976,0.977,1.829,114.366,114.366,0,27.161,48.068,37.543,57.666,56.7,85,2024,73.875,176,8.75,31.875,77.25,4.41,39,13,124,6.9,4.31,102,1
2023,Rome Odunze,WR,Washington,PAC,0.984,0.99,0.83,0.772,0.861,1.677,0.879,1.2,114.144,110.825,3.319,40.904,34.432,33.547,68.526,45.618,214,2024,74.875,212,9.25,32.25,76.75,4.45,39,15,124,6.88,4.03,9,1
2023,Drake Maye,QB,North Carolina,ACC,0.424,0.379,0.679,0.195,0.461,0.737,0.355,0.53,215.784,164.166,51.618,39.397,83.48,84.777,109.686,106.098,179,2024,76.375,223,9.125,32.25,76.125,4.83,32.5,17,116,6.61,4.17,3,0
2023,Roman Wilson,WR,Michigan,B1G,1.441,1.462,0.406,1.252,1.124,2.228,1.301,1.707,74.954,74.548,0.406,25.033,17.982,31.19,44.236,30.718,316,2024,70.75,185,9.375,30.375,72.5,4.39,35,12,120,6.9,4.2,84,1
2023,Will Shipley,RB,Clemson,ACC,0.159,0.406,0.1,0.147,0.063,0.353,0.133,0.233,31.997,15.821,16.176,13.833,4.966,8.467,19.665,12.332,257,2024,71,206,9.625,30.25,74.125,4.51,35,22,122,6.82,4.23,127,0
2023,Ja'Tavion Sanders,TE,Texas,B12,0.893,0.868,2.035,0.549,0.722,1.478,0.903,0.869,42.848,40.814,2.035,11.52,9.382,16.263,29.811,13.037,255,2024,75.875,245,10.125,32.875,78.25,4.69,35,28,121,7.04,4.32,101,1
2023,Caleb Williams,QB,USC,PAC,0.456,0.446,0.511,0.265,0.489,0.607,0.368,0.614,211.413,175.649,35.764,51.979,76.834,60.081,110.043,101.371,309,2024,73.125,214,9.75,32,75.875,4.78,32,18,111,7.14,4.3,1,0
2023,Miyan Williams,RB,Ohio State,B1G,-0.005,0.374,-0.033,-0.079,0.234,-0.331,-0.03,0.127,-0.242,1.122,-1.364,-1.817,2.569,-2.978,-1.127,0.886,313,2024,68.5,229,9,28.625,69.625,4.56,36,22,119,7.25,4.26,300,0
2023,Brock Bowers,TE,Georgia,SEC,0.776,0.817,0.423,0.607,0.67,1.395,0.637,1.087,52.776,49.817,2.958,21.239,13.408,18.129,29.946,22.829,25,2024,75.125,243,9.75,32.75,78.25,4.64,35,28,122,7.03,4.34,13,0
2023,Marvin Harrison Jr.,WR,Ohio State,B1G,1.28,1.265,2.604,1.064,0.972,1.915,1.065,1.58,110.103,107.499,2.604,34.051,28.18,47.872,53.237,56.866,110,2024,75.25,209,9.5,31.875,77.25,4.46,38,15,127,6.85,4.11,4,0
2023,Brian Thomas Jr.,WR,LSU,SEC,1.312,1.327,0.752,1.031,1.54,1.52,1.25,1.503,101.058,99.554,1.504,35.052,49.285,16.722,72.505,1,279,2024,74.875,209,9.75,32.75,79.625,4.33,38.5,11,126,6.85,4.11,23,1
2023,J.J. McCarthy,QB,Michigan,B1G,0.526,0.516,0.605,0.336,0.41,0.822,0.438,0.668,198.441,171.814,26.627,47.009,52.532,81.41,101.53,96.911,181,2024,74.5,219,9,31.625,75.875,4.81,32.5,17,114,6.82,4.23,10,1
2023,Emani Bailey,RB,TCU,B12,0.181,0.417,0.154,0.278,0.096,0.061,0.106,0.468,39.901,9.587,30.314,30.035,8.472,1.281,18.37,21.531,10,2024,67.375,202,9.75,29.875,70.75,4.61,33.5,22,116,6.87,4.23,300,1
2023,Keilan Robinson,RB,Texas,B12,0.543,0.167,0.878,0.186,0.923,1.014,0.098,2.624,9.239,1.337,7.902,1.675,5.536,2.028,1.367,7.872,244,2024,68.375,191,9.625,30.625,74.375,4.42,33,22,125,6.61,4.22,167,1
2023,Trey Knox,TE,South Carolina,SEC,0.567,0.567,-0.375,0.584,0.107,1.153,0.609,0.502,23.253,23.253,0,9.93,1.598,8.074,15.216,8.038,160,2024,75,240,9.375,34.25,78.75,4.64,32.5,28,121,7.09,4.54,300,1
2023,Tahj Washington,WR,USC,PAC,1.369,1.378,0.835,1.158,1.628,1.832,1.172,2.08,82.132,81.297,0.835,34.751,21.161,27.48,55.089,27.043,298,2024,69.75,174,8.375,29.125,70,4.41,35,13,122,6.92,4.24,241,1
2023,Michael Wiley,RB,Arizona,PAC,0.274,0.945,0.072,0.109,0.377,0.678,0.173,0.607,21.34,17.008,4.332,4.232,11.681,5.427,10.407,1,308,2024,70.5,210,9.25,30,74.125,4.51,33.5,22,119,6.93,4.43,300,1
2023,Isaiah Williams,WR,Illinois,B1G,0.547,0.612,0.036,0.421,0.484,0.833,0.461,0.73,63.481,63.014,0.467,19.353,19.34,21.66,36.454,27.026,311,2024,69.25,182,9.125,30.125,72.75,4.63,38,17,123,6.75,4.2,300,1
2023,Jordan Whittington,WR,Texas,B12,0.679,0.667,0.863,0.337,0.478,1.349,0.465,1.038,34.62,32.031,2.589,7.41,7.644,16.186,14.895,19.725,305,2024,72.625,205,10,30.375,73.625,4.45,40,18,128,6.85,4.12,213,1
2023,Devaughn Vele,WR,Utah,PAC,0.898,0.898,0.044,0.645,0.853,1.445,0.766,1.162,43.102,43.102,0,15.481,10.234,15.891,24.506,18.596,291,2024,76,203,9.75,33.5,79.125,4.47,36,13,126,6.86,4.14,235,1
2023,Malik Washington,WR,Virginia,ACC,0.799,0.828,-0.943,0.485,0.759,1.468,0.532,1.217,98.302,100.188,-1.886,27.618,28.1,41.102,39.894,58.409,299,2024,68.5,191,9.25,30.375,72.875,4.47,42.5,19,126,6.87,4.16,184,1
2023,Audric Estime,RB,Notre Dame,Ind,0.334,0.602,0.309,0.34,0.114,0.763,0.275,0.667,65.857,10.23,55.628,38.417,6.984,15.256,45.862,19.995,75,2024,71.375,221,10.25,32.375,76.5,4.71,38,23,125,7,4.25,147,1
2023,Isaiah Williams,RB,San Diego,Pioneer,0.164,0.386,0.144,-0.033,0.252,0.56,0.111,0.313,29.064,5.786,23.278,-2.975,15.871,11.203,14.371,14.693,311,2024,69.25,182,9.125,30.125,72.75,4.63,38,17,123,6.75,4.2,300,1
2023,Jacob Cowing,WR,Arizona,PAC,0.755,0.806,0.115,0.623,0.153,1.362,0.748,0.765,51.33,50.757,0.574,13.715,3.376,31.322,31.428,19.902,52,2024,68.375,168,9,29.25,69.125,4.38,36,13,119,7.02,4.32,135,1
2023,A.J. Barner,TE,Michigan,B1G,0.861,0.861,-0.268,0.376,0.79,1.301,0.67,1.005,18.089,18.089,0,1.879,7.106,9.104,6.03,1,12,2024,78,251,9,33.375,81.875,4.65,35,28,119,7.07,4.32,121,0
2023,Malik Nabers,WR,LSU,SEC,0.875,0.885,-0.197,0.873,0.712,1.229,0.77,1.134,99.799,99.996,-0.197,46.279,25.647,25.8,62.386,37.413,206,2024,71.75,200,9.875,31.375,76.5,4.45,38,15,126,6.86,4.14,6,0
2023,Adonai Mitchell,WR,Texas,B12,0.818,0.85,-0.328,0.461,0.947,2.07,0.521,1.375,58.866,59.522,-0.656,16.596,22.732,22.775,24.495,1,198,2024,73.25,205,9,32.375,77.625,4.34,39.5,19,136,6.84,4.11,52,1
2023,Ladd McConkey,WR,Georgia,SEC,1.212,1.174,1.836,0.876,1.091,2.051,0.96,1.512,42.424,38.753,3.672,14.015,12.003,16.406,18.235,24.189,183,2024,71.625,186,8.625,30.25,72,4.39,36,13,124,6.89,4.19,34,1
2023,Malachi Corley,WR,Western Kentucky,CUSA,0.818,0.914,-0.574,0.504,0.834,1.308,0.828,0.802,76.041,79.482,-3.441,18.65,27.517,24.848,47.17,28.871,50,2024,71,215,9.125,32.125,72.5,4.48,38.5,16,126,6.84,4.09,65,0
2023,Keon Coleman,WR,Florida State,ACC,0.421,0.445,-0.501,0.563,0.37,0.489,0.44,0.382,33.254,34.256,-1.002,19.697,10.351,6.851,23.326,9.928,46,2024,75.25,213,9.375,32.125,78.125,4.61,38,15,127,6.84,4.1,33,1
2023,Jonathon Brooks,RB,Texas,B12,0.288,0.778,0.217,0.254,0.208,0.723,0.302,0.238,52.652,17.895,34.757,22.316,14.568,16.638,42.88,9.772,29,2024,72.375,216,9.25,31.5,75.875,4.53,36,22,123,6.95,4.25,46,0
2023,Jaylen Wright,RB,Tennessee,SEC,0.239,0.35,0.22,0.164,0.175,0.883,0.175,0.481,37.523,8.046,29.477,13.647,9.122,18.541,21.645,15.878,319,2024,70.5,210,9.375,31.5,75.875,4.38,38,22,134,6.77,4.23,120,1
2023,Xavier Worthy,WR,Texas,B12,0.548,0.624,-0.981,0.531,1.052,0.065,0.433,0.797,46.62,50.545,-3.925,21.779,26.288,1.097,25.11,21.51,318,2024,71.25,165,8.75,31.125,74.25,4.21,41,16,131,6.91,4.25,28,1
2023,Michael Pratt,QB,Tulane,AAC,0.395,0.422,0.299,0.247,0.382,0.654,0.328,0.529,146.728,123.083,23.645,34.6,43.911,62.176,81.137,65.591,227,2024,74.5,217,9.25,30.75,77,4.7,36,14,114,7.2,4.23,245,1
2023,Braelon Allen,RB,Wisconsin,B1G,0.186,-0.048,0.221,0.179,0.079,0.733,0.141,0.422,38.232,-1.244,39.476,19.476,5.39,18.327,24.3,13.932,4,2024,73.25,235,9.25,31.25,76.25,4.6,32,26,117,7.29,4.28,134,1
2023,Johnny Wilson,WR,Florida State,ACC,0.902,0.902,-0.004,0.604,0.962,1.117,0.606,1.346,54.113,54.113,0,13.883,13.469,24.566,21.809,32.304,314,2024,78.375,231,10,35.375,84.5,4.52,37,14,128,6.82,4.11,185,1
2023,Isaiah Johnson,RB,North Texas,AAC,0.348,0.179,0.397,0.159,0.186,0.429,0.547,-0.066,13.917,1.608,12.309,2.069,3.351,3,14.779,-0.862,139,2024,75,205,8.875,32.875,80.5,4.64,38.5,15,129,6.94,4.21,300,1
2023,Brenden Rice,WR,USC,PAC,1.506,1.516,1.016,1.177,0.992,1.927,1.162,2.022,75.294,74.278,1.016,23.537,14.887,21.2,34.858,1,239,2024,74.375,208,9.625,33,78,4.5,36.5,13,119,6.86,4.12,225,1
2023,Dillon Johnson,RB,Washington,PAC,0.243,0.469,0.218,0.01,0.372,0.78,0.166,0.664,59.794,11.714,48.08,1.202,33.123,24.182,34.575,25.219,138,2024,71.625,217,9.375,30,72.625,4.68,31.5,22,117,7.06,4.25,300,1
2023,Rasheen Ali,RB,Marshall,SBC,0.176,0.254,0.165,0.06,0.218,0.4,0.169,0.204,41.288,7.88,33.408,6.909,16.81,14.796,31.304,9.984,2,2024,71.25,206,8.625,31.25,74.75,4.51,35,22,122,6.82,4.23,165,0
2023,Ben Sinnott,TE,Kansas State,B12,1.062,1.065,0.891,0.577,1.298,1.924,0.882,1.564,60.521,59.63,0.891,17.325,18.167,23.089,37.057,23.464,260,2024,75.875,250,9.5,32.375,77.5,4.68,40,28,126,6.82,4.23,53,1
2023,Javon Baker,WR,UCF,B12,1.411,1.411,0.144,0.862,2.036,1.797,1.029,1.968,76.218,76.218,0,21.541,36.64,16.17,32.924,43.294,11,2024,73.25,202,9.625,32.25,78.25,4.54,37,14,121,6.87,4.14,110,1
2023,Isaiah Davis,RB,South Dakota State,MVFC,0.451,0.809,0.408,0.32,0.438,0.897,0.4,0.669,99.292,19.409,79.883,38.348,27.154,33.172,71.176,28.116,58,2024,72.25,218,10.25,31.125,74.875,4.57,34.5,23,119,7.02,4.25,173,1
2023,Jalen Coker,WR,Holy Cross,Patriot,1.452,1.524,-0.562,1.48,1.053,1.977,1.472,1.415,84.22,85.344,-1.124,39.948,17.904,21.742,55.917,28.303,42,2024,73.375,208,9.875,32.875,76.75,4.57,42.5,19,128,6.84,4.1,300,1
2023,Tip Reiman,TE,Illinois,B1G,0.959,0.959,-0.628,0.283,1.219,1.71,0.941,1.042,21.1,21.1,0,2.55,9.751,6.838,16.93,4.17,238,2024,76.875,271,10.5,32.875,79.5,4.64,33.5,28,121,7.02,4.26,82,1
2023,Devontez Walker,WR,North Carolina,ACC,0.598,0.641,-0.073,0.309,0.985,0.345,0.377,0.862,39.443,39.736,-0.293,8.971,20.685,4.144,13.572,25.871,294,2024,73.5,193,9.125,33.25,79.125,4.36,40.5,18,134,6.86,4.15,113,1
2023,Jordan Jefferson,RB,Southern Utah,UAC,-0.038,0.256,-0.068,0.17,-0.421,0.142,-0.003,-0.282,-1.2,0.767,-1.967,2.553,-5.469,0.427,-0.074,-1.126,132,2024,74.75,313,9.875,33.125,79.25,5,31,34,104,8.21,5.13,116,1
2023,Jaden Shirden,RB,Monmouth,CAA,0.271,0.633,0.237,0.239,0.106,0.537,0.256,0.312,54.426,10.757,43.669,23.199,6.798,20.398,37.907,1,258,2024,68,187,9.25,28.75,69.625,4.45,34.5,22,117,6.6,4.21,300,1
2023,Isaiah Davis,WR,Morehead State,Pioneer,0.99,0.99,0.414,1.273,-0.442,2.139,0.415,2.139,2.97,2.97,0,1.273,-0.442,2.139,0.831,1,58,2024,72.25,218,10.25,31.125,74.875,4.57,34.5,23,119,7.02,4.25,173,1
2023,Ryan Flournoy,WR,Southeast Missouri State,Big South-OVC,0.991,1.014,0.753,0.931,0.869,1.392,0.875,1.156,67.397,62.881,4.516,26.064,19.99,22.265,35.018,32.379,82,2024,72.75,202,10.125,31.625,76.125,4.44,39.5,19,132,6.85,4.12,216,1
2023,Marcus II Harris,RB,Alabama State,SWAC,0.116,1.931,0.093,-0.037,-0.19,0.834,0.22,-0.244,9.279,1.931,7.348,-1.557,-4.555,8.342,13.665,-4.386,109,2024,74.375,286,9.625,32,78.25,5.06,29.5,27,103,6.81,4.6,247,1
2023,Myles Murphy,RB,North Alabama,UAC,-0.889,-0.524,-0.889,-0.889,-0.663,-0.486,-0.889,-0.571,-0.889,0,-0.889,-0.889,0,0,-0.889,0,204,2024,76.125,309,9.75,33.875,79,5.2,28.5,27,106,7.64,4.81,300,1