Season,Position,Position Group,Conference,Height (inches),Weight(lbs),Hand (inches),Wingspan (inches),40-Yard Dash (seconds),Vertical (inches),Bench (reps),Broad Jump (inches),3-Cone (seconds),Shuttle (seconds),Combine Participation,FPI,Efficiencies Overall,Efficiencies Offense,Efficiencies Defense,Efficiencies SpecialTeams,CFP Appearance,National Award,Actual Draft Tier,Actual Target,Predicted Probability,Cumulative Actual Captured,Percent of Players Reviewed,Percent of Actual Tier Captured
2025,LB,LB,Big 12,134.75,231,10.067,74.5,4.68,29.53,11,123.3,7.09,4.03,0,5.029,60.487,30.282,79.81,59.786,0,0,Undrafted,1,0.9998721471950035,1,0.4132231404958678,1.5151515151515151
2025,WR,Skill,Mountain West,74.5,203,8.625,76.5,4.57,34.0,16,123.0,7.41,4.47,1,-5.133,42.709,44.903,47.684,35.133,0,0,Undrafted,1,0.6117197443440392,2,0.8264462809917356,3.0303030303030303
2024,IOL,OL,SEC,77.25,304,9.5,77.875,5.31,29.0,26,110.0,7.57,4.47,1,2.225,47.846,34.458,61.741,53.372,0,0,Undrafted,1,0.6028431231486102,3,1.2396694214876034,4.545454545454546
2024,C,OL,Big 12,76.0,314,10.0,78.75,5.42,24.5,24,95.0,7.41,4.33,1,22.492,84.142,84.36,76.697,33.868,0,0,Undrafted,1,0.6010547788593004,4,1.6528925619834711,6.0606060606060606
2024,IOL,OL,Conference USA,75.25,322,10.25,81.125,5.5,24.0,26,96.0,8.26,4.97,1,3.816,67.732,83.531,42.547,34.869,0,0,Undrafted,1,0.6007499520341304,5,2.066115702479339,7.575757575757576
2025,WR,Skill,SEC,75.0,200,9.5,78.375,4.56,31.0,17,117.0,6.84,4.03,1,12.197,68.028,61.356,72.874,37.108,0,0,Undrafted,1,0.5821085491917037,6,2.479338842975207,9.090909090909092
2023,WR,Skill,Conference USA,74.0,201,9.5,77.875,4.57,35.0,17,125.0,6.89,4.32,1,-17.759,17.839,41.399,10.816,49.466,0,0,Rounds 6-7,0,0.5728670593880585,6,2.8925619834710745,9.090909090909092
2024,P,Special Teams,Big 12,76.375,235,8.875,76.375,4.63,35.5,19,123.0,7.05,4.31,0,-1.805,52.478,36.286,62.31,60.603,0,0,Undrafted,1,0.559850717079889,7,3.3057851239669422,10.606060606060606
2023,IOL,OL,Sun Belt,78.25,318,10.25,81.25,5.21,31.0,20,111.0,7.57,4.69,1,-10.538,30.819,27.542,38.624,55.322,0,0,Rounds 4-5,0,0.553135735230995,7,3.71900826446281,10.606060606060606
2023,WR,Skill,Big 12,73.875,203,9.375,74.875,4.53,36.0,17,116.0,6.91,4.35,1,6.28,57.494,40.857,78.383,33.853,0,0,Rounds 6-7,0,0.5530661195860488,7,4.132231404958678,10.606060606060606
2025,IOL,OL,Big 12,78.5,313,10.25,79.5,5.27,30.0,33,108.0,8.19,4.69,1,1.795,52.984,64.597,35.526,62.429,0,0,Rounds 2-3,0,0.5525657803830515,7,4.545454545454546,10.606060606060606
2025,TE,Skill,SEC,77.125,251,10.0,78.75,4.28,24.5,33,110.7,6.65,4.97,0,13.515,71.849,75.763,61.497,39.011,0,0,Rounds 2-3,0,0.5506268878397352,7,4.958677685950414,10.606060606060606
2024,K,Special Teams,SEC,73.0,172,9.25,73.625,4.29,39.0,13,130.0,6.69,4.06,0,2.225,47.846,34.458,61.741,53.372,0,0,Rounds 6-7,0,0.5460474269920655,7,5.371900826446281,10.606060606060606
2024,C,OL,ACC,77.375,313,9.375,79.75,5.2,31.0,27,105.0,7.41,4.24,0,8.778,68.7,63.774,63.667,60.347,0,0,Round 1,0,0.5349385972607761,7,5.785123966942149,10.606060606060606
2023,LS,Special Teams,AAC,76.0,240,9.625,78.375,5.06,30.0,12,114.0,7.27,4.46,1,6.904,61.732,66.565,49.575,55.483,0,0,Undrafted,1,0.5309419668584303,8,6.198347107438017,12.121212121212121
2023,RB,Skill,SEC,72.0,217,8.625,73.625,4.55,34.5,20,122.0,6.92,4.4,0,5.824,59.284,46.761,72.541,34.773,0,0,Rounds 6-7,0,0.5283356020399508,8,6.6115702479338845,12.121212121212121
2025,IOL,OL,ACC,77.25,321,9.0,80.875,5.45,24.5,11,113.3,6.77,4.03,0,14.768,79.193,79.078,73.333,36.319,0,0,Undrafted,1,0.525432425667433,9,7.024793388429752,13.636363636363635
2023,WR,Skill,Mountain West,71.125,172,8.875,74.75,4.4,34.5,12,121.0,6.91,4.29,1,3.726,61.671,58.399,57.283,60.117,0,0,Undrafted,1,0.5171468120672253,10,7.43801652892562,15.151515151515152
2024,LB,LB,SEC,73.75,231,8.875,77.75,4.62,34.0,18,118.0,7.23,4.5,0,15.277,78.168,79.322,67.958,47.09,0,0,Rounds 2-3,0,0.504391933524835,10,7.851239669421488,15.151515151515152
2023,K,Special Teams,SEC,72.0,194,9.125,74.375,4.58,34.0,20,121.0,7.27,4.44,0,29.908,93.511,90.791,87.647,45.406,0,0,Undrafted,1,0.5016065499922373,11,8.264462809917356,16.666666666666664
2025,CB,Secondary,MAC,73.25,190,9.0,75.5,4.43,26.41,16,124.0,6.65,4.03,1,-10.952,37.661,53.267,24.968,62.263,0,0,Rounds 6-7,0,0.5000721767746519,11,8.677685950413224,16.666666666666664
2023,IOL,OL,SEC,77.0,330,11.25,83.875,5.31,23.5,20,101.0,7.99,4.81,1,7.555,60.994,69.396,49.078,49.533,0,0,Rounds 2-3,0,0.49319027499214785,11,9.090909090909092,16.666666666666664
2025,LB,LB,SEC,73.0,222,8.5,77.75,4.69,32.0,11,117.0,7.09,4.27,1,11.901,71.717,58.466,70.419,67.15,0,0,Rounds 4-5,0,0.4893851013114411,11,9.50413223140496,16.666666666666664
2023,RB,Skill,Sun Belt,73.375,217,9.75,78.625,4.61,37.0,20,121.0,6.85,4.33,1,0.411,45.95,62.053,35.887,34.024,0,0,Undrafted,1,0.48718006311947226,12,9.917355371900827,18.181818181818183
2023,IOL,OL,NSIC,76.0,304,9.75,78.75,5.2,29.0,20,109.0,7.77,4.75,0,14.599,74.563,74.162,65.921,50.606,0,0,Undrafted,1,0.4817749827616751,13,10.330578512396695,19.696969696969695
2023,IOL,OL,Pac-12,77.75,306,10.75,81.125,5.5,28.0,20,101.0,8.34,4.97,1,11.472,73.944,84.016,49.984,45.242,1,0,Undrafted,1,0.47189972379063627,14,10.743801652892563,21.21212121212121
2024,RB,Skill,ACC,69.5,193,8.5,71.0,4.56,34.5,22,121.0,6.65,4.22,1,11.36,72.759,63.856,75.697,45.123,0,0,Rounds 6-7,0,0.4650938441358917,14,11.15702479338843,21.21212121212121
2023,RB,Skill,SEC,71.625,210,9.5,76.625,4.56,32.5,20,119.0,7.23,4.68,1,6.205,55.022,47.067,62.103,45.36,0,0,Rounds 2-3,0,0.45793769090306435,14,11.570247933884298,21.21212121212121
2024,TE,Skill,Mountain West,75.375,241,10.25,78.125,4.78,32.5,28,122.0,6.83,4.21,1,-11.774,30.563,28.491,37.664,56.051,0,0,Undrafted,1,0.4571766554273411,15,11.983471074380166,22.727272727272727
2023,C,OL,Big Ten,75.5,301,9.5,78.375,5.35,29.5,20,104.0,7.68,4.56,1,11.422,72.43,66.077,73.504,40.834,0,0,Rounds 2-3,0,0.45400423824171254,15,12.396694214876034,22.727272727272727
2023,IOL,OL,SoCon,78.0,324,10.25,83.875,5.24,26.5,20,105.0,7.7,4.97,1,11.336,69.68,68.952,64.29,44.371,0,0,Undrafted,1,0.4535930485199696,16,12.8099173553719,24.242424242424242
2025,WR,Skill,ACC,76.25,213,9.0,79.125,4.5,32.5,18,122.0,7.1,4.3,1,8.853,70.514,55.299,74.421,59.153,0,0,Undrafted,1,0.45065214491808603,17,13.223140495867769,25.757575757575758
2024,C,OL,Big Ten,76.0,307,9.75,79.0,5.17,31.5,27,107.0,7.41,4.29,0,-3.512,38.745,32.821,44.666,62.478,0,0,Rounds 6-7,0,0.44999581603971894,17,13.636363636363635,25.757575757575758
2024,K,Special Teams,SEC,72.875,187,8.5,73.625,4.39,38.0,15,127.0,6.81,4.14,0,24.925,84.968,76.211,80.844,61.941,0,0,Rounds 6-7,0,0.4465614972250588,17,14.049586776859504,25.757575757575758
2024,IOL,OL,Pac-12,76.5,321,10.0,79.5,5.38,29.5,27,101.0,7.95,4.9,1,10.768,65.114,50.684,74.826,48.257,0,0,Undrafted,1,0.4426935939044686,18,14.46280991735537,27.27272727272727
2025,WR,Skill,ACC,71.375,186,8.5,74.375,4.59,36.0,19,124.0,7.37,4.03,1,3.991,55.816,49.345,57.768,56.475,0,0,Rounds 6-7,0,0.44243095230287166,18,14.87603305785124,27.27272727272727
2024,WR,Skill,SEC,70.0,181,9.125,72.75,4.43,35.5,14,124.0,7.0,4.35,1,0.859,45.573,31.326,62.302,47.192,0,0,Undrafted,1,0.4393966005431158,19,15.289256198347106,28.78787878787879
2023,IOL,OL,Pac-12,78.0,310,10.0,77.75,5.22,29.0,20,105.0,7.9,4.79,1,13.164,77.414,90.693,44.38,43.862,0,0,Rounds 6-7,0,0.43937432578336433,19,15.702479338842975,28.78787878787879
2025,TE,Skill,FBS Independent,77.375,241,9.5,77.0,4.74,31.0,33,115.0,7.25,4.4,1,25.305,88.314,78.053,88.226,42.499,0,0,Rounds 6-7,0,0.4295061047101151,19,16.115702479338843,28.78787878787879
2023,TE,Skill,AAC,78.5,248,9.5,77.375,4.69,33.5,21,115.0,7.42,4.29,1,6.451,60.989,44.607,64.989,69.829,0,0,Rounds 4-5,0,0.42560719662378654,19,16.528925619834713,28.78787878787879
2023,LB,LB,Big 12,71.0,227,8.625,75.0,4.49,30.5,20,117.0,7.44,4.42,1,14.378,80.5,80.39,69.518,54.974,0,0,Rounds 6-7,0,0.4230134156789972,19,16.94214876033058,28.78787878787879
2024,S,Secondary,ACC,76.25,231,9.5,80.25,4.65,30.0,17,117.0,6.69,3.5,1,11.169,68.436,66.666,63.176,51.762,0,0,Rounds 6-7,0,0.42212981165436836,19,17.355371900826448,28.78787878787879
2023,CB,Secondary,Sun Belt,74.0,200,9.75,78.125,4.48,37.0,13,124.0,6.83,4.3,1,-6.531,40.095,54.955,32.539,40.387,0,0,Undrafted,1,0.4194680022986238,20,17.768595041322314,30.303030303030305
2025,OT,OL,ACC,80.125,316,10.375,81.0,5.21,24.5,22,106.0,7.71,4.7,1,4.829,61.35,56.657,64.403,40.228,0,0,Rounds 2-3,0,0.41425542976718477,20,18.181818181818183,30.303030303030305
2025,WR,Skill,Big 12,72.625,186,10.5,76.625,4.7,33.0,14,121.0,7.02,4.97,1,6.204,57.272,59.502,48.684,59.274,1,0,Undrafted,1,0.41287540564459835,21,18.59504132231405,31.818181818181817
2025,WR,Skill,SEC,71.0,191,9.5,76.375,4.29,27.78,11,115.1,6.65,4.03,1,26.107,88.25,73.85,92.32,35.538,0,0,Round 1,0,0.4126360303372859,21,19.00826446280992,31.818181818181817
2025,TE,Skill,Big 12,74.0,236,10.5,76.75,5.45,43.0,11,113.3,8.19,4.03,0,5.029,60.487,30.282,79.81,59.786,0,0,Undrafted,1,0.4094107980165417,22,19.421487603305785,33.33333333333333
2023,TE,Skill,ACC,75.75,247,8.75,79.375,4.7,35.5,20,115.0,7.42,4.3,1,7.586,64.28,73.512,49.277,46.02,0,0,Undrafted,1,0.409281251805391,23,19.834710743801654,34.84848484848485
2025,IOL,OL,Big Ten,77.75,309,10.0,77.125,5.45,28.5,33,110.0,7.78,4.63,1,11.144,70.238,48.063,74.759,71.573,0,0,Rounds 6-7,0,0.4056083070336277,23,20.24793388429752,34.84848484848485
2025,DL,DL,Big 12,75.5,308,10.5,78.75,5.03,28.5,24,93.0,8.19,4.03,1,5.029,60.487,30.282,79.81,59.786,0,0,Undrafted,1,0.4005177725492033,24,20.66115702479339,36.36363636363637
2024,RB,Skill,Big 12,67.375,202,9.75,70.75,4.61,33.5,22,116.0,6.87,4.23,1,9.511,59.244,64.411,51.426,45.245,0,0,Undrafted,1,0.3933130011769269,25,21.074380165289256,37.878787878787875
2023,TE,Skill,Big 12,75.5,241,9.75,79.125,4.68,32.0,20,117.0,7.3,4.36,1,9.969,66.271,71.907,54.872,48.16,0,0,Rounds 6-7,0,0.3883351029101362,25,21.487603305785125,37.878787878787875
2024,IOL,OL,SEC,75.5,302,10.5,81.5,5.13,26.5,27,111.0,7.67,4.58,1,15.36,75.057,65.814,76.34,50.751,0,0,Rounds 4-5,0,0.38743613084203365,25,21.90082644628099,37.878787878787875
2025,RB,Skill,SEC,72.0,217,9.25,76.25,4.46,36.5,33,117.1,7.28,4.03,1,14.834,76.206,60.762,80.864,51.02,0,0,Undrafted,1,0.38458690919322536,26,22.31404958677686,39.39393939393939
2023,WR,Skill,Big Ten,71.375,175,9.0,74.0,4.43,36.5,13,124.0,6.91,4.29,1,4.283,58.947,63.872,51.004,46.438,0,0,Rounds 4-5,0,0.38067722220380074,26,22.727272727272727,39.39393939393939
2023,RB,Skill,AAC,71.75,216,9.25,75.0,4.41,35.5,20,124.0,6.83,4.31,1,-4.107,43.074,50.493,42.491,37.352,0,0,Undrafted,1,0.3803057860715463,27,23.140495867768596,40.909090909090914
2023,C,OL,SEC,75.0,306,9.75,79.625,5.26,32.5,20,111.0,7.52,4.43,1,6.93,62.299,69.2,48.112,56.255,0,0,Rounds 4-5,0,0.37687705047513753,27,23.553719008264462,40.909090909090914
2024,TE,Skill,SEC,75.0,240,9.375,78.75,4.64,32.5,28,121.0,7.09,4.54,1,6.054,55.105,53.866,54.724,48.937,0,0,Undrafted,1,0.37559307523488683,28,23.96694214876033,42.42424242424242
2024,RB,Skill,SEC,69.625,207,9.5,73.0,4.56,32.5,22,114.0,6.95,4.24,1,24.777,87.417,88.149,74.455,48.128,1,0,Undrafted,1,0.37457414079987317,29,24.380165289256198,43.93939393939394
2023,RB,Skill,SEC,72.25,204,9.0,76.375,4.62,35.5,20,122.0,7.11,4.57,1,29.908,93.511,90.791,87.647,45.406,0,0,Rounds 6-7,0,0.3741006973703096,29,24.793388429752067,43.93939393939394
2025,WR,Skill,SEC,76.625,205,9.5,79.0,4.3,33.0,20,126.0,7.05,4.03,1,20.786,83.706,67.16,87.119,52.677,0,0,Rounds 4-5,0,0.3735536037646935,29,25.206611570247933,43.93939393939394
2025,WR,Skill,Big 12,73.25,214,9.0,75.0,4.52,34.5,19,125.0,6.84,4.21,1,8.023,67.255,69.28,58.063,52.483,0,0,Rounds 2-3,0,0.37289817142054127,29,25.6198347107438,43.93939393939394
2023,EDGE,DL,Sun Belt,76.5,248,10.0,81.25,4.67,29.0,23,116.0,7.35,4.44,1,-2.136,45.745,34.883,52.541,66.931,0,0,Rounds 6-7,0,0.370841700230811,29,26.033057851239672,43.93939393939394
2024,CB,Secondary,SEC,71.375,179,8.625,74.625,4.44,33.5,15,123.0,6.94,4.58,1,15.277,78.168,79.322,67.958,47.09,0,0,Rounds 4-5,0,0.3693363670438571,29,26.446280991735538,43.93939393939394
2024,C,OL,ACC,75.0,308,10.0,79.0,5.09,29.5,28,108.0,7.41,4.01,1,8.778,68.7,63.774,63.667,60.347,0,0,Rounds 6-7,0,0.36901466231723234,29,26.859504132231404,43.93939393939394
2024,C,OL,Big Ten,73.5,298,9.0,78.25,5.23,29.5,25,101.0,7.33,4.5,1,27.625,94.395,88.226,91.352,54.858,0,0,Undrafted,1,0.36658225326465366,30,27.27272727272727,45.45454545454545
2024,DL,DL,SEC,74.375,286,9.625,78.25,5.06,29.5,27,103.0,6.81,4.6,1,8.916,67.536,49.076,72.965,65.063,0,0,Rounds 6-7,0,0.3639326674814196,30,27.685950413223143,45.45454545454545
2023,EDGE,DL,Mountain West,76.0,276,9.0,77.375,4.74,34.0,24,118.0,7.5,4.52,1,-5.871,37.879,45.968,41.711,27.738,0,0,Rounds 4-5,0,0.3547060992991219,30,28.09917355371901,45.45454545454545
2024,RB,Skill,ACC,71.0,206,9.625,74.125,4.51,35.0,22,122.0,6.82,4.23,0,13.892,72.489,48.101,90.04,37.087,1,0,Rounds 4-5,0,0.352904092646382,30,28.512396694214875,45.45454545454545
2025,WR,Skill,SEC,71.25,196,9.125,72.5,4.37,36.5,14,119.0,6.65,4.36,1,20.608,84.235,76.596,81.866,47.73,1,0,Rounds 4-5,0,0.3498040383718708,30,28.92561983471074,45.45454545454545
2023,RB,Skill,Big 12,71.0,215,9.375,78.5,4.54,34.5,20,121.0,6.96,4.43,0,14.378,80.5,80.39,69.518,54.974,0,0,Rounds 2-3,0,0.34590279474065855,30,29.338842975206614,45.45454545454545
2023,EDGE,DL,SEC,75.875,250,9.25,80.75,4.82,33.0,24,115.0,7.22,4.44,1,7.555,60.994,69.396,49.078,49.533,0,0,Undrafted,1,0.34414269981136725,31,29.75206611570248,46.96969696969697
2024,CB,Secondary,SEC,72.0,183,8.5,73.75,4.38,34.5,15,125.0,6.94,4.55,1,15.302,75.391,76.693,64.536,49.591,0,0,Rounds 4-5,0,0.3434785335382817,31,30.165289256198346,46.96969696969697
2024,EDGE,DL,AAC,76.5,260,9.5,79.375,4.65,34.5,23,121.0,7.17,4.36,0,-14.993,22.913,17.6,42.495,39.432,0,0,Undrafted,1,0.34314321773792367,32,30.57851239669421,48.484848484848484
2023,CB,Secondary,FBS Independent,72.375,202,9.0,74.75,4.62,30.5,17,118.0,7.08,4.23,1,12.6,69.601,59.985,66.897,66.833,0,0,Undrafted,1,0.3428173912983996,33,30.991735537190085,50.0
2023,IOL,OL,ACC,74.25,303,9.5,81.0,4.99,28.5,20,108.0,7.7,4.81,1,17.553,74.958,64.744,77.07,48.641,0,0,Rounds 4-5,0,0.3347643347280783,33,31.40495867768595,50.0
2024,IOL,OL,Big Ten,76.125,308,9.875,80.625,5.01,26.5,28,112.0,7.64,4.61,1,8.085,66.299,64.78,61.709,49.654,0,0,Undrafted,1,0.33454520174199365,34,31.818181818181817,51.515151515151516
2025,LB,LB,ACC,73.875,233,9.375,75.375,4.6,40.0,26,125.0,7.28,4.03,1,4.302,57.687,45.477,64.264,58.117,0,0,Rounds 4-5,0,0.3344138093350211,34,32.231404958677686,51.515151515151516
2025,IOL,OL,SEC,78.5,308,10.375,79.25,4.97,32.0,11,113.0,7.38,4.03,1,22.091,82.861,79.935,73.308,59.572,1,0,Rounds 2-3,0,0.33434192253726636,34,32.64462809917356,51.515151515151516
2023,LB,LB,ACC,72.5,226,10.625,78.875,4.56,33.0,19,119.0,7.35,4.4,1,7.918,61.732,46.268,72.6,50.534,0,0,Rounds 4-5,0,0.3323410969835511,34,33.057851239669425,51.515151515151516
2025,WR,Skill,FBS Independent,75.0,201,9.5,79.5,4.49,38.37,19,123.0,7.02,4.42,0,25.305,88.314,78.053,88.226,42.499,0,0,Undrafted,1,0.32947552827854865,35,33.47107438016529,53.03030303030303
2024,LB,LB,Big 12,74.375,240,9.5,74.375,4.62,33.5,18,121.0,7.44,4.44,1,23.196,86.583,76.615,83.977,60.972,1,0,Rounds 6-7,0,0.32844680803076154,35,33.88429752066116,53.03030303030303
2023,OT,OL,Mountain West,77.75,309,10.75,83.625,5.24,28.5,20,104.0,7.52,4.52,1,3.797,52.954,41.976,64.425,46.27,0,0,Undrafted,1,0.32707834337240826,36,34.29752066115703,54.54545454545454
2023,RB,Skill,Big Ten,70.125,209,9.25,74.375,4.47,37.0,20,123.0,6.9,4.38,1,-7.588,30.34,26.742,42.636,51.301,0,0,Rounds 6-7,0,0.32672309407083,36,34.710743801652896,54.54545454545454
2023,OT,OL,SEC,77.0,306,10.0,81.125,5.15,30.0,20,108.0,7.6,4.69,0,7.555,60.994,69.396,49.078,49.533,0,0,Undrafted,1,0.3253517805598427,37,35.12396694214876,56.060606060606055
2025,WR,Skill,ACC,73.75,206,10.0,78.375,4.44,38.5,33,127.0,6.7,4.31,1,-5.299,38.36,36.975,39.874,65.408,0,0,Rounds 4-5,0,0.3233410270496332,37,35.53719008264463,56.060606060606055
2023,K,Special Teams,Big Ten,73.0,209,9.5,75.875,4.58,34.0,20,121.0,7.27,4.44,0,23.62,85.085,79.485,79.2,57.128,1,0,Rounds 4-5,0,0.32272926917388245,37,35.9504132231405,56.060606060606055
2025,RB,Skill,Big Ten,68.25,211,9.0,72.0,4.6,34.5,11,115.7,7.58,4.97,1,3.857,55.405,64.09,40.753,58.771,0,0,Rounds 6-7,0,0.32266896074398554,37,36.36363636363637,56.060606060606055
2025,WR,Skill,Big 12,76.125,214,9.125,80.0,4.47,39.0,11,128.0,7.75,4.03,1,10.15,66.812,63.385,63.427,52.51,0,0,Rounds 2-3,0,0.3180654767438089,37,36.77685950413223,56.060606060606055
2024,LB,LB,Big Ten,74.25,238,9.375,77.5,4.62,34.5,18,119.0,7.4,4.38,0,27.625,94.395,88.226,91.352,54.858,0,0,Rounds 2-3,0,0.3175102349089446,37,37.1900826446281,56.060606060606055
2024,CB,Secondary,SEC,73.0,196,8.5,74.125,4.49,38.0,15,126.0,6.94,4.25,0,14.091,72.034,66.494,68.45,54.522,1,0,Rounds 6-7,0,0.31691766043491076,37,37.60330578512397,56.060606060606055
2023,RB,Skill,Pac-12,70.0,201,9.25,70.25,4.46,35.5,20,122.0,7.16,4.61,0,13.164,77.414,90.693,44.38,43.862,0,0,Undrafted,1,0.3149720717950646,38,38.01652892561984,57.57575757575758
2024,CB,Secondary,MVFC,70.875,195,9.375,74.0,4.5,35.5,13,118.0,6.88,3.98,1,10.639,66.998,59.904,66.911,53.148,0,0,Rounds 6-7,0,0.3142265260381766,38,38.429752066115704,57.57575757575758
2023,CB,Secondary,SEC,73.75,207,8.5,74.125,4.36,33.5,15,122.0,6.89,4.3,1,29.908,93.511,90.791,87.647,45.406,0,0,Rounds 4-5,0,0.3117499436816912,38,38.84297520661157,57.57575757575758
2025,CB,Secondary,Big Ten,72.5,213,9.0,79.5,4.38,30.44,11,116.6,8.12,4.97,0,6.154,64.984,58.011,69.664,41.381,0,0,Undrafted,1,0.30948787940143585,39,39.25619834710744,59.09090909090909
2025,DL,DL,Big Ten,75.75,306,10.0,82.625,5.09,28.0,11,103.0,8.19,4.03,1,-0.535,43.23,46.603,47.026,35.755,0,0,Rounds 6-7,0,0.30864740247017075,39,39.66942148760331,59.09090909090909
2025,TE,Skill,Big Ten,77.75,251,10.0,78.375,5.42,35.0,11,120.0,7.18,4.47,1,11.144,70.238,48.063,74.759,71.573,0,0,Rounds 6-7,0,0.3078638005028377,39,40.082644628099175,59.09090909090909
2025,WR,Skill,SEC,70.0,185,9.25,75.625,4.4,33.5,11,120.0,6.9,4.03,1,22.091,82.861,79.935,73.308,59.572,1,0,Rounds 6-7,0,0.3070137724571923,39,40.49586776859504,59.09090909090909
2023,DL,DL,SEC,77.625,310,9.5,80.875,4.88,31.0,22,110.0,7.5,4.73,1,7.555,60.994,69.396,49.078,49.533,0,0,Rounds 2-3,0,0.30517417694654103,39,40.909090909090914,59.09090909090909
2023,C,OL,Big Ten,75.25,301,10.25,81.75,5.22,32.0,20,102.0,7.75,4.82,1,19.477,82.964,71.335,83.462,50.595,0,0,Rounds 2-3,0,0.3038615672431232,39,41.32231404958678,59.09090909090909
2024,WR,Skill,ACC,73.0,212,10.125,79.375,4.43,39.5,19,122.0,6.85,4.1,1,-0.369,43.622,32.282,60.013,38.896,0,0,Rounds 6-7,0,0.3028171895127847,39,41.735537190082646,59.09090909090909
2023,RB,Skill,Pac-12,72.375,237,9.25,76.0,4.74,30.0,20,118.0,6.84,4.32,1,19.146,79.905,74.866,74.068,53.378,0,0,Undrafted,1,0.30122767343611045,40,42.14876033057851,60.60606060606061
2023,WR,Skill,AAC,73.5,224,10.25,78.5,4.56,36.0,20,125.0,6.96,4.29,0,1.775,54.675,70.734,39.058,37.309,0,0,Undrafted,1,0.300091226598895,41,42.561983471074385,62.121212121212125
2025,S,Secondary,Mountain West,70.625,202,9.5,75.25,4.41,41.5,18,128.0,6.65,4.14,1,-8.417,32.498,47.2,30.419,32.833,0,0,Rounds 6-7,0,0.29960375508695514,41,42.97520661157025,62.121212121212125
2023,EDGE,DL,Sun Belt,74.25,236,9.5,80.625,4.58,35.5,23,120.0,7.07,4.45,1,0.411,45.95,62.053,35.887,34.024,0,0,Rounds 6-7,0,0.29862793225344875,41,43.388429752066116,62.121212121212125
2023,WR,Skill,SEC,76.0,229,10.0,83.375,4.55,35.5,18,126.0,6.97,4.29,1,7.555,60.994,69.396,49.078,49.533,0,0,Rounds 4-5,0,0.2980289568952621,41,43.80165289256198,62.121212121212125
2023,OT,OL,Big 12,77.75,309,9.5,80.75,5.05,31.0,20,111.0,7.6,4.69,1,3.37,60.21,82.028,38.063,37.048,0,0,Undrafted,1,0.29646847117602604,42,44.214876033057855,63.63636363636363
2024,WR,Skill,Pac-12,74.375,208,9.625,78.0,4.5,36.5,13,119.0,6.86,4.12,1,13.091,69.753,82.697,42.068,66.367,0,0,Rounds 6-7,0,0.2951756868545242,42,44.62809917355372,63.63636363636363
2023,LB,LB,Big 12,74.625,229,9.5,78.125,4.56,34.0,15,124.0,6.62,4.33,1,19.379,79.1,73.758,70.57,66.449,1,0,Rounds 2-3,0,0.2941430456828439,42,45.04132231404959,63.63636363636363
2025,CB,Secondary,Big 12,70.25,191,8.375,72.625,4.41,43.0,15,123.2,6.9,4.03,1,5.283,53.294,60.369,50.721,32.002,0,0,Rounds 4-5,0,0.29363282364118337,42,45.45454545454545,63.63636363636363
2023,RB,Skill,AAC,67.875,179,9.25,74.75,4.37,38.0,20,126.0,7.33,4.77,1,1.775,54.675,70.734,39.058,37.309,0,0,Undrafted,1,0.2935599315510684,43,45.867768595041326,65.15151515151516
2023,TE,Skill,SEC,76.0,242,9.5,79.125,4.67,35.5,21,120.0,7.36,4.32,0,27.296,89.526,85.539,81.093,61.676,1,0,Rounds 4-5,0,0.2927014446397632,43,46.28099173553719,65.15151515151516
2025,EDGE,DL,Big 12,75.75,242,9.0,81.25,5.45,32.5,21,124.0,6.65,4.97,1,9.105,70.789,70.321,56.691,72.021,0,0,Undrafted,1,0.29057196484597503,44,46.69421487603306,66.66666666666666
2024,QB,Skill,Big Ten,74.5,219,9.0,75.875,4.81,32.5,17,114.0,6.82,4.23,1,27.625,94.395,88.226,91.352,54.858,0,0,Round 1,0,0.2892407493196413,44,47.107438016528924,66.66666666666666
2025,LB,LB,Big Ten,76.625,239,9.0,82.375,4.28,43.0,33,123.2,7.59,4.2,0,3.857,55.405,64.09,40.753,58.771,0,0,Undrafted,1,0.28618366369732884,45,47.5206611570248,68.18181818181817
2024,CB,Secondary,ACC,70.75,186,8.75,78.25,4.45,38.5,15,124.0,7.12,4.35,1,-0.369,43.622,32.282,60.013,38.896,0,0,Rounds 6-7,0,0.2841513923037816,45,47.93388429752066,68.18181818181817
2025,TE,Skill,SEC,77.0,241,9.75,79.5,4.84,30.0,33,129.3,7.15,4.4,1,26.107,88.25,73.85,92.32,35.538,0,0,Rounds 4-5,0,0.28255282650043534,45,48.34710743801653,68.18181818181817
2025,WR,Skill,SEC,72.125,179,9.0,77.0,4.36,38.0,20,127.0,6.82,4.19,1,22.091,82.861,79.935,73.308,59.572,1,0,Rounds 4-5,0,0.27999977143620436,45,48.760330578512395,68.18181818181817
2025,CB,Secondary,ACC,70.75,189,8.75,75.0,4.45,37.75,11,122.3,6.65,4.97,1,4.302,57.687,45.477,64.264,58.117,0,0,Rounds 6-7,0,0.2795034881010494,45,49.17355371900827,68.18181818181817
2025,WR,Skill,Big 12,68.125,174,8.625,74.5,4.46,38.0,27,128.0,6.65,4.41,1,12.691,74.938,72.644,69.84,45.06,0,0,Rounds 6-7,0,0.2791626167055177,45,49.586776859504134,68.18181818181817
2024,DL,DL,ACC,75.5,303,9.0,80.625,5.12,30.0,27,109.0,7.81,4.75,1,11.169,68.436,66.666,63.176,51.762,0,0,Undrafted,1,0.2787556689556816,46,50.0,69.6969696969697
2023,IOL,OL,Pac-12,76.0,303,10.125,81.25,5.01,32.5,20,114.0,7.31,4.45,1,8.553,65.594,81.525,44.786,34.94,0,0,Rounds 4-5,0,0.27740127046834817,46,50.413223140495866,69.6969696969697
2025,DL,DL,SEC,75.25,319,9.5,81.25,5.14,27.0,28,108.0,7.68,4.97,1,8.19,65.787,60.714,66.155,45.94,0,0,Undrafted,1,0.27720571871218014,47,50.82644628099173,71.21212121212122
2023,QB,Skill,Pac-12,73.625,203,9.875,74.75,4.56,32.5,20,121.0,7.28,4.44,1,8.553,65.594,81.525,44.786,34.94,0,0,Rounds 4-5,0,0.27673343853560883,47,51.2396694214876,71.21212121212122
2025,S,Secondary,SEC,71.25,186,9.0,75.375,4.45,40.36,17,121.4,6.65,4.03,1,26.107,88.25,73.85,92.32,35.538,0,0,Rounds 2-3,0,0.2748271260622698,47,51.652892561983464,71.21212121212122
2023,WR,Skill,AAC,68.625,182,8.625,70.375,4.4,37.5,14,124.0,6.92,4.29,1,6.451,60.989,44.607,64.989,69.829,0,0,Rounds 4-5,0,0.27379014633445964,47,52.066115702479344,71.21212121212122
2024,IOL,OL,MVFC,76.25,309,10.0,81.625,5.08,35.5,31,117.0,7.59,4.45,1,12.286,67.318,67.025,63.252,53.648,0,0,Rounds 4-5,0,0.2695293170877969,47,52.47933884297521,71.21212121212122
2024,LB,LB,Big Ten,71.375,233,8.5,78.0,4.62,34.5,18,119.0,7.26,4.63,0,27.625,94.395,88.226,91.352,54.858,0,0,Rounds 6-7,0,0.2686856995939646,47,52.892561983471076,71.21212121212122
2025,RB,Skill,ACC,71.75,221,9.375,74.75,4.46,38.0,18,130.0,6.75,4.4,1,2.602,50.555,55.402,46.067,47.749,0,0,Round 1,0,0.26575910267261693,47,53.30578512396694,71.21212121212122
2025,CB,Secondary,CAA,73.25,209,9.5,78.125,4.56,32.92,11,124.0,6.65,4.97,1,10.737,66.313,60.06,66.447,50.291,0,0,Undrafted,1,0.2651828081594684,48,53.71900826446281,72.72727272727273
2025,WR,Skill,SEC,74.5,209,10.0,78.5,4.33,42.99,14,123.6,6.65,4.03,0,20.786,83.706,67.16,87.119,52.677,0,0,Undrafted,1,0.2631953919378892,49,54.132231404958674,74.24242424242425
2025,RB,Skill,SEC,68.75,198,9.5,70.5,4.42,35.0,15,124.0,6.65,4.03,1,22.091,82.861,79.935,73.308,59.572,1,0,Rounds 4-5,0,0.26198417506681027,49,54.54545454545454,74.24242424242425
2024,IOL,OL,Big Ten,76.125,309,10.625,84.75,5.15,29.5,28,109.0,7.7,4.61,0,27.625,94.395,88.226,91.352,54.858,0,0,Rounds 6-7,0,0.2605603028775738,49,54.958677685950406,74.24242424242425
2023,EDGE,DL,ACC,76.0,238,8.625,78.875,4.61,34.5,22,123.0,7.22,4.45,1,6.195,60.099,78.452,30.968,61.95,0,0,Undrafted,1,0.2603593864871454,50,55.371900826446286,75.75757575757575
2025,DL,DL,Big Ten,74.875,299,10.125,78.625,4.28,24.5,33,93.0,8.19,4.97,0,24.823,87.333,80.443,83.601,49.523,1,0,Rounds 4-5,0,0.2598978290411561,50,55.78512396694215,75.75757575757575
2025,CB,Secondary,Big Ten,72.125,195,8.5,76.125,4.42,29.5,24,121.7,6.65,4.03,0,24.823,87.333,80.443,83.601,49.523,1,0,Rounds 6-7,0,0.25851405065232946,50,56.19834710743802,75.75757575757575
2025,RB,Skill,Big 12,69.5,219,9.375,73.875,4.65,39.5,17,123.0,7.37,4.97,1,11.793,78.233,79.692,66.688,47.348,0,0,Rounds 4-5,0,0.25501533439677626,50,56.611570247933884,75.75757575757575
2024,IOL,OL,Big 12,76.5,313,10.75,84.0,4.99,34.0,30,114.0,7.58,4.54,1,9.511,59.244,64.411,51.426,45.245,0,0,Rounds 2-3,0,0.2547762577802617,50,57.02479338842975,75.75757575757575
2023,WR,Skill,Big Ten,71.25,201,8.625,76.75,4.42,33.0,20,127.0,7.01,4.47,1,7.842,61.934,61.039,57.849,51.968,0,0,Undrafted,1,0.2497185224233378,51,57.438016528925615,77.27272727272727
2025,WR,Skill,Big Ten,74.125,205,9.75,78.5,4.57,32.0,12,123.0,7.04,4.54,1,21.125,85.854,85.403,73.779,53.859,1,0,Undrafted,1,0.24930992314439349,52,57.85123966942148,78.78787878787878
2023,QB,Skill,AAC,74.5,220,9.375,75.625,4.64,37.5,20,122.0,6.89,4.25,1,4.061,51.527,62.603,38.496,54.875,0,0,Rounds 4-5,0,0.24824736791755975,52,58.26446280991735,78.78787878787878
2024,CB,Secondary,Pac-12,69.75,184,9.125,72.375,4.54,34.5,18,125.0,7.05,4.32,1,3.221,62.169,54.667,62.054,59.872,0,0,Rounds 4-5,0,0.24784527675921675,52,58.67768595041323,78.78787878787878
2024,S,Secondary,Big Ten,73.5,199,8.75,78.0,4.55,32.5,13,121.0,7.03,5.07,1,27.485,89.569,83.397,86.658,44.2,1,0,Undrafted,1,0.24768984135723515,53,59.09090909090909,80.3030303030303
2025,RB,Skill,Big Ten,69.5,205,9.5,73.75,4.55,37.18,33,115.6,7.03,4.03,1,21.125,85.854,85.403,73.779,53.859,1,0,Rounds 4-5,0,0.2464785121239188,53,59.50413223140496,80.3030303030303
2023,CB,Secondary,ACC,72.0,198,9.625,77.625,4.45,38.5,12,125.0,7.09,4.41,1,-0.466,39.09,36.049,46.919,51.41,0,0,Rounds 2-3,0,0.24418596354310773,53,59.917355371900825,80.3030303030303
2023,TE,Skill,Pac-12,76.0,246,10.25,78.375,4.67,35.0,21,120.0,7.37,4.3,0,19.146,79.905,74.866,74.068,53.378,0,0,Round 1,0,0.24410323188614136,53,60.33057851239669,80.3030303030303
2025,CB,Secondary,Big 12,74.875,195,9.0,80.0,4.3,36.5,11,131.0,6.71,4.04,1,10.15,66.812,63.385,63.427,52.51,0,0,Rounds 2-3,0,0.23988678651978268,53,60.74380165289256,80.3030303030303
2023,EDGE,DL,Pac-12,76.0,260,9.0,80.125,4.49,32.0,28,110.0,7.37,4.44,1,14.225,78.17,81.614,63.631,42.699,0,0,Rounds 2-3,0,0.23734874919491,53,61.15702479338842,80.3030303030303
2025,WR,Skill,Big Ten,70.75,193,9.0,74.75,4.76,37.82,12,130.0,6.78,4.07,1,9.315,68.599,55.808,75.809,45.723,0,0,Rounds 6-7,0,0.23563602974790587,53,61.57024793388429,80.3030303030303
2023,WR,Skill,ACC,69.0,179,9.25,73.375,4.48,38.5,13,131.0,6.91,4.29,1,6.195,60.099,78.452,30.968,61.95,0,0,Rounds 2-3,0,0.2349059758481452,53,61.98347107438017,80.3030303030303
2024,TE,Skill,Pac-12,75.125,231,9.25,78.5,4.47,35.0,28,121.0,6.99,4.39,1,17.544,82.666,86.101,64.802,60.593,0,0,Rounds 6-7,0,0.23458286783902338,53,62.396694214876035,80.3030303030303
2023,WR,Skill,FBS Independent,68.0,179,8.75,72.5,4.44,39.5,14,134.0,6.92,4.29,1,-3.902,44.748,35.822,54.191,53.85,0,0,Rounds 6-7,0,0.2344581134072674,53,62.8099173553719,80.3030303030303
2024,CB,Secondary,SEC,71.75,190,8.875,77.625,4.46,40.5,15,129.0,6.94,4.19,1,6.054,55.105,53.866,54.724,48.937,0,0,Rounds 6-7,0,0.23268718298841773,53,63.22314049586777,80.3030303030303
2024,CB,Secondary,SEC,71.5,186,8.875,73.75,4.52,37.0,15,126.0,6.62,4.12,1,24.777,87.417,88.149,74.455,48.128,1,0,Rounds 2-3,0,0.23114910670116096,53,63.63636363636363,80.3030303030303
2023,OT,OL,ACC,76.0,309,10.0,82.75,5.15,29.5,20,108.0,7.6,4.69,0,6.195,60.099,78.452,30.968,61.95,0,0,Rounds 6-7,0,0.2291603925613781,53,64.0495867768595,80.3030303030303
2025,EDGE,DL,Big 12,77.625,271,9.375,81.0,4.78,34.0,27,120.0,7.21,4.54,1,9.307,74.278,67.062,70.631,58.08,0,0,Undrafted,1,0.22874516535021672,54,64.46280991735537,81.81818181818183
2024,TE,Skill,Big 12,75.875,245,10.125,78.25,4.69,35.0,28,121.0,7.04,4.32,1,23.196,86.583,76.615,83.977,60.972,1,0,Rounds 4-5,0,0.22866389256343977,54,64.87603305785123,81.81818181818183
2025,TE,Skill,SEC,76.125,239,10.125,83.0,4.65,38.0,33,124.0,7.22,4.4,1,14.834,76.206,60.762,80.864,51.02,0,0,Undrafted,1,0.22583289287220853,55,65.28925619834712,83.33333333333334
2023,WR,Skill,SEC,73.75,220,10.375,75.75,4.46,39.5,22,129.0,6.96,4.29,1,12.342,68.271,72.487,57.125,45.454,0,0,Rounds 2-3,0,0.22371269168392305,55,65.70247933884298,83.33333333333334
2023,TE,Skill,SEC,78.625,264,11.0,83.75,4.64,31.0,21,122.0,6.75,4.08,1,29.908,93.511,90.791,87.647,45.406,0,0,Rounds 2-3,0,0.2236686788912322,55,66.11570247933885,83.33333333333334
2024,S,Secondary,SEC,70.5,198,9.0,73.875,4.47,37.0,17,123.0,7.03,5.04,1,24.777,87.417,88.149,74.455,48.128,1,0,Rounds 2-3,0,0.21876540707886838,55,66.52892561983471,83.33333333333334
2024,EDGE,DL,Pac-12,75.875,264,9.75,78.75,4.69,33.5,21,114.0,7.07,4.48,1,3.221,62.169,54.667,62.054,59.872,0,0,Rounds 4-5,0,0.21836571602685773,55,66.94214876033058,83.33333333333334
2024,OT,OL,MEAC,79.75,353,9.75,85.5,5.35,27.5,31,105.0,7.5,4.41,1,10.624,67.994,66.593,60.836,53.823,0,0,Undrafted,1,0.21805943265453276,56,67.35537190082644,84.84848484848484
2023,CB,Secondary,AAC,72.0,195,9.5,78.0,4.53,37.5,15,125.0,6.97,4.52,1,4.061,51.527,62.603,38.496,54.875,0,0,Rounds 6-7,0,0.21760976119054043,56,67.76859504132231,84.84848484848484
2024,CB,Secondary,Big Ten,71.125,185,8.875,75.625,4.39,34.5,13,120.0,6.94,4.35,1,27.625,94.395,88.226,91.352,54.858,0,0,Undrafted,1,0.21720622613555685,57,68.18181818181817,86.36363636363636
2023,DL,DL,SEC,75.0,304,10.0,82.0,5.1,29.5,24,109.0,7.6,4.79,1,13.237,75.362,59.938,76.598,66.986,0,0,Rounds 4-5,0,0.21085982803511472,57,68.59504132231406,86.36363636363636
2023,CB,Secondary,Pac-12,72.0,191,9.75,76.625,4.52,36.0,15,131.0,6.51,4.27,1,-3.917,38.149,36.614,44.176,50.17,0,0,Rounds 4-5,0,0.20941328192985142,57,69.00826446280992,86.36363636363636
2025,DL,DL,SEC,77.625,332,10.0,85.0,4.28,26.0,11,96.0,6.65,4.97,1,26.107,88.25,73.85,92.32,35.538,0,0,Rounds 2-3,0,0.20756530571312037,57,69.42148760330579,86.36363636363636
2024,WR,Skill,OVC-Big South,72.75,202,10.125,76.125,4.44,39.5,19,132.0,6.85,4.12,1,10.257,67.367,64.253,63.204,55.565,0,0,Rounds 6-7,0,0.20619504774967456,57,69.83471074380165,86.36363636363636
2023,EDGE,DL,Big 12,74.5,269,9.25,82.0,4.68,33.0,20,117.0,7.43,4.52,1,6.28,57.494,40.857,78.383,33.853,0,0,Undrafted,1,0.2057131340702798,58,70.24793388429752,87.87878787878788
2024,DL,DL,Big Ten,77.375,281,10.25,78.875,5.05,31.5,25,114.0,7.16,4.37,1,6.086,61.244,18.216,86.165,61.239,0,0,Rounds 6-7,0,0.2038676079603241,58,70.66115702479338,87.87878787878788
2023,EDGE,DL,Big Ten,76.75,250,10.75,83.375,4.74,33.5,21,118.0,7.18,4.38,1,-0.651,40.694,43.713,40.707,51.926,0,0,Rounds 6-7,0,0.20029896997204855,58,71.07438016528926,87.87878787878788
2024,DL,DL,ACC,74.375,302,10.25,79.125,4.99,32.0,27,109.0,7.95,4.75,1,8.778,68.7,63.774,63.667,60.347,0,0,Rounds 2-3,0,0.19882664610566314,58,71.48760330578511,87.87878787878788
2024,RB,Skill,Big Ten,68.5,229,9.0,69.625,4.56,36.0,22,119.0,7.25,4.26,0,27.485,89.569,83.397,86.658,44.2,1,0,Undrafted,1,0.19860072735479506,59,71.900826446281,89.39393939393939
2024,EDGE,DL,SEC,77.125,285,10.625,84.375,4.95,35.0,21,111.0,7.44,4.84,1,15.277,78.168,79.322,67.958,47.09,0,0,Round 1,0,0.1985437024899962,59,72.31404958677686,89.39393939393939
2023,CB,Secondary,Big Ten,71.375,203,10.125,75.75,4.65,32.5,18,119.0,7.03,4.21,1,19.477,82.964,71.335,83.462,50.595,0,0,Rounds 2-3,0,0.19546937414692522,59,72.72727272727273,89.39393939393939
2025,TE,Skill,SEC,75.0,274,9.625,78.25,4.91,34.0,26,119.0,7.34,4.45,1,23.933,85.057,77.281,79.955,59.628,1,0,Rounds 6-7,0,0.194602336243767,59,73.14049586776859,89.39393939393939
2025,DL,DL,ACC,77.5,321,10.25,85.125,5.14,34.5,11,111.0,6.65,4.03,1,7.402,66.705,72.242,58.501,35.797,0,0,Rounds 6-7,0,0.1945173530523272,59,73.55371900826447,89.39393939393939
2024,S,Secondary,SEC,71.625,179,9.875,76.625,4.45,39.5,13,133.0,7.22,5.94,1,8.916,67.536,49.076,72.965,65.063,0,0,Rounds 6-7,0,0.19426224374216594,59,73.96694214876032,89.39393939393939
2023,OT,OL,Big Ten,77.625,306,9.375,79.125,5.1,31.5,20,113.0,7.6,4.69,1,7.842,61.934,61.039,57.849,51.968,0,0,Rounds 6-7,0,0.19323093514247447,59,74.3801652892562,89.39393939393939
2025,DL,DL,Big Ten,77.125,288,10.0,79.0,4.83,33.5,28,119.0,7.58,4.5,1,6.154,64.984,58.011,69.664,41.381,0,0,Rounds 4-5,0,0.19023987814302024,59,74.79338842975206,89.39393939393939
2025,EDGE,DL,SEC,77.875,274,9.125,82.75,5.45,24.5,30,138.0,8.19,4.97,0,20.608,84.235,76.596,81.866,47.73,1,0,Undrafted,1,0.18710633540868304,60,75.20661157024794,90.9090909090909
2023,WR,Skill,Big Ten,70.0,204,10.125,72.0,4.52,35.5,16,123.0,6.94,4.29,1,19.477,82.964,71.335,83.462,50.595,0,0,Rounds 6-7,0,0.18641466714803478,60,75.6198347107438,90.9090909090909
2025,EDGE,DL,ACC,74.5,248,9.25,82.75,4.28,35.5,22,119.0,6.94,4.19,1,4.829,61.35,56.657,64.403,40.228,0,0,Rounds 2-3,0,0.17966064766324752,60,76.03305785123968,90.9090909090909
2024,S,Secondary,Pac-12,74.375,215,10.0,79.875,4.51,39.0,16,122.0,6.83,4.14,1,17.544,82.666,86.101,64.802,60.593,0,0,Rounds 6-7,0,0.1768614918976038,60,76.44628099173553,90.9090909090909
2024,RB,Skill,FBS Independent,71.375,221,10.25,76.5,4.71,38.0,23,125.0,7.0,4.25,1,20.776,83.947,78.304,77.941,57.082,1,0,Rounds 4-5,0,0.17579639443854056,60,76.85950413223141,90.9090909090909
2023,CB,Secondary,Big Ten,72.0,205,9.25,77.125,4.62,35.5,18,118.0,6.99,4.17,1,7.409,67.111,21.369,88.288,70.495,0,0,Undrafted,1,0.17561372918330775,61,77.27272727272727,92.42424242424242
2025,LB,LB,Big Ten,72.625,218,9.534,79.875,4.38,35.0,11,127.0,7.24,4.03,1,18.73,83.71,85.132,72.021,40.91,1,0,Undrafted,1,0.17295677375229268,62,77.68595041322314,93.93939393939394
2024,CB,Secondary,SEC,70.75,190,8.75,75.0,4.48,42.0,15,135.0,6.95,3.94,1,7.33,63.962,60.477,61.626,52.112,0,0,Rounds 2-3,0,0.17224887034182446,62,78.099173553719,93.93939393939394
2025,DL,DL,ACC,76.25,294,10.25,81.125,4.28,35.5,26,114.0,8.19,4.03,1,2.602,50.555,55.402,46.067,47.749,0,0,Undrafted,1,0.16868170089100287,63,78.51239669421489,95.45454545454545
2023,OT,OL,SEC,77.375,311,10.625,82.75,4.97,30.0,20,108.0,7.6,4.69,1,29.908,93.511,90.791,87.647,45.406,0,0,Round 1,0,0.16480363111667318,63,78.92561983471074,95.45454545454545
2024,OT,OL,Big 12,77.75,306,10.125,80.625,4.95,36.5,29,117.0,7.76,4.75,1,9.736,69.854,75.965,58.387,40.005,0,0,Rounds 6-7,0,0.15835297824174221,63,79.33884297520662,95.45454545454545
2025,EDGE,DL,UAC,72.875,263,9.25,77.5,4.69,35.0,26,118.0,7.15,4.39,1,12.036,70.585,65.506,67.645,49.236,0,0,Rounds 4-5,0,0.1567718358988397,63,79.75206611570248,95.45454545454545
2024,CB,Secondary,FBS Independent,75.0,202,9.375,78.875,4.5,39.5,11,130.0,7.12,4.24,1,20.776,83.947,78.304,77.941,57.082,1,0,Rounds 4-5,0,0.15617612522806035,63,80.16528925619835,95.45454545454545
2023,EDGE,DL,SEC,75.75,247,10.125,82.25,4.48,30.0,23,123.0,7.35,4.45,1,29.908,93.511,90.791,87.647,45.406,0,0,Rounds 6-7,0,0.15390253025449574,63,80.57851239669421,95.45454545454545
2024,OT,OL,FBS Independent,77.75,310,10.0,83.0,5.2,28.0,28,114.0,7.76,4.73,1,20.776,83.947,78.304,77.941,57.082,1,0,Rounds 2-3,0,0.14464593045347307,63,80.99173553719008,95.45454545454545
2024,OT,OL,Pac-12,77.0,311,10.875,81.375,5.04,28.0,27,110.0,8.02,4.72,1,11.44,73.172,77.614,56.651,58.122,0,0,Round 1,0,0.14435734623267316,63,81.40495867768594,95.45454545454545
2024,DL,DL,Big Ten,74.75,290,10.0,81.125,4.97,31.0,27,111.0,7.65,4.61,0,27.485,89.569,83.397,86.658,44.2,1,0,Rounds 2-3,0,0.14322426782685937,63,81.81818181818183,95.45454545454545
2023,CB,Secondary,Pac-12,69.0,184,9.125,70.375,4.51,33.0,18,133.0,6.51,4.32,1,19.146,79.905,74.866,74.068,53.378,0,0,Rounds 4-5,0,0.1419672301117112,63,82.23140495867769,95.45454545454545
2024,WR,Skill,Big 12,73.25,205,9.0,77.625,4.34,39.5,19,136.0,6.84,4.11,1,23.196,86.583,76.615,83.977,60.972,1,0,Rounds 2-3,0,0.14182619096681193,63,82.64462809917356,95.45454545454545
2025,EDGE,DL,ACC,76.625,258,10.0,80.25,4.62,35.5,19,121.0,6.65,4.16,1,17.338,77.097,87.084,52.889,41.286,1,0,Rounds 6-7,0,0.13821783126622544,63,83.05785123966942,95.45454545454545
2024,LB,LB,Pac-12,72.5,236,9.25,79.625,4.56,39.5,18,128.0,7.32,5.27,1,17.544,82.666,86.101,64.802,60.593,0,0,Rounds 4-5,0,0.1361246417853168,63,83.47107438016529,95.45454545454545
2023,CB,Secondary,Big Ten,72.625,193,9.5,74.125,4.45,39.0,12,127.0,6.68,4.29,1,7.409,67.111,21.369,88.288,70.495,0,0,Rounds 2-3,0,0.13588789633292087,63,83.88429752066115,95.45454545454545
2025,EDGE,DL,SEC,78.0,264,10.0,83.625,4.68,40.5,28,129.0,7.02,4.97,1,8.19,65.787,60.714,66.155,45.94,0,0,Rounds 2-3,0,0.13342851351309537,63,84.29752066115702,95.45454545454545
2024,LB,LB,Big Ten,73.375,241,10.25,77.75,4.58,35.0,18,124.0,7.45,4.74,1,25.618,85.731,66.931,89.424,64.921,1,0,Undrafted,1,0.13057497860731793,64,84.71074380165288,96.96969696969697
2023,DL,DL,Big 12,74.625,292,10.375,83.375,5.04,33.0,29,112.0,7.53,4.75,1,19.379,79.1,73.758,70.57,66.449,1,0,Rounds 6-7,0,0.12797979232236734,64,85.12396694214877,96.96969696969697
2025,WR,Skill,Big 12,76.125,219,10.0,77.875,4.68,32.15,15,121.5,6.94,4.19,0,-3.385,38.477,43.057,38.791,48.852,0,1,Round 1,0,0.12730144767941176,64,85.53719008264463,96.96969696969697
2025,RB,Skill,Big Ten,70.125,202,9.5,76.125,4.43,38.5,11,128.0,6.65,4.97,1,24.823,87.333,80.443,83.601,49.523,1,0,Rounds 2-3,0,0.12586838888974083,64,85.9504132231405,96.96969696969697
2024,OT,OL,SEC,79.75,340,11.25,86.75,5.07,25.5,30,111.0,7.46,4.41,1,24.777,87.417,88.149,74.455,48.128,1,0,Round 1,0,0.11785641130669833,64,86.36363636363636,96.96969696969697
2024,S,Secondary,Big 12,74.375,216,9.125,79.125,4.51,41.0,24,146.0,6.81,4.04,1,6.237,62.556,51.102,66.311,59.243,0,0,Undrafted,1,0.1118970052790571,65,86.77685950413223,98.48484848484848
2023,CB,Secondary,Big Ten,71.25,178,9.625,73.375,4.26,38.5,12,131.0,6.51,4.28,1,23.62,85.085,79.485,79.2,57.128,1,0,Rounds 2-3,0,0.1095089377095676,65,87.19008264462809,98.48484848484848
2025,EDGE,DL,SEC,76.0,254,9.625,81.5,4.73,30.43,23,138.0,6.65,4.97,1,14.834,76.206,60.762,80.864,51.02,0,0,Rounds 4-5,0,0.10709690084495871,65,87.60330578512396,98.48484848484848
2024,EDGE,DL,Big Ten,76.375,247,9.625,81.0,4.74,34.5,23,123.0,7.42,4.6,1,25.618,85.731,66.931,89.424,64.921,1,0,Rounds 2-3,0,0.10095263562561196,65,88.01652892561982,98.48484848484848
2025,WR,Skill,SEC,72.0,206,8.5,76.5,4.41,29.17,12,115.9,7.33,4.11,1,12.197,68.028,61.356,72.874,37.108,0,1,Rounds 2-3,0,0.10075005572480478,65,88.42975206611571,98.48484848484848
2025,EDGE,DL,SEC,76.25,243,9.5,80.125,5.05,43.0,23,138.0,8.19,4.97,0,23.933,85.057,77.281,79.955,59.628,1,0,Rounds 4-5,0,0.0952426705431142,65,88.84297520661157,98.48484848484848
2024,LB,LB,ACC,75.875,233,9.0,75.75,4.43,34.5,18,119.0,7.29,4.43,1,6.943,65.952,47.142,75.741,57.991,0,1,Rounds 4-5,0,0.09084404781742328,65,89.25619834710744,98.48484848484848
2025,CB,Secondary,Big 12,72.375,188,9.125,76.875,4.43,43.0,12,105.0,8.19,4.94,0,12.691,74.938,72.644,69.84,45.06,0,1,Round 1,0,0.09047124617050317,65,89.6694214876033,98.48484848484848
2025,LB,LB,SEC,73.0,243,10.25,79.875,4.75,24.5,11,115.3,6.88,4.03,0,22.091,82.861,79.935,73.308,59.572,1,1,Round 1,0,0.0660615820819429,65,90.08264462809917,98.48484848484848
2025,DL,DL,SEC,79.375,331,10.5,84.125,5.45,25.0,33,104.0,6.65,4.03,1,4.707,54.684,41.39,62.472,62.769,0,1,Rounds 4-5,0,0.0651033266389206,65,90.49586776859503,98.48484848484848
2025,DL,DL,SEC,75.125,290,10.25,81.125,5.45,43.0,33,138.0,6.65,4.97,0,14.297,76.763,68.737,71.579,64.836,1,0,Rounds 2-3,0,0.06204317856576613,65,90.9090909090909,98.48484848484848
2024,OT,OL,Big Ten,76.875,314,10.75,82.625,5.15,31.0,30,116.0,7.92,4.64,1,25.618,85.731,66.931,89.424,64.921,1,0,Rounds 2-3,0,0.05998470602839778,65,91.32231404958677,98.48484848484848
2025,EDGE,DL,SEC,74.75,257,10.0,80.875,4.28,35.8,15,93.0,6.65,4.03,0,14.297,76.763,68.737,71.579,64.836,1,1,Rounds 2-3,0,0.055002052045726946,65,91.73553719008265,98.48484848484848
2025,DL,DL,SEC,76.375,302,10.375,81.625,4.28,24.5,33,138.0,6.65,4.6,0,23.933,85.057,77.281,79.955,59.628,1,0,Rounds 6-7,0,0.05481033018837311,65,92.14876033057851,98.48484848484848
2024,S,Secondary,Big Ten,73.25,199,9.0,77.5,4.52,37.0,14,124.0,7.01,4.98,0,-0.564,45.156,45.237,46.429,51.196,0,1,Rounds 2-3,0,0.051978035265865086,65,92.56198347107438,98.48484848484848
2023,LB,LB,AAC,70.5,231,9.5,72.0,4.55,33.5,22,119.0,7.44,4.41,0,6.451,60.989,44.607,64.989,69.829,0,1,Undrafted,1,0.04887621590436242,66,92.97520661157024,100.0
2025,WR,Skill,SEC,74.375,205,9.5,78.25,4.54,38.5,15,125.0,6.93,4.05,1,20.608,84.235,76.596,81.866,47.73,1,1,Rounds 2-3,0,0.041146959570655506,66,93.38842975206612,100.0
2024,WR,Skill,ACC,75.25,213,9.375,78.125,4.61,38.0,15,127.0,6.84,4.1,1,19.915,83.68,70.051,84.429,58.266,0,1,Rounds 2-3,0,0.03842950560228353,66,93.80165289256198,100.0
2024,QB,Skill,Pac-12,74.25,216,10.5,81.0,4.79,32.5,17,112.0,7.04,4.26,0,17.544,82.666,86.101,64.802,60.593,0,1,Round 1,0,0.03653519800387939,66,94.21487603305785,100.0
2025,IOL,OL,Big Ten,75.625,315,9.75,83.75,4.28,24.5,11,102.1,6.65,4.03,0,24.823,87.333,80.443,83.601,49.523,1,1,Round 1,0,0.032590699048122174,66,94.62809917355372,100.0
2025,RB,Skill,ACC,71.625,217,9.5,75.25,4.51,35.0,33,124.0,6.95,4.97,1,17.338,77.097,87.084,52.889,41.286,1,1,Rounds 6-7,0,0.032404215029449124,66,95.0413223140496,100.0
2023,EDGE,DL,ACC,77.0,268,8.5,81.25,4.62,32.0,25,117.0,7.36,4.44,1,17.553,74.958,64.744,77.07,48.641,0,1,Round 1,0,0.03018512348537683,66,95.45454545454545,100.0
2023,DL,DL,SEC,75.0,314,10.25,81.0,5.13,29.0,25,106.0,7.65,4.82,0,29.908,93.511,90.791,87.647,45.406,0,1,Round 1,0,0.029724892106980705,66,95.86776859504133,100.0
2023,RB,Skill,Big 12,71.0,215,9.75,74.75,4.46,37.0,20,124.0,6.77,4.26,1,19.379,79.1,73.758,70.57,66.449,1,1,Round 1,0,0.02664388032316689,66,96.28099173553719,100.0
2025,WR,Skill,Big Ten,72.875,202,9.5,76.625,4.54,37.82,11,125.3,7.41,4.55,0,24.823,87.333,80.443,83.601,49.523,1,1,Round 1,0,0.026587871644803696,66,96.69421487603306,100.0
2023,CB,Secondary,SEC,71.625,190,9.5,78.125,4.58,34.5,14,125.0,6.51,4.3,1,27.296,89.526,85.539,81.093,61.676,1,1,Rounds 2-3,0,0.02393463079678304,66,97.10743801652893,100.0
2025,OT,OL,SEC,77.125,315,10.375,84.375,5.16,32.0,14,104.0,7.81,4.66,1,26.107,88.25,73.85,92.32,35.538,0,1,Round 1,0,0.02144741838019426,66,97.52066115702479,100.0
2024,DL,DL,Big 12,76.5,366,10.125,81.25,5.27,26.0,27,98.0,8.74,5.46,1,23.196,86.583,76.615,83.977,60.972,1,1,Rounds 2-3,0,0.02055979429969723,66,97.93388429752066,100.0
2023,LB,LB,Big Ten,76.625,249,10.25,78.25,4.65,37.5,29,128.0,6.74,4.24,1,7.409,67.111,21.369,88.288,70.495,0,1,Round 1,0,0.020322598938524172,66,98.34710743801654,100.0
2024,OT,OL,Pac-12,77.75,324,10.125,80.625,5.13,32.0,30,111.0,7.81,4.63,1,13.996,79.392,79.074,67.781,54.727,0,1,Round 1,0,0.015911245882169633,66,98.7603305785124,100.0
2023,CB,Secondary,Pac-12,73.375,197,9.5,76.875,4.38,41.5,14,133.0,6.89,4.26,1,14.225,78.17,81.614,63.631,42.699,0,1,Round 1,0,0.01412265405545754,66,99.17355371900827,100.0
2025,QB,Skill,ACC,73.625,219,9.0,75.75,4.28,43.0,22,138.0,8.19,4.97,0,17.338,77.097,87.084,52.889,41.286,1,1,Round 1,0,0.008471864741907753,66,99.58677685950413,100.0
2024,EDGE,DL,SEC,74.75,247,9.875,83.0,4.46,40.5,23,127.0,7.39,4.31,1,24.925,84.968,76.211,80.844,61.941,0,1,Round 1,0,0.008463917248887176,66,100.0,100.0
