Season,Position,Position Group,School,Conference,Height (inches),Weight(lbs),Hand (inches),Arm (inches),Wingspan (inches),40-Yard Dash (seconds),Vertical (inches),Bench (reps),Broad Jump (inches),3-Cone (seconds),Shuttle (seconds),Combine Participation,ELO,FPI,Efficiencies Overall,Efficiencies Offense,Efficiencies Defense,Efficiencies SpecialTeams,Log Rank,CFP Appearance,National Award,Actual Draft Tier,Actual Target,Predicted Probability,Cumulative Actual Captured,Percent of Players Reviewed,Percent of Actual Tier Captured
2024,CB,Secondary,Washington St.,Pac-12,69.75,184,9.125,30.25,72.375,4.54,34.5,18,125.0,7.05,4.32,1,1546,3.221,62.169,54.667,62.054,59.872,4.625,0,0,Rounds 4-5,1,0.4133146111322199,1,0.4132231404958678,2.127659574468085
2024,CB,Secondary,Mississippi,SEC,72.0,183,8.5,30.75,73.75,4.38,34.5,15,125.0,6.94,4.55,1,1737,15.302,75.391,76.693,64.536,49.591,4.6634,0,0,Rounds 4-5,1,0.39106486901708065,2,0.8264462809917356,4.25531914893617
2024,CB,Secondary,Missouri,SEC,71.375,179,8.625,31.0,74.625,4.44,33.5,15,123.0,6.94,4.58,1,1866,15.277,78.168,79.322,67.958,47.09,4.7362,0,0,Rounds 4-5,1,0.367876543738821,3,1.2396694214876034,6.382978723404255
2025,RB,Skill,Arizona State,Big 12,69.5,219,9.375,29.75,73.875,4.65,39.5,17,123.0,7.37,4.97,1,1801,11.793,78.233,79.692,66.688,47.348,5.037,0,0,Rounds 4-5,1,0.3678453718085427,4,1.6528925619834711,8.51063829787234
2024,RB,Skill,Clemson,ACC,71.0,206,9.625,30.25,74.125,4.51,35.0,22,122.0,6.82,4.23,0,1764,13.892,72.489,48.101,90.04,37.087,4.8828,1,0,Rounds 4-5,1,0.36706015461180325,5,2.066115702479339,10.638297872340425
2023,WR,Skill,Cincinnati,AAC,68.625,182,8.625,28.875,70.375,4.4,37.5,14,124.0,6.92,4.29,1,1690,6.451,60.989,44.607,64.989,69.829,5.0689,0,0,Rounds 4-5,1,0.3616350652270775,6,2.479338842975207,12.76595744680851
2025,EDGE,DL,Central Arkansas,UAC,72.875,263,9.25,31.875,77.5,4.69,35.0,26,118.0,7.15,4.39,1,1742,12.036,70.585,65.506,67.645,49.236,4.9273,0,0,Rounds 4-5,1,0.36081486662755635,7,2.8925619834710745,14.893617021276595
2025,CB,Secondary,UCF,Big 12,70.25,191,8.375,29.75,72.625,4.41,43.0,15,123.2,6.9,4.03,1,1557,5.283,53.294,60.369,50.721,32.002,4.7362,0,0,Rounds 4-5,1,0.3504972718646798,8,3.3057851239669422,17.02127659574468
2023,CB,Secondary,Utah,Pac-12,69.0,184,9.125,29.125,70.375,4.51,33.0,18,133.0,6.51,4.32,1,1915,19.146,79.905,74.866,74.068,53.378,4.9836,0,0,Rounds 4-5,1,0.34539782475109443,9,3.71900826446281,19.148936170212767
2023,LB,LB,Pittsburgh,ACC,72.5,226,10.625,32.875,78.875,4.56,33.0,19,119.0,7.35,4.4,1,1687,7.918,61.732,46.268,72.6,50.534,4.6634,0,0,Rounds 4-5,1,0.3443346825814915,10,4.132231404958678,21.27659574468085
2023,CB,Secondary,Stanford,Pac-12,72.0,191,9.75,32.0,76.625,4.52,36.0,15,131.0,6.51,4.27,1,1237,-3.917,38.149,36.614,44.176,50.17,4.625,0,0,Rounds 4-5,1,0.32080127351883403,11,4.545454545454546,23.404255319148938
2025,LB,LB,Florida,SEC,73.0,222,8.5,31.5,77.75,4.69,32.0,11,117.0,7.09,4.27,1,1767,11.901,71.717,58.466,70.419,67.15,4.6728,0,0,Rounds 4-5,1,0.30932247495047593,12,4.958677685950414,25.53191489361702
2023,CB,Secondary,Miami,ACC,72.0,198,9.625,32.625,77.625,4.45,38.5,12,125.0,7.09,4.41,1,1316,-0.466,39.09,36.049,46.919,51.41,5.3132,0,0,Rounds 2-3,0,0.30931955438394,12,5.371900826446281,25.53191489361702
2025,CB,Secondary,California,ACC,70.75,189,8.75,29.625,75.0,4.45,37.75,11,122.3,6.65,4.97,1,1529,4.302,57.687,45.477,64.264,58.117,4.3307,0,0,Rounds 6-7,0,0.3003653245596033,12,5.785123966942149,25.53191489361702
2025,LB,LB,California,ACC,73.875,233,9.375,31.375,75.375,4.6,40.0,26,125.0,7.28,4.03,1,1529,4.302,57.687,45.477,64.264,58.117,4.8675,0,0,Rounds 4-5,1,0.29995079918740614,13,6.198347107438017,27.659574468085108
2024,CB,Secondary,South Dakota,MVFC,70.875,195,9.375,29.875,74.0,4.5,35.5,13,118.0,6.88,3.98,1,1729,10.639,66.998,59.904,66.911,53.148,3.4657,0,0,Rounds 6-7,0,0.29952379962076064,13,6.6115702479338845,27.659574468085108
2024,CB,Secondary,Kentucky,SEC,70.75,190,8.75,31.25,75.0,4.48,42.0,15,135.0,6.95,3.94,1,1641,7.33,63.962,60.477,61.626,52.112,5.2417,0,0,Rounds 2-3,0,0.29904270020211626,13,7.024793388429752,27.659574468085108
2023,RB,Skill,Auburn,SEC,71.625,210,9.5,32.0,76.625,4.56,32.5,20,119.0,7.23,4.68,1,1596,6.205,55.022,47.067,62.103,45.36,5.1417,0,0,Rounds 2-3,0,0.2983461969044729,13,7.43801652892562,27.659574468085108
2023,WR,Skill,Purdue,Big Ten,71.375,175,9.0,31.625,74.0,4.43,36.5,13,124.0,6.91,4.29,1,1460,4.283,58.947,63.872,51.004,46.438,4.852,0,0,Rounds 4-5,1,0.29815169102699707,14,7.851239669421488,29.78723404255319
2025,WR,Skill,Colorado,Big 12,68.125,174,8.625,30.375,74.5,4.46,38.0,27,128.0,6.65,4.41,1,1701,12.691,74.938,72.644,69.84,45.06,3.9318,0,0,Rounds 6-7,0,0.297220745301631,14,8.264462809917356,29.78723404255319
2023,EDGE,DL,San Jose St.,Mountain West,76.0,276,9.0,33.0,77.375,4.74,34.0,24,118.0,7.5,4.52,1,1444,-5.871,37.879,45.968,41.711,27.738,4.8675,0,0,Rounds 4-5,1,0.29533137652507163,15,8.677685950413224,31.914893617021278
2024,RB,Skill,Louisville,ACC,69.5,193,8.5,30.125,71.0,4.56,34.5,22,121.0,6.65,4.22,1,1688,11.36,72.759,63.856,75.697,45.123,3.989,0,0,Rounds 6-7,0,0.2931898606435663,15,9.090909090909092,31.914893617021278
2025,DL,DL,Nebraska,Big Ten,77.125,288,10.0,32.25,79.0,4.83,33.5,28,119.0,7.58,4.5,1,1537,6.154,64.984,58.011,69.664,41.381,4.9972,0,0,Rounds 4-5,1,0.2921447483434754,16,9.50413223140496,34.04255319148936
2023,EDGE,DL,Oregon,Pac-12,76.0,260,9.0,33.25,80.125,4.49,32.0,28,110.0,7.37,4.44,1,1724,14.225,78.17,81.614,63.631,42.699,5.1874,0,0,Rounds 2-3,0,0.2919323370455462,16,9.917355371900827,34.04255319148936
2023,WR,Skill,Liberty,FBS Independent,68.0,179,8.75,30.25,72.5,4.44,39.5,14,134.0,6.92,4.29,1,1413,-3.902,44.748,35.822,54.191,53.85,3.8918,0,0,Rounds 6-7,0,0.28947461374944256,16,10.330578512396695,34.04255319148936
2023,DL,DL,Mississippi St.,SEC,75.0,304,10.0,34.5,82.0,5.1,29.5,24,109.0,7.6,4.79,1,1694,13.237,75.362,59.938,76.598,66.986,4.9127,0,0,Rounds 4-5,1,0.28832896460025564,17,10.743801652892563,36.17021276595745
2024,LB,LB,Missouri,SEC,73.75,231,8.875,31.375,77.75,4.62,34.0,18,118.0,7.23,4.5,0,1866,15.277,78.168,79.322,67.958,47.09,5.124,0,0,Rounds 2-3,0,0.28827459375646736,17,11.15702479338843,36.17021276595745
2023,QB,Skill,UCLA,Pac-12,73.625,203,9.875,30.625,74.75,4.56,32.5,20,121.0,7.28,4.44,1,1684,8.553,65.594,81.525,44.786,34.94,4.7791,0,0,Rounds 4-5,1,0.2879334944753091,18,11.570247933884298,38.297872340425535
2025,WR,Skill,Stanford,ACC,73.75,206,10.0,32.375,78.375,4.44,38.5,33,127.0,6.7,4.31,1,1175,-5.299,38.36,36.975,39.874,65.408,4.8122,0,0,Rounds 4-5,1,0.28612409542897216,19,11.983471074380166,40.42553191489361
2024,CB,Secondary,Tennessee,SEC,73.0,196,8.5,30.875,74.125,4.49,38.0,15,126.0,6.94,4.25,0,1877,14.091,72.034,66.494,68.45,54.522,3.8712,1,0,Rounds 6-7,0,0.28448559561621006,19,12.396694214876034,40.42553191489361
2025,RB,Skill,Georgia,SEC,68.75,198,9.5,29.25,70.5,4.42,35.0,15,124.0,6.65,4.03,1,1998,22.091,82.861,79.935,73.308,59.572,4.9767,1,0,Rounds 4-5,1,0.2800734156767515,20,12.8099173553719,42.5531914893617
2024,EDGE,DL,Washington St.,Pac-12,75.875,264,9.75,32.75,78.75,4.69,33.5,21,114.0,7.07,4.48,1,1546,3.221,62.169,54.667,62.054,59.872,4.654,0,0,Rounds 4-5,1,0.2784954778481808,21,13.223140495867769,44.680851063829785
2023,IOL,OL,Clemson,ACC,74.25,303,9.5,34.0,81.0,4.99,28.5,20,108.0,7.7,4.81,1,1843,17.553,74.958,64.744,77.07,48.641,4.6347,0,0,Rounds 4-5,1,0.27634840280435363,22,13.636363636363635,46.808510638297875
2024,CB,Secondary,Pittsburgh,ACC,70.75,186,8.75,32.875,78.25,4.45,38.5,15,124.0,7.12,4.35,1,1404,-0.369,43.622,32.282,60.013,38.896,3.4012,0,0,Rounds 6-7,0,0.27579830241606584,22,14.049586776859504,46.808510638297875
2025,DL,DL,Ohio State,Big Ten,74.875,299,10.125,32.25,78.625,4.28,24.5,33,93.0,8.19,4.97,0,2211,24.823,87.333,80.443,83.601,49.523,4.7095,1,0,Rounds 4-5,1,0.27508616767984334,23,14.46280991735537,48.93617021276596
2025,S,Secondary,Nevada,Mountain West,70.625,202,9.5,31.0,75.25,4.41,41.5,18,128.0,6.65,4.14,1,1192,-8.417,32.498,47.2,30.419,32.833,3.5264,0,0,Rounds 6-7,0,0.27413746106512205,23,14.87603305785124,48.93617021276596
2023,RB,Skill,TCU,Big 12,71.0,215,9.375,32.375,78.5,4.54,34.5,20,121.0,6.96,4.43,0,1729,14.378,80.5,80.39,69.518,54.974,5.2364,0,0,Rounds 2-3,0,0.2718361075922179,23,15.289256198347106,48.93617021276596
2024,DL,DL,Ohio St.,Big Ten,74.75,290,10.0,33.5,81.125,4.97,31.0,27,111.0,7.65,4.61,0,2065,27.485,89.569,83.397,86.658,44.2,5.323,1,0,Rounds 2-3,0,0.27108869009721737,23,15.702479338842975,48.93617021276596
2024,LB,LB,North Carolina St.,ACC,75.875,233,9.0,30.5,75.75,4.43,34.5,18,119.0,7.29,4.43,1,1660,6.943,65.952,47.142,75.741,57.991,5.0814,0,1,Rounds 4-5,1,0.27096768278702177,24,16.115702479338843,51.06382978723404
2023,IOL,OL,Old Dominion,Sun Belt,78.25,318,10.25,33.25,81.25,5.21,31.0,20,111.0,7.57,4.69,1,1314,-10.538,30.819,27.542,38.624,55.322,5.0499,0,0,Rounds 4-5,1,0.27009757688031416,25,16.528925619834713,53.191489361702125
2024,LB,LB,Michigan,Big Ten,74.25,238,9.375,32.5,77.5,4.62,34.5,18,119.0,7.4,4.38,0,2210,27.625,94.395,88.226,91.352,54.858,5.247,0,0,Rounds 2-3,0,0.2697667375889172,25,16.94214876033058,53.191489361702125
2025,TE,Skill,Texas,SEC,77.0,241,9.75,32.625,79.5,4.84,30.0,33,129.3,7.15,4.4,1,2042,26.107,88.25,73.85,92.32,35.538,4.9345,0,0,Rounds 4-5,1,0.2680950137595029,26,17.355371900826448,55.319148936170215
2025,RB,Skill,Oregon,Big Ten,69.5,205,9.5,29.625,73.75,4.55,37.18,33,115.6,7.03,4.03,1,2040,21.125,85.854,85.403,73.779,53.859,4.7185,1,0,Rounds 4-5,1,0.26762777250640074,27,17.768595041322314,57.446808510638306
2025,CB,Secondary,Iowa State,Big 12,74.875,195,9.0,31.125,80.0,4.3,36.5,11,131.0,6.71,4.04,1,1675,10.15,66.812,63.385,63.427,52.51,5.2523,0,0,Rounds 2-3,0,0.2667457534162883,27,18.181818181818183,57.446808510638306
2023,LB,LB,TCU,Big 12,71.0,227,8.625,31.625,75.0,4.49,30.5,20,117.0,7.44,4.42,1,1729,14.378,80.5,80.39,69.518,54.974,3.7612,0,0,Rounds 6-7,0,0.2650628053688227,27,18.59504132231405,57.446808510638306
2025,TE,Skill,Notre Dame,FBS Independent,77.375,241,9.5,32.0,77.0,4.74,31.0,33,115.0,7.25,4.4,1,2154,25.305,88.314,78.053,88.226,42.499,4.5643,0,0,Rounds 6-7,0,0.26451335155787087,27,19.00826446280992,57.446808510638306
2024,IOL,OL,Texas A&M,SEC,75.5,302,10.5,34.625,81.5,5.13,26.5,27,111.0,7.67,4.58,1,1772,15.36,75.057,65.814,76.34,50.751,5.0499,0,0,Rounds 4-5,1,0.2640513312172086,28,19.421487603305785,59.57446808510638
2024,LB,LB,Washington,Pac-12,72.5,236,9.25,32.875,79.625,4.56,39.5,18,128.0,7.32,5.27,1,1879,17.544,82.666,86.101,64.802,60.593,4.5951,0,0,Rounds 4-5,1,0.2638361965892945,29,19.834710743801654,61.702127659574465
2025,WR,Skill,Ole Miss,SEC,71.25,196,9.125,29.375,72.5,4.37,36.5,14,119.0,6.65,4.36,1,2007,20.608,84.235,76.596,81.866,47.73,4.7958,1,0,Rounds 4-5,1,0.26090738514721407,30,20.24793388429752,63.829787234042556
2023,RB,Skill,Northwestern,Big Ten,70.125,209,9.25,30.625,74.375,4.47,37.0,20,123.0,6.9,4.38,1,1257,-7.588,30.34,26.742,42.636,51.301,4.4188,0,0,Rounds 6-7,0,0.2582268770756941,30,20.66115702479339,63.829787234042556
2025,EDGE,DL,South Carolina,SEC,76.0,254,9.625,34.0,81.5,4.73,30.43,23,138.0,6.65,4.97,1,1810,14.834,76.206,60.762,80.864,51.02,4.8978,0,0,Rounds 4-5,1,0.25488944022109145,31,21.074380165289256,65.95744680851064
2023,CB,Secondary,Iowa,Big Ten,72.625,193,9.5,30.0,74.125,4.45,39.0,12,127.0,6.68,4.29,1,1748,7.409,67.111,21.369,88.288,70.495,5.1705,0,0,Rounds 2-3,0,0.25461860033489186,31,21.487603305785125,65.95744680851064
2023,K,Special Teams,Michigan,Big Ten,73.0,209,9.5,30.875,75.875,4.58,34.0,20,121.0,7.27,4.44,0,2124,23.62,85.085,79.485,79.2,57.128,5.0752,1,0,Rounds 4-5,1,0.2540713125508421,32,21.90082644628099,68.08510638297872
2025,WR,Skill,TCU,Big 12,73.25,214,9.0,31.5,75.0,4.52,34.5,19,125.0,6.84,4.21,1,1700,8.023,67.255,69.28,58.063,52.483,5.3033,0,0,Rounds 2-3,0,0.25272321482830906,32,22.31404958677686,68.08510638297872
2023,DL,DL,Florida,SEC,77.625,310,9.5,32.25,80.875,4.88,31.0,22,110.0,7.5,4.73,1,1581,7.555,60.994,69.396,49.078,49.533,5.3279,0,0,Rounds 2-3,0,0.24862239448709098,32,22.727272727272727,68.08510638297872
2023,IOL,OL,UCLA,Pac-12,76.0,303,10.125,33.625,81.25,5.01,32.5,20,114.0,7.31,4.45,1,1684,8.553,65.594,81.525,44.786,34.94,4.92,0,0,Rounds 4-5,1,0.2482410005645373,33,23.140495867768596,70.2127659574468
2024,EDGE,DL,Missouri,SEC,77.125,285,10.625,34.5,84.375,4.95,35.0,21,111.0,7.44,4.84,1,1866,15.277,78.168,79.322,67.958,47.09,5.4467,0,0,Round 1,0,0.24796090689674918,33,23.553719008264462,70.2127659574468
2023,QB,Skill,Houston,AAC,74.5,220,9.375,31.375,75.625,4.64,37.5,20,122.0,6.89,4.25,1,1619,4.061,51.527,62.603,38.496,54.875,4.7875,0,0,Rounds 4-5,1,0.24792379113909696,34,23.96694214876033,72.3404255319149
2024,S,Secondary,Auburn,SEC,71.625,179,9.875,32.375,76.625,4.45,39.5,13,133.0,7.22,5.94,1,1585,8.916,67.536,49.076,72.965,65.063,4.5539,0,0,Rounds 6-7,0,0.24659116879847714,34,24.380165289256198,72.3404255319149
2024,RB,Skill,Notre Dame,FBS Independent,71.375,221,10.25,32.375,76.5,4.71,38.0,23,125.0,7.0,4.25,1,2077,20.776,83.947,78.304,77.941,57.082,4.7185,1,0,Rounds 4-5,1,0.2462704257320975,35,24.793388429752067,74.46808510638297
2024,LB,LB,Michigan,Big Ten,71.375,233,8.5,32.125,78.0,4.62,34.5,18,119.0,7.26,4.63,0,2210,27.625,94.395,88.226,91.352,54.858,2.9444,0,0,Rounds 6-7,0,0.24543489564849233,35,25.206611570247933,74.46808510638297
2025,WR,Skill,Minnesota,Big Ten,70.75,193,9.0,30.625,74.75,4.76,37.82,12,130.0,6.78,4.07,1,1674,9.315,68.599,55.808,75.809,45.723,3.3673,0,0,Rounds 6-7,0,0.24497743792458423,35,25.6198347107438,74.46808510638297
2025,WR,Skill,Georgia,SEC,72.125,179,9.0,31.25,77.0,4.36,38.0,20,127.0,6.82,4.19,1,1998,22.091,82.861,79.935,73.308,59.572,5.0039,1,0,Rounds 4-5,1,0.24388766290888256,36,26.033057851239672,76.59574468085107
2023,WR,Skill,Mississippi,SEC,73.75,220,10.375,32.125,75.75,4.46,39.5,22,129.0,6.96,4.29,1,1634,12.342,68.271,72.487,57.125,45.454,5.3936,0,0,Rounds 2-3,0,0.24301130493025633,36,26.446280991735538,76.59574468085107
2025,S,Secondary,Texas,SEC,71.25,186,9.0,30.0,75.375,4.45,40.36,17,121.4,6.65,4.03,1,2042,26.107,88.25,73.85,92.32,35.538,5.273,0,0,Rounds 2-3,0,0.24289639534630944,36,26.859504132231404,76.59574468085107
2024,LB,LB,Texas,Big 12,74.375,240,9.5,31.75,74.375,4.62,33.5,18,121.0,7.44,4.44,1,2025,23.196,86.583,76.615,83.977,60.972,4.4308,1,0,Rounds 6-7,0,0.24277506714151662,36,27.27272727272727,76.59574468085107
2023,LB,LB,Texas,Big 12,74.625,229,9.5,32.25,78.125,4.56,34.0,15,124.0,6.62,4.33,1,1900,19.379,79.1,73.758,70.57,66.449,5.1299,1,0,Rounds 2-3,0,0.24121732288277656,36,27.685950413223143,76.59574468085107
2023,EDGE,DL,Appalachian St.,Sun Belt,74.25,236,9.5,33.625,80.625,4.58,35.5,23,120.0,7.07,4.45,1,1593,0.411,45.95,62.053,35.887,34.024,4.585,0,0,Rounds 6-7,0,0.24109082874075763,36,28.09917355371901,76.59574468085107
2025,WR,Skill,Pittsburgh,ACC,71.375,186,8.5,29.375,74.375,4.59,36.0,19,124.0,7.37,4.03,1,1456,3.991,55.816,49.345,57.768,56.475,2.8332,0,0,Rounds 6-7,0,0.2408624704368934,36,28.512396694214875,76.59574468085107
2024,IOL,OL,South Dakota St.,MVFC,76.25,309,10.0,33.875,81.625,5.08,35.5,31,117.0,7.59,4.45,1,1780,12.286,67.318,67.025,63.252,53.648,4.9416,0,0,Rounds 4-5,1,0.24015744517784304,37,28.92561983471074,78.72340425531915
2024,DL,DL,Iowa,Big Ten,77.375,281,10.25,32.25,78.875,5.05,31.5,25,114.0,7.16,4.37,1,1575,6.086,61.244,18.216,86.165,61.239,4.3944,0,0,Rounds 6-7,0,0.23971748395068357,37,29.338842975206614,78.72340425531915
2023,C,OL,Arkansas,SEC,75.0,306,9.75,33.25,79.625,5.26,32.5,20,111.0,7.52,4.43,1,1686,6.93,62.299,69.2,48.112,56.255,5.0876,0,0,Rounds 4-5,1,0.23944262985606063,38,29.75206611570248,80.85106382978722
2024,CB,Secondary,South Carolina,SEC,71.75,190,8.875,32.0,77.625,4.46,40.5,15,129.0,6.94,4.19,1,1594,6.054,55.105,53.866,54.724,48.937,4.3694,0,0,Rounds 6-7,0,0.23886855442413382,38,30.165289256198346,80.85106382978722
2024,WR,Skill,Southeast Missouri St.,OVC-Big South,72.75,202,10.125,31.625,76.125,4.44,39.5,19,132.0,6.85,4.12,1,1689,10.257,67.367,64.253,63.204,55.565,3.7612,0,0,Rounds 6-7,0,0.23874861622094454,38,30.57851239669421,80.85106382978722
2023,WR,Skill,North Carolina,ACC,69.0,179,9.25,30.375,73.375,4.48,38.5,13,131.0,6.91,4.29,1,1559,6.195,60.099,78.452,30.968,61.95,5.193,0,0,Rounds 2-3,0,0.2365648039090131,38,30.991735537190085,80.85106382978722
2025,WR,Skill,Missouri,SEC,72.0,206,8.5,31.25,76.5,4.41,29.17,12,115.9,7.33,4.11,1,1711,12.197,68.028,61.356,72.874,37.108,5.3936,0,1,Rounds 2-3,0,0.23625069647266403,38,31.40495867768595,80.85106382978722
2024,S,Secondary,Minnesota,Big Ten,73.25,199,9.0,32.0,77.5,4.52,37.0,14,124.0,7.01,4.98,0,1488,-0.564,45.156,45.237,46.429,51.196,5.3566,0,1,Rounds 2-3,0,0.2356377676301588,38,31.818181818181817,80.85106382978722
2025,CB,Secondary,Western Michigan,MAC,73.25,190,9.0,30.75,75.5,4.43,26.41,16,124.0,6.65,4.03,1,1268,-10.952,37.661,53.267,24.968,62.263,4.3944,0,0,Rounds 6-7,0,0.23562595986123658,38,32.231404958677686,80.85106382978722
2025,RB,Skill,North Carolina,ACC,71.75,221,9.375,30.5,74.75,4.46,38.0,18,130.0,6.75,4.4,1,1496,2.602,50.555,55.402,46.067,47.749,5.4681,0,0,Round 1,0,0.23507222923643156,38,32.64462809917356,80.85106382978722
2024,DL,DL,Duke,ACC,74.375,302,10.25,33.0,79.125,4.99,32.0,27,109.0,7.95,4.75,1,1654,8.778,68.7,63.774,63.667,60.347,5.0999,0,0,Rounds 2-3,0,0.23348104844827297,38,33.057851239669425,80.85106382978722
2024,CB,Secondary,Notre Dame,FBS Independent,75.0,202,9.375,33.0,78.875,4.5,39.5,11,130.0,7.12,4.24,1,2077,20.776,83.947,78.304,77.941,57.082,4.7791,1,0,Rounds 4-5,1,0.23285872050252074,39,33.47107438016529,82.97872340425532
2025,EDGE,DL,Miami,ACC,76.625,258,10.0,33.125,80.25,4.62,35.5,19,121.0,6.65,4.16,1,1855,17.338,77.097,87.084,52.889,41.286,4.4188,1,0,Rounds 6-7,0,0.2320133343667438,39,33.88429752066116,82.97872340425532
2023,TE,Skill,Cincinnati,AAC,78.5,248,9.5,31.5,77.375,4.69,33.5,21,115.0,7.42,4.29,1,1690,6.451,60.989,44.607,64.989,69.829,4.7185,0,0,Rounds 4-5,1,0.2319700145409245,40,34.29752066115703,85.1063829787234
2023,CB,Secondary,Houston,AAC,72.0,195,9.5,32.0,78.0,4.53,37.5,15,125.0,6.97,4.52,1,1619,4.061,51.527,62.603,38.496,54.875,1.6094,0,0,Rounds 6-7,0,0.22964385547022656,40,34.710743801652896,85.1063829787234
2023,RB,Skill,Kentucky,SEC,72.0,217,8.625,30.625,73.625,4.55,34.5,20,122.0,6.92,4.4,0,1606,5.824,59.284,46.761,72.541,34.773,4.1897,0,0,Rounds 6-7,0,0.22944618040498724,40,35.12396694214876,85.1063829787234
2025,TE,Skill,LSU,SEC,77.125,251,10.0,33.25,78.75,4.28,24.5,33,110.7,6.65,4.97,0,1827,13.515,71.849,75.763,61.497,39.011,5.3799,0,0,Rounds 2-3,0,0.22803757035809533,40,35.53719008264463,85.1063829787234
2024,TE,Skill,Texas,Big 12,75.875,245,10.125,32.875,78.25,4.69,35.0,28,121.0,7.04,4.32,1,2025,23.196,86.583,76.615,83.977,60.972,5.0626,1,0,Rounds 4-5,1,0.22645576214693589,41,35.9504132231405,87.2340425531915
2023,WR,Skill,Florida,SEC,76.0,229,10.0,33.75,83.375,4.55,35.5,18,126.0,6.97,4.29,1,1581,7.555,60.994,69.396,49.078,49.533,4.6913,0,0,Rounds 4-5,1,0.22644158112384655,42,36.36363636363637,89.36170212765957
2025,CB,Secondary,Ohio State,Big Ten,72.125,195,8.5,30.625,76.125,4.42,29.5,24,121.7,6.65,4.03,0,2211,24.823,87.333,80.443,83.601,49.523,4.4886,1,0,Rounds 6-7,0,0.22424093864875513,42,36.77685950413223,89.36170212765957
2023,CB,Secondary,Georgia,SEC,73.75,207,8.5,31.25,74.125,4.36,33.5,15,122.0,6.89,4.3,1,2300,29.908,93.511,90.791,87.647,45.406,5.037,0,0,Rounds 4-5,1,0.22412832920170145,43,37.1900826446281,91.48936170212765
2024,WR,Skill,Pittsburgh,ACC,73.0,212,10.125,33.25,79.375,4.43,39.5,19,122.0,6.85,4.1,1,1404,-0.369,43.622,32.282,60.013,38.896,4.4886,0,0,Rounds 6-7,0,0.22392714612622594,43,37.60330578512397,91.48936170212765
2024,EDGE,DL,Penn St.,Big Ten,76.375,247,9.625,33.875,81.0,4.74,34.5,23,123.0,7.42,4.6,1,2000,25.618,85.731,66.931,89.424,64.921,5.112,1,0,Rounds 2-3,0,0.22356749712745463,43,38.01652892561984,91.48936170212765
2024,RB,Skill,Ohio St.,Big Ten,68.5,229,9.0,28.625,69.625,4.56,36.0,22,119.0,7.25,4.26,0,2065,27.485,89.569,83.397,86.658,44.2,0.0,1,0,Undrafted,0,0.22275434865195856,43,38.429752066115704,91.48936170212765
2025,WR,Skill,Tennessee,SEC,76.625,205,9.5,32.125,79.0,4.3,33.0,20,126.0,7.05,4.03,1,1915,20.786,83.706,67.16,87.119,52.677,5.0173,0,0,Rounds 4-5,1,0.22196698251725985,44,38.84297520661157,93.61702127659575
2023,C,OL,Minnesota,Big Ten,75.5,301,9.5,32.625,78.375,5.35,29.5,20,104.0,7.68,4.56,1,1758,11.422,72.43,66.077,73.504,40.834,5.3083,0,0,Rounds 2-3,0,0.22131599358362578,44,39.25619834710744,93.61702127659575
2024,S,Secondary,Georgia,SEC,70.5,198,9.0,30.75,73.875,4.47,37.0,17,123.0,7.03,5.04,1,2273,24.777,87.417,88.149,74.455,48.128,5.3033,1,0,Rounds 2-3,0,0.21363601558541484,44,39.66942148760331,93.61702127659575
2025,LB,LB,Indiana,Big Ten,72.625,218,9.534,31.626,79.875,4.38,35.0,11,127.0,7.24,4.03,1,1951,18.73,83.71,85.132,72.021,40.91,0.0,1,0,Undrafted,0,0.2132999068971465,44,40.082644628099175,93.61702127659575
2023,EDGE,DL,Georgia,SEC,75.75,247,10.125,34.625,82.25,4.48,30.0,23,123.0,7.35,4.45,1,2300,29.908,93.511,90.791,87.647,45.406,4.4543,0,0,Rounds 6-7,0,0.21206871890579018,44,40.49586776859504,93.61702127659575
2023,RB,Skill,Georgia,SEC,72.25,204,9.0,30.5,76.375,4.62,35.5,20,122.0,7.11,4.57,1,2300,29.908,93.511,90.791,87.647,45.406,3.091,0,0,Rounds 6-7,0,0.21093854881630725,44,40.909090909090914,93.61702127659575
2023,OT,OL,Maryland,Big Ten,77.625,306,9.375,33.0,79.125,5.1,31.5,20,113.0,7.6,4.69,1,1645,7.842,61.934,61.039,57.849,51.968,4.2905,0,0,Rounds 6-7,0,0.2107398675234371,44,41.32231404958678,93.61702127659575
2024,K,Special Teams,Arkansas,SEC,73.0,172,9.25,30.5,73.625,4.29,39.0,13,130.0,6.69,4.06,0,1431,2.225,47.846,34.458,61.741,53.372,3.8501,0,0,Rounds 6-7,0,0.20969697175693494,44,41.735537190082646,93.61702127659575
2025,EDGE,DL,Boston College,ACC,74.5,248,9.25,34.0,82.75,4.28,35.5,22,119.0,6.94,4.19,1,1513,4.829,61.35,56.657,64.403,40.228,5.3706,0,0,Rounds 2-3,0,0.20868061851835962,44,42.14876033057851,93.61702127659575
2025,DL,DL,Maryland,Big Ten,75.75,306,10.0,33.5,82.625,5.09,28.0,11,103.0,8.19,4.03,1,1407,-0.535,43.23,46.603,47.026,35.755,2.4849,0,0,Rounds 6-7,0,0.20750966017108377,44,42.561983471074385,93.61702127659575
2023,C,OL,Penn St.,Big Ten,75.25,301,10.25,33.25,81.75,5.22,32.0,20,102.0,7.75,4.82,1,2000,19.477,82.964,71.335,83.462,50.595,5.2832,0,0,Rounds 2-3,0,0.20544243107016238,44,42.97520661157025,93.61702127659575
2025,WR,Skill,Iowa State,Big 12,76.125,214,9.125,33.125,80.0,4.47,39.0,11,128.0,7.75,4.03,1,1675,10.15,66.812,63.385,63.427,52.51,5.4161,0,0,Rounds 2-3,0,0.20478274529185042,44,43.388429752066116,93.61702127659575
2025,RB,Skill,Ohio State,Big Ten,70.125,202,9.5,30.625,76.125,4.43,38.5,11,128.0,6.65,4.97,1,2211,24.823,87.333,80.443,83.601,49.523,5.3982,1,0,Rounds 2-3,0,0.2045419826029846,44,43.80165289256198,93.61702127659575
2023,CB,Secondary,Penn St.,Big Ten,71.375,203,10.125,31.25,75.75,4.65,32.5,18,119.0,7.03,4.21,1,2000,19.477,82.964,71.335,83.462,50.595,5.1475,0,0,Rounds 2-3,0,0.20357964067499162,44,44.214876033057855,93.61702127659575
2023,CB,Secondary,Oregon,Pac-12,73.375,197,9.5,32.0,76.875,4.38,41.5,14,133.0,6.89,4.26,1,1724,14.225,78.17,81.614,63.631,42.699,5.4889,0,1,Round 1,0,0.202401691669667,44,44.62809917355372,93.61702127659575
2023,DL,DL,Texas,Big 12,74.625,292,10.375,34.5,83.375,5.04,33.0,29,112.0,7.53,4.75,1,1900,19.379,79.1,73.758,70.57,66.449,2.3026,1,0,Rounds 6-7,0,0.199129344601875,44,45.04132231404959,93.61702127659575
2023,WR,Skill,Iowa St.,Big 12,73.875,203,9.375,31.375,74.875,4.53,36.0,17,116.0,6.91,4.35,1,1554,6.28,57.494,40.857,78.383,33.853,3.989,0,0,Rounds 6-7,0,0.1988272880337991,44,45.45454545454545,93.61702127659575
2024,DL,DL,Auburn,SEC,74.375,286,9.625,32.0,78.25,5.06,29.5,27,103.0,6.81,4.6,1,1585,8.916,67.536,49.076,72.965,65.063,2.4849,0,0,Rounds 6-7,0,0.19854803223020684,44,45.867768595041326,93.61702127659575
2024,S,Secondary,Ohio St.,Big Ten,73.5,199,8.75,32.0,78.0,4.55,32.5,13,121.0,7.03,5.07,1,2065,27.485,89.569,83.397,86.658,44.2,0.0,1,0,Undrafted,0,0.1983307258049274,44,46.28099173553719,93.61702127659575
2025,DL,DL,Georgia Tech,ACC,77.5,321,10.25,34.75,85.125,5.14,34.5,11,111.0,6.65,4.03,1,1554,7.402,66.705,72.242,58.501,35.797,1.7918,0,0,Rounds 6-7,0,0.19738377118365347,44,46.69421487603306,93.61702127659575
2025,RB,Skill,Rutgers,Big Ten,68.25,211,9.0,38.625,72.0,4.6,34.5,11,115.7,7.58,4.97,1,1533,3.857,55.405,64.09,40.753,58.771,3.2581,0,0,Rounds 6-7,0,0.19598465991726433,44,47.107438016528924,93.61702127659575
2023,WR,Skill,Charlotte,Conference USA,74.0,201,9.5,31.875,77.875,4.57,35.0,17,125.0,6.89,4.32,1,1081,-17.759,17.839,41.399,10.816,49.466,1.0986,0,0,Rounds 6-7,0,0.19528317209204554,44,47.5206611570248,93.61702127659575
2024,LB,LB,Penn St.,Big Ten,73.375,241,10.25,31.5,77.75,4.58,35.0,18,124.0,7.45,4.74,1,2000,25.618,85.731,66.931,89.424,64.921,0.0,1,0,Undrafted,0,0.1948288504836852,44,47.93388429752066,93.61702127659575
2024,CB,Secondary,Georgia,SEC,71.5,186,8.875,30.875,73.75,4.52,37.0,15,126.0,6.62,4.12,1,2273,24.777,87.417,88.149,74.455,48.128,5.3799,1,0,Rounds 2-3,0,0.19360329016103775,44,48.34710743801653,93.61702127659575
2025,EDGE,DL,Arkansas,SEC,78.0,264,10.0,33.25,83.625,4.68,40.5,28,129.0,7.02,4.97,1,1611,8.19,65.787,60.714,66.155,45.94,5.2311,0,0,Rounds 2-3,0,0.1917653445488221,44,48.760330578512395,93.61702127659575
2024,IOL,OL,TCU,Big 12,76.5,313,10.75,34.625,84.0,4.99,34.0,30,114.0,7.58,4.54,1,1631,9.511,59.244,64.411,51.426,45.245,5.2575,0,0,Rounds 2-3,0,0.19151635049209523,44,49.17355371900827,93.61702127659575
2023,TE,Skill,Alabama,SEC,76.0,242,9.5,32.375,79.125,4.67,35.5,21,120.0,7.36,4.32,0,2181,27.296,89.526,85.539,81.093,61.676,5.0626,1,0,Rounds 4-5,1,0.19065379483219527,45,49.586776859504134,95.74468085106383
2023,IOL,OL,Florida,SEC,77.0,330,11.25,33.875,83.875,5.31,23.5,20,101.0,7.99,4.81,1,1581,7.555,60.994,69.396,49.078,49.533,5.2983,0,0,Rounds 2-3,0,0.19017475901925027,45,50.0,95.74468085106383
2024,S,Secondary,Miami,ACC,76.25,231,9.5,33.625,80.25,4.65,30.0,17,117.0,6.69,3.5,1,1580,11.169,68.436,66.666,63.176,51.762,2.8332,0,0,Rounds 6-7,0,0.18574338857569686,45,50.413223140495866,95.74468085106383
2025,TE,Skill,Alabama,SEC,75.0,274,9.625,31.25,78.25,4.91,34.0,26,119.0,7.34,4.45,1,1986,23.933,85.057,77.281,79.955,59.628,4.4308,1,0,Rounds 6-7,0,0.18508340981518517,45,50.82644628099173,95.74468085106383
2025,CB,Secondary,Colorado,Big 12,72.375,188,9.125,31.375,76.875,4.43,43.0,12,105.0,8.19,4.94,0,1701,12.691,74.938,72.644,69.84,45.06,5.5491,0,1,Round 1,0,0.18471381673780807,45,51.2396694214876,95.74468085106383
2025,DL,DL,Texas,SEC,77.625,332,10.0,34.5,85.0,4.28,26.0,11,96.0,6.65,4.97,1,2042,26.107,88.25,73.85,92.32,35.538,5.3753,0,0,Rounds 2-3,0,0.18364138269037583,45,51.652892561983464,95.74468085106383
2025,WR,Skill,Georgia,SEC,70.0,185,9.25,31.375,75.625,4.4,33.5,11,120.0,6.9,4.03,1,1998,22.091,82.861,79.935,73.308,59.572,2.7081,1,0,Rounds 6-7,0,0.18335458255224374,45,52.066115702479344,95.74468085106383
2025,DL,DL,Texas A&M,SEC,75.125,290,10.25,33.5,81.125,5.45,43.0,33,138.0,6.65,4.97,0,1762,14.297,76.763,68.737,71.579,64.836,5.2832,1,0,Rounds 2-3,0,0.18320427401681105,45,52.47933884297521,95.74468085106383
2025,EDGE,DL,Alabama,SEC,76.25,243,9.5,33.5,80.125,5.05,43.0,23,138.0,8.19,4.97,0,1986,23.933,85.057,77.281,79.955,59.628,4.8283,1,0,Rounds 4-5,1,0.18293935867182,46,52.892561983471076,97.87234042553192
2025,DL,DL,Kentucky,SEC,79.375,331,10.5,34.25,84.125,5.45,25.0,33,104.0,6.65,4.03,1,1498,4.707,54.684,41.39,62.472,62.769,5.0106,0,1,Rounds 4-5,1,0.18281373043235163,47,53.30578512396694,100.0
2025,EDGE,DL,Texas A&M,SEC,74.75,257,10.0,33.0,80.875,4.28,35.8,15,93.0,6.65,4.03,0,1762,14.297,76.763,68.737,71.579,64.836,5.3375,1,1,Rounds 2-3,0,0.18218549627888672,47,53.71900826446281,100.0
2024,OT,OL,Central Florida,Big 12,77.75,306,10.125,33.625,80.625,4.95,36.5,29,117.0,7.76,4.75,1,1617,9.736,69.854,75.965,58.387,40.005,4.0073,0,0,Rounds 6-7,0,0.18212099443695667,47,54.132231404958674,100.0
2023,TE,Skill,Georgia,SEC,78.625,264,11.0,34.375,83.75,4.64,31.0,21,122.0,6.75,4.08,1,2300,29.908,93.511,90.791,87.647,45.406,5.112,0,0,Rounds 2-3,0,0.18148454752679974,47,54.54545454545454,100.0
2023,EDGE,DL,Louisiana,Sun Belt,76.5,248,10.0,34.25,81.25,4.67,29.0,23,116.0,7.35,4.44,1,1556,-2.136,45.745,34.883,52.541,66.931,3.2581,0,0,Rounds 6-7,0,0.17987016418821833,47,54.958677685950406,100.0
2024,S,Secondary,Washington,Pac-12,74.375,215,10.0,33.25,79.875,4.51,39.0,16,122.0,6.83,4.14,1,1879,17.544,82.666,86.101,64.802,60.593,4.585,0,0,Rounds 6-7,0,0.17843782063990585,47,55.371900826446286,100.0
2023,WR,Skill,Penn St.,Big Ten,70.0,204,10.125,29.0,72.0,4.52,35.5,16,123.0,6.94,4.29,1,2000,19.477,82.964,71.335,83.462,50.595,4.3041,0,0,Rounds 6-7,0,0.1782576781749697,47,55.78512396694215,100.0
2025,EDGE,DL,Brigham Young,Big 12,77.625,271,9.375,33.125,81.0,4.78,34.0,27,120.0,7.21,4.54,1,1717,9.307,74.278,67.062,70.631,58.08,0.0,0,0,Undrafted,0,0.17642292451793895,47,56.19834710743802,100.0
2025,WR,Skill,Texas,SEC,71.0,191,9.5,30.5,76.375,4.29,27.78,11,115.1,6.65,4.03,1,2042,26.107,88.25,73.85,92.32,35.538,5.4638,0,0,Round 1,0,0.17607954205721124,47,56.611570247933884,100.0
2023,EDGE,DL,Florida,SEC,75.875,250,9.25,33.125,80.75,4.82,33.0,24,115.0,7.22,4.44,1,1581,7.555,60.994,69.396,49.078,49.533,0.0,0,0,Undrafted,0,0.17550901953830225,47,57.02479338842975,100.0
2024,C,OL,Duke,ACC,75.0,308,10.0,32.375,79.0,5.09,29.5,28,108.0,7.41,4.01,1,1654,8.778,68.7,63.774,63.667,60.347,4.5643,0,0,Rounds 6-7,0,0.1746901839690587,47,57.438016528925615,100.0
2023,EDGE,DL,Nebraska,Big Ten,76.75,250,10.75,35.25,83.375,4.74,33.5,21,118.0,7.18,4.38,1,1532,-0.651,40.694,43.713,40.707,51.926,4.2485,0,0,Rounds 6-7,0,0.17389412431864332,47,57.85123966942148,100.0
2025,QB,Skill,Miami,ACC,73.625,219,9.0,30.5,75.75,4.28,43.0,22,138.0,8.19,4.97,0,1855,17.338,77.097,87.084,52.889,41.286,5.553,1,1,Round 1,0,0.17358738094172363,47,58.26446280991735,100.0
2023,TE,Skill,Oklahoma,Big 12,75.5,241,9.75,33.25,79.125,4.68,32.0,20,117.0,7.3,4.36,1,1662,9.969,66.271,71.907,54.872,48.16,2.4849,0,0,Rounds 6-7,0,0.17212334013613897,47,58.67768595041323,100.0
2023,CB,Secondary,Michigan,Big Ten,71.25,178,9.625,30.75,73.375,4.26,38.5,12,131.0,6.51,4.28,1,2124,23.62,85.085,79.485,79.2,57.128,5.2933,1,0,Rounds 2-3,0,0.1712348503087199,47,59.09090909090909,100.0
2025,DL,DL,Alabama,SEC,76.375,302,10.375,33.0,81.625,4.28,24.5,33,138.0,6.65,4.6,0,1986,23.933,85.057,77.281,79.955,59.628,4.2341,1,0,Rounds 6-7,0,0.17113104510163316,47,59.50413223140496,100.0
2024,K,Special Teams,Alabama,SEC,72.875,187,8.5,31.0,73.625,4.39,38.0,15,127.0,6.81,4.14,0,2032,24.925,84.968,76.211,80.844,61.941,4.0254,0,0,Rounds 6-7,0,0.17055876050456875,47,59.917355371900825,100.0
2025,IOL,OL,West Virginia,Big 12,78.5,313,10.25,32.125,79.5,5.27,30.0,33,108.0,8.19,4.69,1,1455,1.795,52.984,64.597,35.526,62.429,5.1358,0,0,Rounds 2-3,0,0.17053369013824343,47,60.33057851239669,100.0
2025,RB,Skill,South Carolina,SEC,72.0,217,9.25,31.5,76.25,4.46,36.5,33,117.1,7.28,4.03,1,1810,14.834,76.206,60.762,80.864,51.02,0.0,0,0,Undrafted,0,0.1701626961287358,47,60.74380165289256,100.0
2023,WR,Skill,Maryland,Big Ten,71.25,201,8.625,31.625,76.75,4.42,33.0,20,127.0,7.01,4.47,1,1645,7.842,61.934,61.039,57.849,51.968,0.0,0,0,Undrafted,0,0.16986412899355433,47,61.15702479338842,100.0
2024,WR,Skill,Texas,Big 12,73.25,205,9.0,32.375,77.625,4.34,39.5,19,136.0,6.84,4.11,1,2025,23.196,86.583,76.615,83.977,60.972,5.3327,1,0,Rounds 2-3,0,0.16956738228965104,47,61.57024793388429,100.0
2024,RB,Skill,TCU,Big 12,67.375,202,9.75,29.875,70.75,4.61,33.5,22,116.0,6.87,4.23,1,1631,9.511,59.244,64.411,51.426,45.245,0.0,0,0,Undrafted,0,0.16947592746037826,47,61.98347107438017,100.0
2023,K,Special Teams,Georgia,SEC,72.0,194,9.125,29.625,74.375,4.58,34.0,20,121.0,7.27,4.44,0,2300,29.908,93.511,90.791,87.647,45.406,0.0,0,0,Undrafted,0,0.16895862487245245,47,62.396694214876035,100.0
2023,WR,Skill,Fresno St.,Mountain West,71.125,172,8.875,30.125,74.75,4.4,34.5,12,121.0,6.91,4.29,1,1766,3.726,61.671,58.399,57.283,60.117,0.0,0,0,Undrafted,0,0.16731981482333674,47,62.8099173553719,100.0
2024,IOL,OL,Michigan,Big Ten,76.125,309,10.625,35.0,84.75,5.15,29.5,28,109.0,7.7,4.61,0,2210,27.625,94.395,88.226,91.352,54.858,2.3026,0,0,Rounds 6-7,0,0.16707760287570816,47,63.22314049586777,100.0
2024,RB,Skill,Georgia,SEC,69.625,207,9.5,29.75,73.0,4.56,32.5,22,114.0,6.95,4.24,1,2273,24.777,87.417,88.149,74.455,48.128,0.0,1,0,Undrafted,0,0.16608494735241391,47,63.63636363636363,100.0
2023,OT,OL,North Carolina,ACC,76.0,309,10.0,34.0,82.75,5.15,29.5,20,108.0,7.6,4.69,0,1559,6.195,60.099,78.452,30.968,61.95,4.4998,0,0,Rounds 6-7,0,0.16475066869393115,47,64.0495867768595,100.0
2024,C,OL,Michigan St.,Big Ten,76.0,307,9.75,32.75,79.0,5.17,31.5,27,107.0,7.41,4.29,0,1338,-3.512,38.745,32.821,44.666,62.478,3.434,0,0,Rounds 6-7,0,0.16462769086384224,47,64.46280991735537,100.0
2023,EDGE,DL,Iowa St.,Big 12,74.5,269,9.25,33.75,82.0,4.68,33.0,20,117.0,7.43,4.52,1,1554,6.28,57.494,40.857,78.383,33.853,0.0,0,0,Undrafted,0,0.16325271988768914,47,64.87603305785123,100.0
2025,RB,Skill,Miami,ACC,71.625,217,9.5,30.5,75.25,4.51,35.0,33,124.0,6.95,4.97,1,1855,17.338,77.097,87.084,52.889,41.286,3.5835,1,1,Rounds 6-7,0,0.16226064477006122,47,65.28925619834712,100.0
2024,OT,OL,Notre Dame,FBS Independent,77.75,310,10.0,34.375,83.0,5.2,28.0,28,114.0,7.76,4.73,1,2077,20.776,83.947,78.304,77.941,57.082,5.2983,1,0,Rounds 2-3,0,0.16200574019729377,47,65.70247933884298,100.0
2023,CB,Secondary,Coastal Carolina,Sun Belt,74.0,200,9.75,32.375,78.125,4.48,37.0,13,124.0,6.83,4.3,1,1344,-6.531,40.095,54.955,32.539,40.387,0.0,0,0,Undrafted,0,0.16122977229855687,47,66.11570247933885,100.0
2024,C,OL,Michigan,Big Ten,73.5,298,9.0,33.0,78.25,5.23,29.5,25,101.0,7.33,4.5,1,2210,27.625,94.395,88.226,91.352,54.858,0.0,0,0,Undrafted,0,0.16069795743232615,47,66.52892561983471,100.0
2025,CB,Secondary,Nebraska,Big Ten,72.5,213,9.0,32.75,79.5,4.38,30.44,11,116.6,8.12,4.97,0,1537,6.154,64.984,58.011,69.664,41.381,0.0,0,0,Undrafted,0,0.16030670782387174,47,66.94214876033058,100.0
2024,OT,OL,Penn St.,Big Ten,76.875,314,10.75,34.0,82.625,5.15,31.0,30,116.0,7.92,4.64,1,2000,25.618,85.731,66.931,89.424,64.921,5.2523,1,0,Rounds 2-3,0,0.1598235499356293,47,67.35537190082644,100.0
2023,IOL,OL,USC,Pac-12,78.0,310,10.0,32.125,77.75,5.22,29.0,20,105.0,7.9,4.79,1,1745,13.164,77.414,90.693,44.38,43.862,3.4012,0,0,Rounds 6-7,0,0.1596543209028738,47,67.76859504132231,100.0
2025,IOL,OL,Georgia,SEC,78.5,308,10.375,32.25,79.25,4.97,32.0,11,113.0,7.38,4.03,1,1998,22.091,82.861,79.935,73.308,59.572,5.3083,1,0,Rounds 2-3,0,0.15937126698638351,47,68.18181818181817,100.0
2024,S,Secondary,Texas Tech,Big 12,74.375,216,9.125,33.375,79.125,4.51,41.0,24,146.0,6.81,4.04,1,1562,6.237,62.556,51.102,66.311,59.243,0.0,0,0,Undrafted,0,0.1590276996217833,47,68.59504132231406,100.0
2023,RB,Skill,East Carolina,AAC,67.875,179,9.25,30.75,74.75,4.37,38.0,20,126.0,7.33,4.77,1,1509,1.775,54.675,70.734,39.058,37.309,0.0,0,0,Undrafted,0,0.15866441743732096,47,69.00826446280992,100.0
2025,OT,OL,Boston College,ACC,80.125,316,10.375,33.0,81.0,5.21,24.5,22,106.0,7.71,4.7,1,1513,4.829,61.35,56.657,64.403,40.228,5.3132,0,0,Rounds 2-3,0,0.15798722611399507,47,69.42148760330579,100.0
2024,WR,Skill,Mississippi St.,SEC,70.0,181,9.125,30.625,72.75,4.43,35.5,14,124.0,7.0,4.35,1,1421,0.859,45.573,31.326,62.302,47.192,0.0,0,0,Undrafted,0,0.1568703155096706,47,69.83471074380165,100.0
2024,EDGE,DL,Charlotte,AAC,76.5,260,9.5,33.5,79.375,4.65,34.5,23,121.0,7.17,4.36,0,1055,-14.993,22.913,17.6,42.495,39.432,0.0,0,0,Undrafted,0,0.15630540187659311,47,70.24793388429752,100.0
2024,OT,OL,Arizona,Pac-12,77.0,311,10.875,32.875,81.375,5.04,28.0,27,110.0,8.02,4.72,1,1822,11.44,73.172,77.614,56.651,58.122,5.4553,0,0,Round 1,0,0.1562815137578462,47,70.66115702479338,100.0
2023,RB,Skill,Texas,Big 12,71.0,215,9.75,31.125,74.75,4.46,37.0,20,124.0,6.77,4.26,1,1900,19.379,79.1,73.758,70.57,66.449,5.5255,1,1,Round 1,0,0.15591986443260517,47,71.07438016528926,100.0
2025,WR,Skill,Notre Dame,FBS Independent,75.0,201,9.5,31.5,79.5,4.49,38.37,19,123.0,7.02,4.42,0,2154,25.305,88.314,78.053,88.226,42.499,0.0,0,0,Undrafted,0,0.15505991572736516,47,71.48760330578511,100.0
2024,TE,Skill,Washington,Pac-12,75.125,231,9.25,32.875,78.5,4.47,35.0,28,121.0,6.99,4.39,1,1879,17.544,82.666,86.101,64.802,60.593,2.5649,0,0,Rounds 6-7,0,0.15445989576091604,47,71.900826446281,100.0
2024,C,OL,Duke,ACC,77.375,313,9.375,32.875,79.75,5.2,31.0,27,105.0,7.41,4.24,0,1654,8.778,68.7,63.774,63.667,60.347,5.451,0,0,Round 1,0,0.15360961032409942,47,72.31404958677686,100.0
2023,TE,Skill,Utah,Pac-12,76.0,246,10.25,32.625,78.375,4.67,35.0,21,120.0,7.37,4.3,0,1915,19.146,79.905,74.866,74.068,53.378,5.4553,0,0,Round 1,0,0.15310535470864647,47,72.72727272727273,100.0
2023,CB,Secondary,Iowa,Big Ten,72.0,205,9.25,31.875,77.125,4.62,35.5,18,118.0,6.99,4.17,1,1748,7.409,67.111,21.369,88.288,70.495,0.0,0,0,Undrafted,0,0.15246358625135567,47,73.14049586776859,100.0
2025,TE,Skill,Iowa,Big Ten,77.75,251,10.0,32.125,78.375,5.42,35.0,11,120.0,7.18,4.47,1,1774,11.144,70.238,48.063,74.759,71.573,1.3863,0,0,Rounds 6-7,0,0.15128020805110493,47,73.55371900826447,100.0
2024,C,OL,Oklahoma,Big 12,76.0,314,10.0,32.5,78.75,5.42,24.5,24,95.0,7.41,4.33,1,1930,22.492,84.142,84.36,76.697,33.868,0.0,0,0,Undrafted,0,0.15082355699717892,47,73.96694214876032,100.0
2023,EDGE,DL,Clemson,ACC,77.0,268,8.5,33.75,81.25,4.62,32.0,25,117.0,7.36,4.44,1,1843,17.553,74.958,64.744,77.07,48.641,5.4424,0,1,Round 1,0,0.15068356994179397,47,74.3801652892562,100.0
2023,RB,Skill,USC,Pac-12,70.0,201,9.25,27.125,70.25,4.46,35.5,20,122.0,7.16,4.61,0,1745,13.164,77.414,90.693,44.38,43.862,0.0,0,0,Undrafted,0,0.15003971309929817,47,74.79338842975206,100.0
2024,WR,Skill,USC,Pac-12,74.375,208,9.625,33.0,78.0,4.5,36.5,13,119.0,6.86,4.12,1,1723,13.091,69.753,82.697,42.068,66.367,3.5264,0,0,Rounds 6-7,0,0.14993423762312277,47,75.20661157024794,100.0
2025,EDGE,DL,Ole Miss,SEC,77.875,274,9.125,33.5,82.75,5.45,24.5,30,138.0,8.19,4.97,0,2007,20.608,84.235,76.596,81.866,47.73,0.0,1,0,Undrafted,0,0.14911383242822382,47,75.6198347107438,100.0
2023,LB,LB,Cincinnati,AAC,70.5,231,9.5,30.25,72.0,4.55,33.5,22,119.0,7.44,4.41,0,1690,6.451,60.989,44.607,64.989,69.829,0.0,0,1,Undrafted,0,0.1479087218128836,47,76.03305785123968,100.0
2024,QB,Skill,Michigan,Big Ten,74.5,219,9.0,31.625,75.875,4.81,32.5,17,114.0,6.82,4.23,1,2210,27.625,94.395,88.226,91.352,54.858,5.5175,0,0,Round 1,0,0.14770801032143893,47,76.44628099173553,100.0
2023,LB,LB,Iowa,Big Ten,76.625,249,10.25,31.875,78.25,4.65,37.5,29,128.0,6.74,4.24,1,1748,7.409,67.111,21.369,88.288,70.495,5.4848,0,1,Round 1,0,0.1472788975938561,47,76.85950413223141,100.0
2025,EDGE,DL,Baylor,Big 12,75.75,242,9.0,34.25,81.25,5.45,32.5,21,124.0,6.65,4.97,1,1656,9.105,70.789,70.321,56.691,72.021,0.0,0,0,Undrafted,0,0.1461149566752131,47,77.27272727272727,100.0
2023,CB,Secondary,Notre Dame,FBS Independent,72.375,202,9.0,30.875,74.75,4.62,30.5,17,118.0,7.08,4.23,1,1850,12.6,69.601,59.985,66.897,66.833,0.0,0,0,Undrafted,0,0.1444685135486555,47,77.68595041322314,100.0
2025,WR,Skill,Oregon,Big Ten,74.125,205,9.75,31.5,78.5,4.57,32.0,12,123.0,7.04,4.54,1,2040,21.125,85.854,85.403,73.779,53.859,0.0,1,0,Undrafted,0,0.14442388838616663,47,78.099173553719,100.0
2025,DL,DL,Utah,Big 12,75.5,308,10.5,32.5,78.75,5.03,28.5,24,93.0,8.19,4.03,1,1563,5.029,60.487,30.282,79.81,59.786,0.0,0,0,Undrafted,0,0.1441012754752505,47,78.51239669421489,100.0
2023,EDGE,DL,North Carolina,ACC,76.0,238,8.625,32.625,78.875,4.61,34.5,22,123.0,7.22,4.45,1,1559,6.195,60.099,78.452,30.968,61.95,0.0,0,0,Undrafted,0,0.1422590007520306,47,78.92561983471074,100.0
2025,TE,Skill,South Carolina,SEC,76.125,239,10.125,33.75,83.0,4.65,38.0,33,124.0,7.22,4.4,1,1810,14.834,76.206,60.762,80.864,51.02,0.0,0,0,Undrafted,0,0.14094300564882878,47,79.33884297520662,100.0
2023,RB,Skill,Utah,Pac-12,72.375,237,9.25,31.125,76.0,4.74,30.0,20,118.0,6.84,4.32,1,1915,19.146,79.905,74.866,74.068,53.378,0.0,0,0,Undrafted,0,0.14038796735509806,47,79.75206611570248,100.0
2024,DL,DL,Texas,Big 12,76.5,366,10.125,33.25,81.25,5.27,26.0,27,98.0,8.74,5.46,1,2025,23.196,86.583,76.615,83.977,60.972,5.3982,1,1,Rounds 2-3,0,0.14006635183683216,47,80.16528925619835,100.0
2025,LB,LB,Georgia,SEC,73.0,243,10.25,32.0,79.875,4.75,24.5,11,115.3,6.88,4.03,0,1998,22.091,82.861,79.935,73.308,59.572,5.4972,1,1,Round 1,0,0.13908333986845267,47,80.57851239669421,100.0
2025,DL,DL,North Carolina,ACC,76.25,294,10.25,33.25,81.125,4.28,35.5,26,114.0,8.19,4.03,1,1496,2.602,50.555,55.402,46.067,47.749,0.0,0,0,Undrafted,0,0.13891639641441877,47,80.99173553719008,100.0
2024,OT,OL,Georgia,SEC,79.75,340,11.25,36.125,86.75,5.07,25.5,30,111.0,7.46,4.41,1,2273,24.777,87.417,88.149,74.455,48.128,5.4848,1,0,Round 1,0,0.13863158106548412,47,81.40495867768594,100.0
2023,OT,OL,Georgia,SEC,77.375,311,10.625,34.75,82.75,4.97,30.0,20,108.0,7.6,4.69,1,2300,29.908,93.511,90.791,87.647,45.406,5.5013,0,0,Round 1,0,0.13815605593843897,47,81.81818181818183,100.0
2025,IOL,OL,Iowa,Big Ten,77.75,309,10.0,32.0,77.125,5.45,28.5,33,110.0,7.78,4.63,1,1774,11.144,70.238,48.063,74.759,71.573,2.3026,0,0,Rounds 6-7,0,0.1379245079127958,47,82.23140495867769,100.0
2023,RB,Skill,Tulsa,AAC,71.75,216,9.25,31.25,75.0,4.41,35.5,20,124.0,6.83,4.31,1,1378,-4.107,43.074,50.493,42.491,37.352,0.0,0,0,Undrafted,0,0.1367600294348615,47,82.64462809917356,100.0
2024,CB,Secondary,Michigan,Big Ten,71.125,185,8.875,31.375,75.625,4.39,34.5,13,120.0,6.94,4.35,1,2210,27.625,94.395,88.226,91.352,54.858,0.0,0,0,Undrafted,0,0.13632623875597275,47,83.05785123966942,100.0
2025,WR,Skill,Virginia Tech,ACC,76.25,213,9.0,32.25,79.125,4.5,32.5,18,122.0,7.1,4.3,1,1647,8.853,70.514,55.299,74.421,59.153,0.0,0,0,Undrafted,0,0.13601644588334727,47,83.47107438016529,100.0
2025,DL,DL,Arkansas,SEC,75.25,319,9.5,33.0,81.25,5.14,27.0,28,108.0,7.68,4.97,1,1611,8.19,65.787,60.714,66.155,45.94,0.0,0,0,Undrafted,0,0.13593343277702064,47,83.88429752066115,100.0
2025,LB,LB,Utah,Big 12,134.75,231,10.067,31.482,74.5,4.68,29.53,11,123.3,7.09,4.03,0,1563,5.029,60.487,30.282,79.81,59.786,0.0,0,0,Undrafted,0,0.13525497370244247,47,84.29752066115702,100.0
2024,DL,DL,Miami,ACC,75.5,303,9.0,33.875,80.625,5.12,30.0,27,109.0,7.81,4.75,1,1580,11.169,68.436,66.666,63.176,51.762,0.0,0,0,Undrafted,0,0.1347861431411492,47,84.71074380165288,100.0
2023,IOL,OL,Washington,Pac-12,77.75,306,10.75,34.0,81.125,5.5,28.0,20,101.0,8.34,4.97,1,1760,11.472,73.944,84.016,49.984,45.242,0.0,1,0,Undrafted,0,0.13154318020488853,47,85.12396694214877,100.0
2023,OT,OL,Florida,SEC,77.0,306,10.0,34.0,81.125,5.15,30.0,20,108.0,7.6,4.69,0,1581,7.555,60.994,69.396,49.078,49.533,0.0,0,0,Undrafted,0,0.13029935260104172,47,85.53719008264463,100.0
2025,IOL,OL,Clemson,ACC,77.25,321,9.0,32.625,80.875,5.45,24.5,11,113.3,6.77,4.03,0,1807,14.768,79.193,79.078,73.333,36.319,0.0,0,0,Undrafted,0,0.12986448876548246,47,85.9504132231405,100.0
2025,LB,LB,Rutgers,Big Ten,76.625,239,9.0,34.5,82.375,4.28,43.0,33,123.2,7.59,4.2,0,1533,3.857,55.405,64.09,40.753,58.771,0.0,0,0,Undrafted,0,0.12980146114614405,47,86.36363636363636,100.0
2024,TE,Skill,South Carolina,SEC,75.0,240,9.375,34.25,78.75,4.64,32.5,28,121.0,7.09,4.54,1,1594,6.054,55.105,53.866,54.724,48.937,0.0,0,0,Undrafted,0,0.1296047965018747,47,86.77685950413223,100.0
2025,CB,Secondary,Villanova,CAA,73.25,209,9.5,31.625,78.125,4.56,32.92,11,124.0,6.65,4.97,1,1715,10.737,66.313,60.06,66.447,50.291,0.0,0,0,Undrafted,0,0.12861363301709128,47,87.19008264462809,100.0
2023,DL,DL,Georgia,SEC,75.0,314,10.25,33.5,81.0,5.13,29.0,25,106.0,7.65,4.82,0,2300,29.908,93.511,90.791,87.647,45.406,5.5215,0,1,Round 1,0,0.12787835765222053,47,87.60330578512396,100.0
2025,WR,Skill,Arizona,Big 12,76.125,219,10.0,31.5,77.875,4.68,32.15,15,121.5,6.94,4.19,0,1307,-3.385,38.477,43.057,38.791,48.852,5.5255,0,1,Round 1,0,0.12505596778162303,47,88.01652892561982,100.0
2024,OT,OL,Oregon St.,Pac-12,77.75,324,10.125,33.125,80.625,5.13,32.0,30,111.0,7.81,4.63,1,1722,13.996,79.392,79.074,67.781,54.727,5.5013,0,1,Round 1,0,0.12465971162656918,47,88.42975206611571,100.0
2025,TE,Skill,Utah,Big 12,74.0,236,10.5,31.5,76.75,5.45,43.0,11,113.3,8.19,4.03,0,1563,5.029,60.487,30.282,79.81,59.786,0.0,0,0,Undrafted,0,0.12185579917313781,47,88.84297520661157,100.0
2024,OT,OL,Howard,MEAC,79.75,353,9.75,35.125,85.5,5.35,27.5,31,105.0,7.5,4.41,1,1743,10.624,67.994,66.593,60.836,53.823,0.0,0,0,Undrafted,0,0.12137906553773335,47,89.25619834710744,100.0
2025,WR,Skill,Tennessee,SEC,74.5,209,10.0,32.125,78.5,4.33,42.99,14,123.6,6.65,4.03,0,1915,20.786,83.706,67.16,87.119,52.677,0.0,0,0,Undrafted,0,0.12093709342363279,47,89.6694214876033,100.0
2025,WR,Skill,Ohio State,Big Ten,72.875,202,9.5,31.5,76.625,4.54,37.82,11,125.3,7.41,4.55,0,2211,24.823,87.333,80.443,83.601,49.523,5.4806,1,1,Round 1,0,0.12076462615272764,47,90.08264462809917,100.0
2023,CB,Secondary,Alabama,SEC,71.625,190,9.5,30.75,78.125,4.58,34.5,14,125.0,6.51,4.3,1,2181,27.296,89.526,85.539,81.093,61.676,5.366,1,1,Rounds 2-3,0,0.12026232863367847,47,90.49586776859503,100.0
2023,OT,OL,Boise St.,Mountain West,77.75,309,10.75,34.0,83.625,5.24,28.5,20,104.0,7.52,4.52,1,1712,3.797,52.954,41.976,64.425,46.27,0.0,0,0,Undrafted,0,0.12004546461327624,47,90.9090909090909,100.0
2025,WR,Skill,San Jose St.,Mountain West,74.5,203,8.625,31.0,76.5,4.57,34.0,16,123.0,7.41,4.47,1,1477,-5.133,42.709,44.903,47.684,35.133,0.0,0,0,Undrafted,0,0.11981516196526201,47,91.32231404958677,100.0
2024,TE,Skill,Colorado St.,Mountain West,75.375,241,10.25,33.625,78.125,4.78,32.5,28,122.0,6.83,4.21,1,1276,-11.774,30.563,28.491,37.664,56.051,0.0,0,0,Undrafted,0,0.11951272381738806,47,91.73553719008265,100.0
2025,WR,Skill,Missouri,SEC,75.0,200,9.5,32.125,78.375,4.56,31.0,17,117.0,6.84,4.03,1,1711,12.197,68.028,61.356,72.874,37.108,0.0,0,0,Undrafted,0,0.11923530943873074,47,92.14876033057851,100.0
2023,IOL,OL,Tennessee-Chattanooga,SoCon,78.0,324,10.25,35.0,83.875,5.24,26.5,20,105.0,7.7,4.97,1,1738,11.336,69.68,68.952,64.29,44.371,0.0,0,0,Undrafted,0,0.1190581275391401,47,92.56198347107438,100.0
2025,WR,Skill,Ole Miss,SEC,74.375,205,9.5,31.75,78.25,4.54,38.5,15,125.0,6.93,4.05,1,2007,20.608,84.235,76.596,81.866,47.73,5.3181,1,1,Rounds 2-3,0,0.11860627215308107,47,92.97520661157024,100.0
2023,OT,OL,Kansas,Big 12,77.75,309,9.5,34.125,80.75,5.05,31.0,20,111.0,7.6,4.69,1,1373,3.37,60.21,82.028,38.063,37.048,0.0,0,0,Undrafted,0,0.11771543933399325,47,93.38842975206612,100.0
2024,P,Special Teams,BYU,Big 12,76.375,235,8.875,31.25,76.375,4.63,35.5,19,123.0,7.05,4.31,0,1364,-1.805,52.478,36.286,62.31,60.603,0.0,0,0,Undrafted,0,0.11718701195305245,47,93.80165289256198,100.0
2024,WR,Skill,Florida St.,ACC,75.25,213,9.375,32.125,78.125,4.61,38.0,15,127.0,6.84,4.1,1,1789,19.915,83.68,70.051,84.429,58.266,5.4205,0,1,Rounds 2-3,0,0.1131619369509102,47,94.21487603305785,100.0
2023,LS,Special Teams,Central Florida,AAC,76.0,240,9.625,30.375,78.375,5.06,30.0,12,114.0,7.27,4.46,1,1551,6.904,61.732,66.565,49.575,55.483,0.0,0,0,Undrafted,0,0.11177245130103301,47,94.62809917355372,100.0
2023,IOL,OL,Duluth/University of Minnesota,NSIC,76.0,304,9.75,32.375,78.75,5.2,29.0,20,109.0,7.77,4.75,0,1819,14.599,74.563,74.162,65.921,50.606,0.0,0,0,Undrafted,0,0.11003161803019175,47,95.0413223140496,100.0
2025,WR,Skill,Texas Tech,Big 12,72.625,186,10.5,30.75,76.625,4.7,33.0,14,121.0,7.02,4.97,1,1607,6.204,57.272,59.502,48.684,59.274,0.0,1,0,Undrafted,0,0.10947637062533484,47,95.45454545454545,100.0
2024,IOL,OL,Maryland,Big Ten,76.125,308,9.875,33.0,80.625,5.01,26.5,28,112.0,7.64,4.61,1,1695,8.085,66.299,64.78,61.709,49.654,0.0,0,0,Undrafted,0,0.10882295463788902,47,95.86776859504133,100.0
2023,RB,Skill,Appalachian St.,Sun Belt,73.375,217,9.75,32.625,78.625,4.61,37.0,20,121.0,6.85,4.33,1,1593,0.411,45.95,62.053,35.887,34.024,0.0,0,0,Undrafted,0,0.1061957650205876,47,96.28099173553719,100.0
2023,TE,Skill,Wake Forest,ACC,75.75,247,8.75,32.125,79.375,4.7,35.5,20,115.0,7.42,4.3,1,1663,7.586,64.28,73.512,49.277,46.02,0.0,0,0,Undrafted,0,0.10559754657278556,47,96.69421487603306,100.0
2024,IOL,OL,Liberty,Conference USA,75.25,322,10.25,33.25,81.125,5.5,24.0,26,96.0,8.26,4.97,1,1609,3.816,67.732,83.531,42.547,34.869,0.0,0,0,Undrafted,0,0.10483668699453338,47,97.10743801652893,100.0
2023,WR,Skill,East Carolina,AAC,73.5,224,10.25,32.0,78.5,4.56,36.0,20,125.0,6.96,4.29,0,1509,1.775,54.675,70.734,39.058,37.309,0.0,0,0,Undrafted,0,0.10465028402386695,47,97.52066115702479,100.0
2025,OT,OL,Texas,SEC,77.125,315,10.375,33.5,84.375,5.16,32.0,14,104.0,7.81,4.66,1,2042,26.107,88.25,73.85,92.32,35.538,5.5215,0,1,Round 1,0,0.10315852719666778,47,97.93388429752066,100.0
2025,IOL,OL,Ohio State,Big Ten,75.625,315,9.75,33.5,83.75,4.28,24.5,11,102.1,6.65,4.03,0,2211,24.823,87.333,80.443,83.601,49.523,5.4596,1,1,Round 1,0,0.09635528514393008,47,98.34710743801654,100.0
2024,IOL,OL,Utah,Pac-12,76.5,321,10.0,32.5,79.5,5.38,29.5,27,101.0,7.95,4.9,1,1684,10.768,65.114,50.684,74.826,48.257,0.0,0,0,Undrafted,0,0.09439746204537618,47,98.7603305785124,100.0
2024,IOL,OL,Arkansas,SEC,77.25,304,9.5,32.75,77.875,5.31,29.0,26,110.0,7.57,4.47,1,1431,2.225,47.846,34.458,61.741,53.372,0.0,0,0,Undrafted,0,0.09207363535212047,47,99.17355371900827,100.0
2024,QB,Skill,Washington,Pac-12,74.25,216,10.5,33.625,81.0,4.79,32.5,17,112.0,7.04,4.26,0,1879,17.544,82.666,86.101,64.802,60.593,5.5255,0,1,Round 1,0,0.08774536915595732,47,99.58677685950413,100.0
2024,EDGE,DL,Alabama,SEC,74.75,247,9.875,34.375,83.0,4.46,40.5,23,127.0,7.39,4.31,1,2032,24.925,84.968,76.211,80.844,61.941,5.4889,0,1,Round 1,0,0.07849757147906128,47,100.0,100.0
