Season,Position,Position Group,Conference,Height (inches),Weight(lbs),Hand (inches),Wingspan (inches),40-Yard Dash (seconds),Vertical (inches),Bench (reps),Broad Jump (inches),3-Cone (seconds),Shuttle (seconds),Combine Participation,FPI,Efficiencies Overall,CFP Appearance,National Award,Actual Draft Tier,Actual Target,Predicted Probability,Cumulative Actual Captured,Percent of Players Reviewed,Percent of Actual Tier Captured
2024,EDGE,DL,SEC,74.75,247,9.875,83.0,4.46,40.5,23,127.0,7.39,4.31,1,24.925,84.968,0,1,Round 1,1,0.8509522567627777,1,0.4132231404958678,4.166666666666666
2025,QB,Skill,ACC,73.625,219,9.0,75.75,4.28,43.0,22,138.0,8.19,4.97,0,17.338,77.097,1,1,Round 1,1,0.8124203754996537,2,0.8264462809917356,8.333333333333332
2023,CB,Secondary,Pac-12,73.375,197,9.5,76.875,4.38,41.5,14,133.0,6.89,4.26,1,14.225,78.17,0,1,Round 1,1,0.7537104617099619,3,1.2396694214876034,12.5
2024,OT,OL,Pac-12,77.75,324,10.125,80.625,5.13,32.0,30,111.0,7.81,4.63,1,13.996,79.392,0,1,Round 1,1,0.7387710193474875,4,1.6528925619834711,16.666666666666664
2025,OT,OL,SEC,77.125,315,10.375,84.375,5.16,32.0,14,104.0,7.81,4.66,1,26.107,88.25,0,1,Round 1,1,0.7339996158734841,5,2.066115702479339,20.833333333333336
2023,CB,Secondary,SEC,71.625,190,9.5,78.125,4.58,34.5,14,125.0,6.51,4.3,1,27.296,89.526,1,1,Rounds 2-3,0,0.6533114330657366,5,2.479338842975207,20.833333333333336
2024,DL,DL,Big 12,76.5,366,10.125,81.25,5.27,26.0,27,98.0,8.74,5.46,1,23.196,86.583,1,1,Rounds 2-3,0,0.6312827375219067,5,2.8925619834710745,20.833333333333336
2023,DL,DL,SEC,75.0,314,10.25,81.0,5.13,29.0,25,106.0,7.65,4.82,0,29.908,93.511,0,1,Round 1,1,0.6032744925513905,6,3.3057851239669422,25.0
2025,WR,Skill,Big Ten,72.875,202,9.5,76.625,4.54,37.82,11,125.3,7.41,4.55,0,24.823,87.333,1,1,Round 1,1,0.5764931044501765,7,3.71900826446281,29.166666666666668
2023,EDGE,DL,ACC,77.0,268,8.5,81.25,4.62,32.0,25,117.0,7.36,4.44,1,17.553,74.958,0,1,Round 1,1,0.5711922659754319,8,4.132231404958678,33.33333333333333
2024,QB,Skill,Pac-12,74.25,216,10.5,81.0,4.79,32.5,17,112.0,7.04,4.26,0,17.544,82.666,0,1,Round 1,1,0.5528690949957923,9,4.545454545454546,37.5
2023,LB,LB,Big Ten,76.625,249,10.25,78.25,4.65,37.5,29,128.0,6.74,4.24,1,7.409,67.111,0,1,Round 1,1,0.5463229584814844,10,4.958677685950414,41.66666666666667
2025,IOL,OL,Big Ten,75.625,315,9.75,83.75,4.28,24.5,11,102.1,6.65,4.03,0,24.823,87.333,1,1,Round 1,1,0.5451362907145466,11,5.371900826446281,45.83333333333333
2025,WR,Skill,SEC,74.375,205,9.5,78.25,4.54,38.5,15,125.0,6.93,4.05,1,20.608,84.235,1,1,Rounds 2-3,0,0.5339197706506387,11,5.785123966942149,45.83333333333333
2023,RB,Skill,Big 12,71.0,215,9.75,74.75,4.46,37.0,20,124.0,6.77,4.26,1,19.379,79.1,1,1,Round 1,1,0.5114361997931915,12,6.198347107438017,50.0
2024,WR,Skill,ACC,75.25,213,9.375,78.125,4.61,38.0,15,127.0,6.84,4.1,1,19.915,83.68,0,1,Rounds 2-3,0,0.5062419039511117,12,6.6115702479338845,50.0
2025,RB,Skill,ACC,71.625,217,9.5,75.25,4.51,35.0,33,124.0,6.95,4.97,1,17.338,77.097,1,1,Rounds 6-7,0,0.4887123219477246,12,7.024793388429752,50.0
2025,EDGE,DL,SEC,74.75,257,10.0,80.875,4.28,35.8,15,93.0,6.65,4.03,0,14.297,76.763,1,1,Rounds 2-3,0,0.45904249497626526,12,7.43801652892562,50.0
2024,S,Secondary,Big Ten,73.25,199,9.0,77.5,4.52,37.0,14,124.0,7.01,4.98,0,-0.564,45.156,0,1,Rounds 2-3,0,0.39740527131413766,12,7.851239669421488,50.0
2025,DL,DL,SEC,79.375,331,10.5,84.125,5.45,25.0,33,104.0,6.65,4.03,1,4.707,54.684,0,1,Rounds 4-5,0,0.3598657329372484,12,8.264462809917356,50.0
2025,LB,LB,SEC,73.0,243,10.25,79.875,4.75,24.5,11,115.3,6.88,4.03,0,22.091,82.861,1,1,Round 1,1,0.35193187909808865,13,8.677685950413224,54.166666666666664
2023,LB,LB,AAC,70.5,231,9.5,72.0,4.55,33.5,22,119.0,7.44,4.41,0,6.451,60.989,0,1,Undrafted,0,0.3319260094261923,13,9.090909090909092,54.166666666666664
2025,CB,Secondary,Big 12,72.375,188,9.125,76.875,4.43,43.0,12,105.0,8.19,4.94,0,12.691,74.938,0,1,Round 1,1,0.3300060920896851,14,9.50413223140496,58.333333333333336
2024,OT,OL,Big Ten,76.875,314,10.75,82.625,5.15,31.0,30,116.0,7.92,4.64,1,25.618,85.731,1,0,Rounds 2-3,0,0.3035933341980118,14,9.917355371900827,58.333333333333336
2025,DL,DL,SEC,76.375,302,10.375,81.625,4.28,24.5,33,138.0,6.65,4.6,0,23.933,85.057,1,0,Rounds 6-7,0,0.29058713241849543,14,10.330578512396695,58.333333333333336
2025,WR,Skill,SEC,72.0,206,8.5,76.5,4.41,29.17,12,115.9,7.33,4.11,1,12.197,68.028,0,1,Rounds 2-3,0,0.28751555916062904,14,10.743801652892563,58.333333333333336
2024,LB,LB,ACC,75.875,233,9.0,75.75,4.43,34.5,18,119.0,7.29,4.43,1,6.943,65.952,0,1,Rounds 4-5,0,0.2786191950997833,14,11.15702479338843,58.333333333333336
2025,DL,DL,SEC,75.125,290,10.25,81.125,5.45,43.0,33,138.0,6.65,4.97,0,14.297,76.763,1,0,Rounds 2-3,0,0.2774771777333609,14,11.570247933884298,58.333333333333336
2024,OT,OL,SEC,79.75,340,11.25,86.75,5.07,25.5,30,111.0,7.46,4.41,1,24.777,87.417,1,0,Round 1,1,0.23187436755136934,15,11.983471074380166,62.5
2025,EDGE,DL,SEC,76.25,243,9.5,80.125,5.05,43.0,23,138.0,8.19,4.97,0,23.933,85.057,1,0,Rounds 4-5,0,0.2097715706817104,15,12.396694214876034,62.5
2025,EDGE,DL,SEC,78.0,264,10.0,83.625,4.68,40.5,28,129.0,7.02,4.97,1,8.19,65.787,0,0,Rounds 2-3,0,0.19811161461235985,15,12.8099173553719,62.5
2024,EDGE,DL,Big Ten,76.375,247,9.625,81.0,4.74,34.5,23,123.0,7.42,4.6,1,25.618,85.731,1,0,Rounds 2-3,0,0.18534053297737502,15,13.223140495867769,62.5
2023,OT,OL,SEC,77.375,311,10.625,82.75,4.97,30.0,20,108.0,7.6,4.69,1,29.908,93.511,0,0,Round 1,1,0.18502762592121222,16,13.636363636363635,66.66666666666666
2025,EDGE,DL,SEC,76.0,254,9.625,81.5,4.73,30.43,23,138.0,6.65,4.97,1,14.834,76.206,0,0,Rounds 4-5,0,0.18360080212039748,16,14.049586776859504,66.66666666666666
2025,WR,Skill,Big 12,76.125,219,10.0,77.875,4.68,32.15,15,121.5,6.94,4.19,0,-3.385,38.477,0,1,Round 1,1,0.18157067763737203,17,14.46280991735537,70.83333333333334
2023,CB,Secondary,Big Ten,71.25,178,9.625,73.375,4.26,38.5,12,131.0,6.51,4.28,1,23.62,85.085,1,0,Rounds 2-3,0,0.17405538267280224,17,14.87603305785124,70.83333333333334
2023,EDGE,DL,SEC,75.75,247,10.125,82.25,4.48,30.0,23,123.0,7.35,4.45,1,29.908,93.511,0,0,Rounds 6-7,0,0.1719053849872889,17,15.289256198347106,70.83333333333334
2024,LB,LB,Pac-12,72.5,236,9.25,79.625,4.56,39.5,18,128.0,7.32,5.27,1,17.544,82.666,0,0,Rounds 4-5,0,0.17109513092474046,17,15.702479338842975,70.83333333333334
2024,OT,OL,FBS Independent,77.75,310,10.0,83.0,5.2,28.0,28,114.0,7.76,4.73,1,20.776,83.947,1,0,Rounds 2-3,0,0.15814598858650208,17,16.115702479338843,70.83333333333334
2024,S,Secondary,Big 12,74.375,216,9.125,79.125,4.51,41.0,24,146.0,6.81,4.04,1,6.237,62.556,0,0,Undrafted,0,0.1573044968546021,17,16.528925619834713,70.83333333333334
2024,OT,OL,Pac-12,77.0,311,10.875,81.375,5.04,28.0,27,110.0,8.02,4.72,1,11.44,73.172,0,0,Round 1,1,0.1562415194331337,18,16.94214876033058,75.0
2025,RB,Skill,Big Ten,70.125,202,9.5,76.125,4.43,38.5,11,128.0,6.65,4.97,1,24.823,87.333,1,0,Rounds 2-3,0,0.15539189013254884,18,17.355371900826448,75.0
2023,DL,DL,Big 12,74.625,292,10.375,83.375,5.04,33.0,29,112.0,7.53,4.75,1,19.379,79.1,1,0,Rounds 6-7,0,0.15388411816268865,18,17.768595041322314,75.0
2024,OT,OL,Big 12,77.75,306,10.125,80.625,4.95,36.5,29,117.0,7.76,4.75,1,9.736,69.854,0,0,Rounds 6-7,0,0.1510295806621718,18,18.181818181818183,75.0
2024,CB,Secondary,FBS Independent,75.0,202,9.375,78.875,4.5,39.5,11,130.0,7.12,4.24,1,20.776,83.947,1,0,Rounds 4-5,0,0.14660048196861436,18,18.59504132231405,75.0
2024,DL,DL,Big Ten,74.75,290,10.0,81.125,4.97,31.0,27,111.0,7.65,4.61,0,27.485,89.569,1,0,Rounds 2-3,0,0.14531890222788957,18,19.00826446280992,75.0
2025,EDGE,DL,ACC,76.625,258,10.0,80.25,4.62,35.5,19,121.0,6.65,4.16,1,17.338,77.097,1,0,Rounds 6-7,0,0.14500806105219338,18,19.421487603305785,75.0
2024,LB,LB,Big Ten,73.375,241,10.25,77.75,4.58,35.0,18,124.0,7.45,4.74,1,25.618,85.731,1,0,Undrafted,0,0.1437054945821868,18,19.834710743801654,75.0
2025,DL,DL,SEC,77.625,332,10.0,85.0,4.28,26.0,11,96.0,6.65,4.97,1,26.107,88.25,0,0,Rounds 2-3,0,0.14021978013510522,18,20.24793388429752,75.0
2024,EDGE,DL,SEC,77.125,285,10.625,84.375,4.95,35.0,21,111.0,7.44,4.84,1,15.277,78.168,0,0,Round 1,1,0.13994223341426806,19,20.66115702479339,79.16666666666666
2025,EDGE,DL,ACC,74.5,248,9.25,82.75,4.28,35.5,22,119.0,6.94,4.19,1,4.829,61.35,0,0,Rounds 2-3,0,0.13986032921400987,19,21.074380165289256,79.16666666666666
2025,DL,DL,ACC,76.25,294,10.25,81.125,4.28,35.5,26,114.0,8.19,4.03,1,2.602,50.555,0,0,Undrafted,0,0.1393425645246641,19,21.487603305785125,79.16666666666666
2025,DL,DL,ACC,77.5,321,10.25,85.125,5.14,34.5,11,111.0,6.65,4.03,1,7.402,66.705,0,0,Rounds 6-7,0,0.1362308711472902,19,21.90082644628099,79.16666666666666
2024,WR,Skill,Big 12,73.25,205,9.0,77.625,4.34,39.5,19,136.0,6.84,4.11,1,23.196,86.583,1,0,Rounds 2-3,0,0.13529628137793656,19,22.31404958677686,79.16666666666666
2024,S,Secondary,Pac-12,74.375,215,10.0,79.875,4.51,39.0,16,122.0,6.83,4.14,1,17.544,82.666,0,0,Rounds 6-7,0,0.13485400777063117,19,22.727272727272727,79.16666666666666
2025,LB,LB,Big Ten,72.625,218,9.534,79.875,4.38,35.0,11,127.0,7.24,4.03,1,18.73,83.71,1,0,Undrafted,0,0.1344988748379668,19,23.140495867768596,79.16666666666666
2023,TE,Skill,SEC,78.625,264,11.0,83.75,4.64,31.0,21,122.0,6.75,4.08,1,29.908,93.511,0,0,Rounds 2-3,0,0.13249758175285611,19,23.553719008264462,79.16666666666666
2024,CB,Secondary,SEC,70.75,190,8.75,75.0,4.48,42.0,15,135.0,6.95,3.94,1,7.33,63.962,0,0,Rounds 2-3,0,0.12477841270258169,19,23.96694214876033,79.16666666666666
2025,TE,Skill,SEC,76.125,239,10.125,83.0,4.65,38.0,33,124.0,7.22,4.4,1,14.834,76.206,0,0,Undrafted,0,0.11735157786165099,19,24.380165289256198,79.16666666666666
2025,EDGE,DL,UAC,72.875,263,9.25,77.5,4.69,35.0,26,118.0,7.15,4.39,1,12.036,70.585,0,0,Rounds 4-5,0,0.1167881640315543,19,24.793388429752067,79.16666666666666
2023,CB,Secondary,Pac-12,69.0,184,9.125,70.375,4.51,33.0,18,133.0,6.51,4.32,1,19.146,79.905,0,0,Rounds 4-5,0,0.11294288828428986,19,25.206611570247933,79.16666666666666
2025,TE,Skill,SEC,75.0,274,9.625,78.25,4.91,34.0,26,119.0,7.34,4.45,1,23.933,85.057,1,0,Rounds 6-7,0,0.11168841514127446,19,25.6198347107438,79.16666666666666
2025,DL,DL,Big Ten,77.125,288,10.0,79.0,4.83,33.5,28,119.0,7.58,4.5,1,6.154,64.984,0,0,Rounds 4-5,0,0.11053921827218935,19,26.033057851239672,79.16666666666666
2023,OT,OL,Big Ten,77.625,306,9.375,79.125,5.1,31.5,20,113.0,7.6,4.69,1,7.842,61.934,0,0,Rounds 6-7,0,0.10765496056050904,19,26.446280991735538,79.16666666666666
2024,CB,Secondary,Big Ten,71.125,185,8.875,75.625,4.39,34.5,13,120.0,6.94,4.35,1,27.625,94.395,0,0,Undrafted,0,0.10622435051259574,19,26.859504132231404,79.16666666666666
2024,OT,OL,MEAC,79.75,353,9.75,85.5,5.35,27.5,31,105.0,7.5,4.41,1,10.624,67.994,0,0,Undrafted,0,0.10539102442197368,19,27.27272727272727,79.16666666666666
2024,S,Secondary,SEC,71.625,179,9.875,76.625,4.45,39.5,13,133.0,7.22,5.94,1,8.916,67.536,0,0,Rounds 6-7,0,0.10500935678305075,19,27.685950413223143,79.16666666666666
2024,RB,Skill,FBS Independent,71.375,221,10.25,76.5,4.71,38.0,23,125.0,7.0,4.25,1,20.776,83.947,1,0,Rounds 4-5,0,0.10481986764359627,19,28.09917355371901,79.16666666666666
2023,EDGE,DL,Big Ten,76.75,250,10.75,83.375,4.74,33.5,21,118.0,7.18,4.38,1,-0.651,40.694,0,0,Rounds 6-7,0,0.10473906842792041,19,28.512396694214875,79.16666666666666
2023,EDGE,DL,Big 12,74.5,269,9.25,82.0,4.68,33.0,20,117.0,7.43,4.52,1,6.28,57.494,0,0,Undrafted,0,0.10461566629694986,19,28.92561983471074,79.16666666666666
2023,DL,DL,SEC,75.0,304,10.0,82.0,5.1,29.5,24,109.0,7.6,4.79,1,13.237,75.362,0,0,Rounds 4-5,0,0.09903834433068112,19,29.338842975206614,79.16666666666666
2023,CB,Secondary,Big Ten,71.375,203,10.125,75.75,4.65,32.5,18,119.0,7.03,4.21,1,19.477,82.964,0,0,Rounds 2-3,0,0.09895781252925287,19,29.75206611570248,79.16666666666666
2023,CB,Secondary,AAC,72.0,195,9.5,78.0,4.53,37.5,15,125.0,6.97,4.52,1,4.061,51.527,0,0,Rounds 6-7,0,0.09867081663251698,19,30.165289256198346,79.16666666666666
2024,CB,Secondary,SEC,71.75,190,8.875,77.625,4.46,40.5,15,129.0,6.94,4.19,1,6.054,55.105,0,0,Rounds 6-7,0,0.09831536912659887,19,30.57851239669421,79.16666666666666
2024,DL,DL,ACC,74.375,302,10.25,79.125,4.99,32.0,27,109.0,7.95,4.75,1,8.778,68.7,0,0,Rounds 2-3,0,0.09808948935511812,19,30.991735537190085,79.16666666666666
2024,S,Secondary,SEC,70.5,198,9.0,73.875,4.47,37.0,17,123.0,7.03,5.04,1,24.777,87.417,1,0,Rounds 2-3,0,0.09725266070695421,19,31.40495867768595,79.16666666666666
2023,CB,Secondary,Big Ten,72.625,193,9.5,74.125,4.45,39.0,12,127.0,6.68,4.29,1,7.409,67.111,0,0,Rounds 2-3,0,0.09718619020918595,19,31.818181818181817,79.16666666666666
2025,EDGE,DL,SEC,77.875,274,9.125,82.75,5.45,24.5,30,138.0,8.19,4.97,0,20.608,84.235,1,0,Undrafted,0,0.09641797642171708,19,32.231404958677686,79.16666666666666
2023,WR,Skill,SEC,73.75,220,10.375,75.75,4.46,39.5,22,129.0,6.96,4.29,1,12.342,68.271,0,0,Rounds 2-3,0,0.09427115307169431,19,32.64462809917356,79.16666666666666
2024,TE,Skill,Pac-12,75.125,231,9.25,78.5,4.47,35.0,28,121.0,6.99,4.39,1,17.544,82.666,0,0,Rounds 6-7,0,0.0941313147196953,19,33.057851239669425,79.16666666666666
2023,EDGE,DL,Pac-12,76.0,260,9.0,80.125,4.49,32.0,28,110.0,7.37,4.44,1,14.225,78.17,0,0,Rounds 2-3,0,0.09325389426889717,19,33.47107438016529,79.16666666666666
2023,CB,Secondary,Pac-12,72.0,191,9.75,76.625,4.52,36.0,15,131.0,6.51,4.27,1,-3.917,38.149,0,0,Rounds 4-5,0,0.0914548163848342,19,33.88429752066116,79.16666666666666
2024,WR,Skill,OVC-Big South,72.75,202,10.125,76.125,4.44,39.5,19,132.0,6.85,4.12,1,10.257,67.367,0,0,Rounds 6-7,0,0.09109191420342307,19,34.29752066115703,79.16666666666666
2023,WR,Skill,Big Ten,70.0,204,10.125,72.0,4.52,35.5,16,123.0,6.94,4.29,1,19.477,82.964,0,0,Rounds 6-7,0,0.09103283911715182,19,34.710743801652896,79.16666666666666
2024,CB,Secondary,SEC,71.5,186,8.875,73.75,4.52,37.0,15,126.0,6.62,4.12,1,24.777,87.417,1,0,Rounds 2-3,0,0.09044079612577224,19,35.12396694214876,79.16666666666666
2024,EDGE,DL,Pac-12,75.875,264,9.75,78.75,4.69,33.5,21,114.0,7.07,4.48,1,3.221,62.169,0,0,Rounds 4-5,0,0.08950006072539277,19,35.53719008264463,79.16666666666666
2024,S,Secondary,Big Ten,73.5,199,8.75,78.0,4.55,32.5,13,121.0,7.03,5.07,1,27.485,89.569,1,0,Undrafted,0,0.08759109990647519,19,35.9504132231405,79.16666666666666
2023,OT,OL,ACC,76.0,309,10.0,82.75,5.15,29.5,20,108.0,7.6,4.69,0,6.195,60.099,0,0,Rounds 6-7,0,0.08667151277012328,19,36.36363636363637,79.16666666666666
2024,TE,Skill,Big 12,75.875,245,10.125,78.25,4.69,35.0,28,121.0,7.04,4.32,1,23.196,86.583,1,0,Rounds 4-5,0,0.0856697448875173,19,36.77685950413223,79.16666666666666
2025,CB,Secondary,Big 12,74.875,195,9.0,80.0,4.3,36.5,11,131.0,6.71,4.04,1,10.15,66.812,0,0,Rounds 2-3,0,0.08551706027223983,19,37.1900826446281,79.16666666666666
2025,WR,Skill,SEC,74.5,209,10.0,78.5,4.33,42.99,14,123.6,6.65,4.03,0,20.786,83.706,0,0,Undrafted,0,0.08429251411946796,19,37.60330578512397,79.16666666666666
2024,IOL,OL,Big Ten,76.125,309,10.625,84.75,5.15,29.5,28,109.0,7.7,4.61,0,27.625,94.395,0,0,Rounds 6-7,0,0.08386412984052907,19,38.01652892561984,79.16666666666666
2023,CB,Secondary,ACC,72.0,198,9.625,77.625,4.45,38.5,12,125.0,7.09,4.41,1,-0.466,39.09,0,0,Rounds 2-3,0,0.0837067172106835,19,38.429752066115704,79.16666666666666
2025,EDGE,DL,Big 12,77.625,271,9.375,81.0,4.78,34.0,27,120.0,7.21,4.54,1,9.307,74.278,0,0,Undrafted,0,0.08365877228132286,19,38.84297520661157,79.16666666666666
2023,WR,Skill,SEC,76.0,229,10.0,83.375,4.55,35.5,18,126.0,6.97,4.29,1,7.555,60.994,0,0,Rounds 4-5,0,0.08357626927291284,19,39.25619834710744,79.16666666666666
2023,QB,Skill,AAC,74.5,220,9.375,75.625,4.64,37.5,20,122.0,6.89,4.25,1,4.061,51.527,0,0,Rounds 4-5,0,0.0831823134476752,19,39.66942148760331,79.16666666666666
2023,TE,Skill,Pac-12,76.0,246,10.25,78.375,4.67,35.0,21,120.0,7.37,4.3,0,19.146,79.905,0,0,Round 1,1,0.08200432221931793,20,40.082644628099175,83.33333333333334
2025,S,Secondary,SEC,71.25,186,9.0,75.375,4.45,40.36,17,121.4,6.65,4.03,1,26.107,88.25,0,0,Rounds 2-3,0,0.08151977820256262,20,40.49586776859504,83.33333333333334
2025,WR,Skill,Big Ten,74.125,205,9.75,78.5,4.57,32.0,12,123.0,7.04,4.54,1,21.125,85.854,1,0,Undrafted,0,0.08019624633621113,20,40.909090909090914,83.33333333333334
2023,CB,Secondary,Big Ten,72.0,205,9.25,77.125,4.62,35.5,18,118.0,6.99,4.17,1,7.409,67.111,0,0,Undrafted,0,0.07890343051167413,20,41.32231404958678,83.33333333333334
2024,LB,LB,Big Ten,71.375,233,8.5,78.0,4.62,34.5,18,119.0,7.26,4.63,0,27.625,94.395,0,0,Rounds 6-7,0,0.07819954660975531,20,41.735537190082646,83.33333333333334
2024,QB,Skill,Big Ten,74.5,219,9.0,75.875,4.81,32.5,17,114.0,6.82,4.23,1,27.625,94.395,0,0,Round 1,1,0.07753952391551694,21,42.14876033057851,87.5
2023,OT,OL,Big 12,77.75,309,9.5,80.75,5.05,31.0,20,111.0,7.6,4.69,1,3.37,60.21,0,0,Undrafted,0,0.0759014271567791,21,42.561983471074385,87.5
2025,LB,LB,Big Ten,76.625,239,9.0,82.375,4.28,43.0,33,123.2,7.59,4.2,0,3.857,55.405,0,0,Undrafted,0,0.07557386123670543,21,42.97520661157025,87.5
2025,DL,DL,SEC,75.25,319,9.5,81.25,5.14,27.0,28,108.0,7.68,4.97,1,8.19,65.787,0,0,Undrafted,0,0.07552794691494143,21,43.388429752066116,87.5
2024,IOL,OL,Big 12,76.5,313,10.75,84.0,4.99,34.0,30,114.0,7.58,4.54,1,9.511,59.244,0,0,Rounds 2-3,0,0.07551515438439468,21,43.80165289256198,87.5
2025,WR,Skill,SEC,72.125,179,9.0,77.0,4.36,38.0,20,127.0,6.82,4.19,1,22.091,82.861,1,0,Rounds 4-5,0,0.07535181962194622,21,44.214876033057855,87.5
2025,DL,DL,Big Ten,74.875,299,10.125,78.625,4.28,24.5,33,93.0,8.19,4.97,0,24.823,87.333,1,0,Rounds 4-5,0,0.07519567850623116,21,44.62809917355372,87.5
2025,TE,Skill,SEC,77.0,241,9.75,79.5,4.84,30.0,33,129.3,7.15,4.4,1,26.107,88.25,0,0,Rounds 4-5,0,0.07518568375312625,21,45.04132231404959,87.5
2023,QB,Skill,Pac-12,73.625,203,9.875,74.75,4.56,32.5,20,121.0,7.28,4.44,1,8.553,65.594,0,0,Rounds 4-5,0,0.07515907983677887,21,45.45454545454545,87.5
2023,TE,Skill,SEC,76.0,242,9.5,79.125,4.67,35.5,21,120.0,7.36,4.32,0,27.296,89.526,1,0,Rounds 4-5,0,0.07481892547222864,21,45.867768595041326,87.5
2024,CB,Secondary,ACC,70.75,186,8.75,78.25,4.45,38.5,15,124.0,7.12,4.35,1,-0.369,43.622,0,0,Rounds 6-7,0,0.07433078344047508,21,46.28099173553719,87.5
2025,WR,Skill,Big Ten,70.75,193,9.0,74.75,4.76,37.82,12,130.0,6.78,4.07,1,9.315,68.599,0,0,Rounds 6-7,0,0.07355499903091424,21,46.69421487603306,87.5
2024,RB,Skill,Big Ten,68.5,229,9.0,69.625,4.56,36.0,22,119.0,7.25,4.26,0,27.485,89.569,1,0,Undrafted,0,0.07321000763631325,21,47.107438016528924,87.5
2023,IOL,OL,Pac-12,76.0,303,10.125,81.25,5.01,32.5,20,114.0,7.31,4.45,1,8.553,65.594,0,0,Rounds 4-5,0,0.07274205600582224,21,47.5206611570248,87.5
2023,DL,DL,SEC,77.625,310,9.5,80.875,4.88,31.0,22,110.0,7.5,4.73,1,7.555,60.994,0,0,Rounds 2-3,0,0.07172863215199299,21,47.93388429752066,87.5
2025,CB,Secondary,CAA,73.25,209,9.5,78.125,4.56,32.92,11,124.0,6.65,4.97,1,10.737,66.313,0,0,Undrafted,0,0.07151405849011294,21,48.34710743801653,87.5
2024,IOL,OL,MVFC,76.25,309,10.0,81.625,5.08,35.5,31,117.0,7.59,4.45,1,12.286,67.318,0,0,Rounds 4-5,0,0.07096678212423332,21,48.760330578512395,87.5
2023,CB,Secondary,SEC,73.75,207,8.5,74.125,4.36,33.5,15,122.0,6.89,4.3,1,29.908,93.511,0,0,Rounds 4-5,0,0.07091965727895375,21,49.17355371900827,87.5
2023,WR,Skill,Big Ten,71.25,201,8.625,76.75,4.42,33.0,20,127.0,7.01,4.47,1,7.842,61.934,0,0,Undrafted,0,0.07021427108697437,21,49.586776859504134,87.5
2025,RB,Skill,Big Ten,69.5,205,9.5,73.75,4.55,37.18,33,115.6,7.03,4.03,1,21.125,85.854,1,0,Rounds 4-5,0,0.06988923557458425,21,50.0,87.5
2024,DL,DL,ACC,75.5,303,9.0,80.625,5.12,30.0,27,109.0,7.81,4.75,1,11.169,68.436,0,0,Undrafted,0,0.06923811783813875,21,50.413223140495866,87.5
2024,WR,Skill,ACC,73.0,212,10.125,79.375,4.43,39.5,19,122.0,6.85,4.1,1,-0.369,43.622,0,0,Rounds 6-7,0,0.06905883756030937,21,50.82644628099173,87.5
2023,WR,Skill,ACC,69.0,179,9.25,73.375,4.48,38.5,13,131.0,6.91,4.29,1,6.195,60.099,0,0,Rounds 2-3,0,0.06736729222066065,21,51.2396694214876,87.5
2023,EDGE,DL,ACC,76.0,238,8.625,78.875,4.61,34.5,22,123.0,7.22,4.45,1,6.195,60.099,0,0,Undrafted,0,0.06727096727033305,21,51.652892561983464,87.5
2024,CB,Secondary,Pac-12,69.75,184,9.125,72.375,4.54,34.5,18,125.0,7.05,4.32,1,3.221,62.169,0,0,Rounds 4-5,0,0.0671305048406801,21,52.066115702479344,87.5
2023,EDGE,DL,Sun Belt,74.25,236,9.5,80.625,4.58,35.5,23,120.0,7.07,4.45,1,0.411,45.95,0,0,Rounds 6-7,0,0.06707392996521366,21,52.47933884297521,87.5
2025,CB,Secondary,Big Ten,72.125,195,8.5,76.125,4.42,29.5,24,121.7,6.65,4.03,0,24.823,87.333,1,0,Rounds 6-7,0,0.06670460883880688,21,52.892561983471076,87.5
2023,C,OL,Big Ten,75.25,301,10.25,81.75,5.22,32.0,20,102.0,7.75,4.82,1,19.477,82.964,0,0,Rounds 2-3,0,0.06637833340046302,21,53.30578512396694,87.5
2023,OT,OL,SEC,77.0,306,10.0,81.125,5.15,30.0,20,108.0,7.6,4.69,0,7.555,60.994,0,0,Undrafted,0,0.06616651017808464,21,53.71900826446281,87.5
2025,RB,Skill,Big 12,69.5,219,9.375,73.875,4.65,39.5,17,123.0,7.37,4.97,1,11.793,78.233,0,0,Rounds 4-5,0,0.06605390436853716,21,54.132231404958674,87.5
2025,CB,Secondary,Big Ten,72.5,213,9.0,79.5,4.38,30.44,11,116.6,8.12,4.97,0,6.154,64.984,0,0,Undrafted,0,0.06591408989472533,21,54.54545454545454,87.5
2024,DL,DL,Big Ten,77.375,281,10.25,78.875,5.05,31.5,25,114.0,7.16,4.37,1,6.086,61.244,0,0,Rounds 6-7,0,0.06569449768319366,21,54.958677685950406,87.5
2023,WR,Skill,FBS Independent,68.0,179,8.75,72.5,4.44,39.5,14,134.0,6.92,4.29,1,-3.902,44.748,0,0,Rounds 6-7,0,0.06569144690842263,21,55.371900826446286,87.5
2025,DL,DL,Big Ten,75.75,306,10.0,82.625,5.09,28.0,11,103.0,8.19,4.03,1,-0.535,43.23,0,0,Rounds 6-7,0,0.06561230605261412,21,55.78512396694215,87.5
2025,CB,Secondary,ACC,70.75,189,8.75,75.0,4.45,37.75,11,122.3,6.65,4.97,1,4.302,57.687,0,0,Rounds 6-7,0,0.06540259077109421,21,56.19834710743802,87.5
2023,WR,Skill,AAC,73.5,224,10.25,78.5,4.56,36.0,20,125.0,6.96,4.29,0,1.775,54.675,0,0,Undrafted,0,0.06516946019454482,21,56.611570247933884,87.5
2023,RB,Skill,AAC,67.875,179,9.25,74.75,4.37,38.0,20,126.0,7.33,4.77,1,1.775,54.675,0,0,Undrafted,0,0.06441237909531844,21,57.02479338842975,87.5
2024,LB,LB,Big Ten,74.25,238,9.375,77.5,4.62,34.5,18,119.0,7.4,4.38,0,27.625,94.395,0,0,Rounds 2-3,0,0.06313128582858463,21,57.438016528925615,87.5
2025,CB,Secondary,Big 12,70.25,191,8.375,72.625,4.41,43.0,15,123.2,6.9,4.03,1,5.283,53.294,0,0,Rounds 4-5,0,0.06304269848550184,21,57.85123966942148,87.5
2025,S,Secondary,Mountain West,70.625,202,9.5,75.25,4.41,41.5,18,128.0,6.65,4.14,1,-8.417,32.498,0,0,Rounds 6-7,0,0.0629298012015512,21,58.26446280991735,87.5
2025,RB,Skill,ACC,71.75,221,9.375,74.75,4.46,38.0,18,130.0,6.75,4.4,1,2.602,50.555,0,0,Round 1,1,0.062438074823042346,22,58.67768595041323,91.66666666666666
2023,OT,OL,Mountain West,77.75,309,10.75,83.625,5.24,28.5,20,104.0,7.52,4.52,1,3.797,52.954,0,0,Undrafted,0,0.062395781199942234,22,59.09090909090909,91.66666666666666
2025,WR,Skill,SEC,70.0,185,9.25,75.625,4.4,33.5,11,120.0,6.9,4.03,1,22.091,82.861,1,0,Rounds 6-7,0,0.061582250261470295,22,59.50413223140496,91.66666666666666
2024,WR,Skill,Pac-12,74.375,208,9.625,78.0,4.5,36.5,13,119.0,6.86,4.12,1,13.091,69.753,0,0,Rounds 6-7,0,0.06123837079484675,22,59.917355371900825,91.66666666666666
2025,WR,Skill,Big 12,68.125,174,8.625,74.5,4.46,38.0,27,128.0,6.65,4.41,1,12.691,74.938,0,0,Rounds 6-7,0,0.060896428464241904,22,60.33057851239669,91.66666666666666
2023,EDGE,DL,SEC,75.875,250,9.25,80.75,4.82,33.0,24,115.0,7.22,4.44,1,7.555,60.994,0,0,Undrafted,0,0.060228459408827296,22,60.74380165289256,91.66666666666666
2025,WR,Skill,FBS Independent,75.0,201,9.5,79.5,4.49,38.37,19,123.0,7.02,4.42,0,25.305,88.314,0,0,Undrafted,0,0.06005841078154566,22,61.15702479338842,91.66666666666666
2025,WR,Skill,Big 12,76.125,214,9.125,80.0,4.47,39.0,11,128.0,7.75,4.03,1,10.15,66.812,0,0,Rounds 2-3,0,0.05952923906646244,22,61.57024793388429,91.66666666666666
2025,RB,Skill,SEC,68.75,198,9.5,70.5,4.42,35.0,15,124.0,6.65,4.03,1,22.091,82.861,1,0,Rounds 4-5,0,0.05920861248576823,22,61.98347107438017,91.66666666666666
2023,LB,LB,Big 12,74.625,229,9.5,78.125,4.56,34.0,15,124.0,6.62,4.33,1,19.379,79.1,1,0,Rounds 2-3,0,0.05640056359569155,22,62.396694214876035,91.66666666666666
2023,LB,LB,ACC,72.5,226,10.625,78.875,4.56,33.0,19,119.0,7.35,4.4,1,7.918,61.732,0,0,Rounds 4-5,0,0.05628300069440564,22,62.8099173553719,91.66666666666666
2024,CB,Secondary,SEC,73.0,196,8.5,74.125,4.49,38.0,15,126.0,6.94,4.25,0,14.091,72.034,1,0,Rounds 6-7,0,0.05500803016989268,22,63.22314049586777,91.66666666666666
2025,IOL,OL,SEC,78.5,308,10.375,79.25,4.97,32.0,11,113.0,7.38,4.03,1,22.091,82.861,1,0,Rounds 2-3,0,0.05422233934273466,22,63.63636363636363,91.66666666666666
2024,CB,Secondary,SEC,72.0,183,8.5,73.75,4.38,34.5,15,125.0,6.94,4.55,1,15.302,75.391,0,0,Rounds 4-5,0,0.05419358880940457,22,64.0495867768595,91.66666666666666
2023,RB,Skill,SEC,72.25,204,9.0,76.375,4.62,35.5,20,122.0,7.11,4.57,1,29.908,93.511,0,0,Rounds 6-7,0,0.05372885011703684,22,64.46280991735537,91.66666666666666
2025,WR,Skill,ACC,73.75,206,10.0,78.375,4.44,38.5,33,127.0,6.7,4.31,1,-5.299,38.36,0,0,Rounds 4-5,0,0.05330489069823425,22,64.87603305785123,91.66666666666666
2025,WR,Skill,SEC,71.25,196,9.125,72.5,4.37,36.5,14,119.0,6.65,4.36,1,20.608,84.235,1,0,Rounds 4-5,0,0.052767828796697516,22,65.28925619834712,91.66666666666666
2024,CB,Secondary,MVFC,70.875,195,9.375,74.0,4.5,35.5,13,118.0,6.88,3.98,1,10.639,66.998,0,0,Rounds 6-7,0,0.05262170762180345,22,65.70247933884298,91.66666666666666
2023,RB,Skill,Pac-12,72.375,237,9.25,76.0,4.74,30.0,20,118.0,6.84,4.32,1,19.146,79.905,0,0,Undrafted,0,0.05250536903845167,22,66.11570247933885,91.66666666666666
2024,CB,Secondary,SEC,71.375,179,8.625,74.625,4.44,33.5,15,123.0,6.94,4.58,1,15.277,78.168,0,0,Rounds 4-5,0,0.05228728922522996,22,66.52892561983471,91.66666666666666
2023,IOL,OL,ACC,74.25,303,9.5,81.0,4.99,28.5,20,108.0,7.7,4.81,1,17.553,74.958,0,0,Rounds 4-5,0,0.05184920446675782,22,66.94214876033058,91.66666666666666
2025,WR,Skill,SEC,76.625,205,9.5,79.0,4.3,33.0,20,126.0,7.05,4.03,1,20.786,83.706,0,0,Rounds 4-5,0,0.05167671408716255,22,67.35537190082644,91.66666666666666
2025,EDGE,DL,Big 12,75.75,242,9.0,81.25,5.45,32.5,21,124.0,6.65,4.97,1,9.105,70.789,0,0,Undrafted,0,0.05131840296650769,22,67.76859504132231,91.66666666666666
2024,TE,Skill,SEC,75.0,240,9.375,78.75,4.64,32.5,28,121.0,7.09,4.54,1,6.054,55.105,0,0,Undrafted,0,0.050778507361161955,22,68.18181818181817,91.66666666666666
2024,EDGE,DL,AAC,76.5,260,9.5,79.375,4.65,34.5,23,121.0,7.17,4.36,0,-14.993,22.913,0,0,Undrafted,0,0.05038826917094666,22,68.59504132231406,91.66666666666666
2025,LB,LB,ACC,73.875,233,9.375,75.375,4.6,40.0,26,125.0,7.28,4.03,1,4.302,57.687,0,0,Rounds 4-5,0,0.049668630801025945,22,69.00826446280992,91.66666666666666
2024,C,OL,Big Ten,73.5,298,9.0,78.25,5.23,29.5,25,101.0,7.33,4.5,1,27.625,94.395,0,0,Undrafted,0,0.049502514406235945,22,69.42148760330579,91.66666666666666
2023,WR,Skill,AAC,68.625,182,8.625,70.375,4.4,37.5,14,124.0,6.92,4.29,1,6.451,60.989,0,0,Rounds 4-5,0,0.04865819002837105,22,69.83471074380165,91.66666666666666
2023,EDGE,DL,Mountain West,76.0,276,9.0,77.375,4.74,34.0,24,118.0,7.5,4.52,1,-5.871,37.879,0,0,Rounds 4-5,0,0.04802526351622784,22,70.24793388429752,91.66666666666666
2024,IOL,OL,Big Ten,76.125,308,9.875,80.625,5.01,26.5,28,112.0,7.64,4.61,1,8.085,66.299,0,0,Undrafted,0,0.04783578977324199,22,70.66115702479338,91.66666666666666
2023,K,Special Teams,Big Ten,73.0,209,9.5,75.875,4.58,34.0,20,121.0,7.27,4.44,0,23.62,85.085,1,0,Rounds 4-5,0,0.047649887746776594,22,71.07438016528926,91.66666666666666
2023,TE,Skill,ACC,75.75,247,8.75,79.375,4.7,35.5,20,115.0,7.42,4.3,1,7.586,64.28,0,0,Undrafted,0,0.04725052022252139,22,71.48760330578511,91.66666666666666
2024,LB,LB,Big 12,74.375,240,9.5,74.375,4.62,33.5,18,121.0,7.44,4.44,1,23.196,86.583,1,0,Rounds 6-7,0,0.04703155830759021,22,71.900826446281,91.66666666666666
2025,TE,Skill,Big Ten,77.75,251,10.0,78.375,5.42,35.0,11,120.0,7.18,4.47,1,11.144,70.238,0,0,Rounds 6-7,0,0.04700859430666425,22,72.31404958677686,91.66666666666666
2025,OT,OL,ACC,80.125,316,10.375,81.0,5.21,24.5,22,106.0,7.71,4.7,1,4.829,61.35,0,0,Rounds 2-3,0,0.04586689434561778,22,72.72727272727273,91.66666666666666
2023,C,OL,SEC,75.0,306,9.75,79.625,5.26,32.5,20,111.0,7.52,4.43,1,6.93,62.299,0,0,Rounds 4-5,0,0.0453398773712475,22,73.14049586776859,91.66666666666666
2023,RB,Skill,Big 12,71.0,215,9.375,78.5,4.54,34.5,20,121.0,6.96,4.43,0,14.378,80.5,0,0,Rounds 2-3,0,0.04493473189478891,22,73.55371900826447,91.66666666666666
2023,RB,Skill,Big Ten,70.125,209,9.25,74.375,4.47,37.0,20,123.0,6.9,4.38,1,-7.588,30.34,0,0,Rounds 6-7,0,0.04478597138051699,22,73.96694214876032,91.66666666666666
2024,IOL,OL,SEC,75.5,302,10.5,81.5,5.13,26.5,27,111.0,7.67,4.58,1,15.36,75.057,0,0,Rounds 4-5,0,0.044708998399913276,22,74.3801652892562,91.66666666666666
2025,RB,Skill,SEC,72.0,217,9.25,76.25,4.46,36.5,33,117.1,7.28,4.03,1,14.834,76.206,0,0,Undrafted,0,0.04409494616214895,22,74.79338842975206,91.66666666666666
2023,TE,Skill,Big 12,75.5,241,9.75,79.125,4.68,32.0,20,117.0,7.3,4.36,1,9.969,66.271,0,0,Rounds 6-7,0,0.044000462528347745,22,75.20661157024794,91.66666666666666
2023,RB,Skill,AAC,71.75,216,9.25,75.0,4.41,35.5,20,124.0,6.83,4.31,1,-4.107,43.074,0,0,Undrafted,0,0.04360576174862834,22,75.6198347107438,91.66666666666666
2024,DL,DL,SEC,74.375,286,9.625,78.25,5.06,29.5,27,103.0,6.81,4.6,1,8.916,67.536,0,0,Rounds 6-7,0,0.04319560537426843,22,76.03305785123968,91.66666666666666
2023,CB,Secondary,Sun Belt,74.0,200,9.75,78.125,4.48,37.0,13,124.0,6.83,4.3,1,-6.531,40.095,0,0,Undrafted,0,0.04300733612118156,22,76.44628099173553,91.66666666666666
2025,WR,Skill,SEC,71.0,191,9.5,76.375,4.29,27.78,11,115.1,6.65,4.03,1,26.107,88.25,0,0,Round 1,1,0.042409611549151106,23,76.85950413223141,95.83333333333334
2024,RB,Skill,SEC,69.625,207,9.5,73.0,4.56,32.5,22,114.0,6.95,4.24,1,24.777,87.417,1,0,Undrafted,0,0.04216320535919276,23,77.27272727272727,95.83333333333334
2023,WR,Skill,Big Ten,71.375,175,9.0,74.0,4.43,36.5,13,124.0,6.91,4.29,1,4.283,58.947,0,0,Rounds 4-5,0,0.041384656321303524,23,77.68595041322314,95.83333333333334
2024,C,OL,ACC,75.0,308,10.0,79.0,5.09,29.5,28,108.0,7.41,4.01,1,8.778,68.7,0,0,Rounds 6-7,0,0.04131393745286725,23,78.099173553719,95.83333333333334
2025,RB,Skill,Big Ten,68.25,211,9.0,72.0,4.6,34.5,11,115.7,7.58,4.97,1,3.857,55.405,0,0,Rounds 6-7,0,0.04125820933741147,23,78.51239669421489,95.83333333333334
2023,CB,Secondary,FBS Independent,72.375,202,9.0,74.75,4.62,30.5,17,118.0,7.08,4.23,1,12.6,69.601,0,0,Undrafted,0,0.041192358848886834,23,78.92561983471074,95.83333333333334
2024,S,Secondary,ACC,76.25,231,9.5,80.25,4.65,30.0,17,117.0,6.69,3.5,1,11.169,68.436,0,0,Rounds 6-7,0,0.04012176820023051,23,79.33884297520662,95.83333333333334
2024,RB,Skill,ACC,71.0,206,9.625,74.125,4.51,35.0,22,122.0,6.82,4.23,0,13.892,72.489,1,0,Rounds 4-5,0,0.03872042141016444,23,79.75206611570248,95.83333333333334
2025,WR,Skill,Big 12,73.25,214,9.0,75.0,4.52,34.5,19,125.0,6.84,4.21,1,8.023,67.255,0,0,Rounds 2-3,0,0.038556478385887834,23,80.16528925619835,95.83333333333334
2025,TE,Skill,FBS Independent,77.375,241,9.5,77.0,4.74,31.0,33,115.0,7.25,4.4,1,25.305,88.314,0,0,Rounds 6-7,0,0.03852747932049831,23,80.57851239669421,95.83333333333334
2023,EDGE,DL,Sun Belt,76.5,248,10.0,81.25,4.67,29.0,23,116.0,7.35,4.44,1,-2.136,45.745,0,0,Rounds 6-7,0,0.03800052120751651,23,80.99173553719008,95.83333333333334
2023,RB,Skill,Pac-12,70.0,201,9.25,70.25,4.46,35.5,20,122.0,7.16,4.61,0,13.164,77.414,0,0,Undrafted,0,0.03694459638202935,23,81.40495867768594,95.83333333333334
2023,IOL,OL,SoCon,78.0,324,10.25,83.875,5.24,26.5,20,105.0,7.7,4.97,1,11.336,69.68,0,0,Undrafted,0,0.035077792680555386,23,81.81818181818183,95.83333333333334
2025,WR,Skill,ACC,76.25,213,9.0,79.125,4.5,32.5,18,122.0,7.1,4.3,1,8.853,70.514,0,0,Undrafted,0,0.034077227286457325,23,82.23140495867769,95.83333333333334
2023,TE,Skill,AAC,78.5,248,9.5,77.375,4.69,33.5,21,115.0,7.42,4.29,1,6.451,60.989,0,0,Rounds 4-5,0,0.03399408205895668,23,82.64462809917356,95.83333333333334
2023,LB,LB,Big 12,71.0,227,8.625,75.0,4.49,30.5,20,117.0,7.44,4.42,1,14.378,80.5,0,0,Rounds 6-7,0,0.03385033993889121,23,83.05785123966942,95.83333333333334
2023,IOL,OL,SEC,77.0,330,11.25,83.875,5.31,23.5,20,101.0,7.99,4.81,1,7.555,60.994,0,0,Rounds 2-3,0,0.03233401223073736,23,83.47107438016529,95.83333333333334
2023,C,OL,Big Ten,75.5,301,9.5,78.375,5.35,29.5,20,104.0,7.68,4.56,1,11.422,72.43,0,0,Rounds 2-3,0,0.03229859397309901,23,83.88429752066115,95.83333333333334
2024,IOL,OL,Pac-12,76.5,321,10.0,79.5,5.38,29.5,27,101.0,7.95,4.9,1,10.768,65.114,0,0,Undrafted,0,0.03226817435597889,23,84.29752066115702,95.83333333333334
2023,RB,Skill,SEC,71.625,210,9.5,76.625,4.56,32.5,20,119.0,7.23,4.68,1,6.205,55.022,0,0,Rounds 2-3,0,0.03216493305771704,23,84.71074380165288,95.83333333333334
2025,WR,Skill,Big 12,72.625,186,10.5,76.625,4.7,33.0,14,121.0,7.02,4.97,1,6.204,57.272,1,0,Undrafted,0,0.03210926960908951,23,85.12396694214877,95.83333333333334
2024,WR,Skill,SEC,70.0,181,9.125,72.75,4.43,35.5,14,124.0,7.0,4.35,1,0.859,45.573,0,0,Undrafted,0,0.03190193148364516,23,85.53719008264463,95.83333333333334
2025,DL,DL,Big 12,75.5,308,10.5,78.75,5.03,28.5,24,93.0,8.19,4.03,1,5.029,60.487,0,0,Undrafted,0,0.03160093395073712,23,85.9504132231405,95.83333333333334
2024,LB,LB,SEC,73.75,231,8.875,77.75,4.62,34.0,18,118.0,7.23,4.5,0,15.277,78.168,0,0,Rounds 2-3,0,0.03137168235241738,23,86.36363636363636,95.83333333333334
2024,K,Special Teams,SEC,72.875,187,8.5,73.625,4.39,38.0,15,127.0,6.81,4.14,0,24.925,84.968,0,0,Rounds 6-7,0,0.03049128941976318,23,86.77685950413223,95.83333333333334
2025,TE,Skill,Big 12,74.0,236,10.5,76.75,5.45,43.0,11,113.3,8.19,4.03,0,5.029,60.487,0,0,Undrafted,0,0.03008174430782809,23,87.19008264462809,95.83333333333334
2023,RB,Skill,Sun Belt,73.375,217,9.75,78.625,4.61,37.0,20,121.0,6.85,4.33,1,0.411,45.95,0,0,Undrafted,0,0.030002926039176436,23,87.60330578512396,95.83333333333334
2025,WR,Skill,ACC,71.375,186,8.5,74.375,4.59,36.0,19,124.0,7.37,4.03,1,3.991,55.816,0,0,Rounds 6-7,0,0.029844025600372404,23,88.01652892561982,95.83333333333334
2023,IOL,OL,Pac-12,77.75,306,10.75,81.125,5.5,28.0,20,101.0,8.34,4.97,1,11.472,73.944,1,0,Undrafted,0,0.02973345088636565,23,88.42975206611571,95.83333333333334
2023,K,Special Teams,SEC,72.0,194,9.125,74.375,4.58,34.0,20,121.0,7.27,4.44,0,29.908,93.511,0,0,Undrafted,0,0.029018810584153284,23,88.84297520661157,95.83333333333334
2025,LB,LB,SEC,73.0,222,8.5,77.75,4.69,32.0,11,117.0,7.09,4.27,1,11.901,71.717,0,0,Rounds 4-5,0,0.028527883375906022,23,89.25619834710744,95.83333333333334
2024,RB,Skill,Big 12,67.375,202,9.75,70.75,4.61,33.5,22,116.0,6.87,4.23,1,9.511,59.244,0,0,Undrafted,0,0.02840462414541765,23,89.6694214876033,95.83333333333334
2024,TE,Skill,Mountain West,75.375,241,10.25,78.125,4.78,32.5,28,122.0,6.83,4.21,1,-11.774,30.563,0,0,Undrafted,0,0.02833495274357152,23,90.08264462809917,95.83333333333334
2023,IOL,OL,Pac-12,78.0,310,10.0,77.75,5.22,29.0,20,105.0,7.9,4.79,1,13.164,77.414,0,0,Rounds 6-7,0,0.028136656712055595,23,90.49586776859503,95.83333333333334
2025,TE,Skill,SEC,77.125,251,10.0,78.75,4.28,24.5,33,110.7,6.65,4.97,0,13.515,71.849,0,0,Rounds 2-3,0,0.026336451550486986,23,90.9090909090909,95.83333333333334
2024,RB,Skill,ACC,69.5,193,8.5,71.0,4.56,34.5,22,121.0,6.65,4.22,1,11.36,72.759,0,0,Rounds 6-7,0,0.02618864170875921,23,91.32231404958677,95.83333333333334
2025,CB,Secondary,MAC,73.25,190,9.0,75.5,4.43,26.41,16,124.0,6.65,4.03,1,-10.952,37.661,0,0,Rounds 6-7,0,0.02531052463539524,23,91.73553719008265,95.83333333333334
2025,WR,Skill,SEC,75.0,200,9.5,78.375,4.56,31.0,17,117.0,6.84,4.03,1,12.197,68.028,0,0,Undrafted,0,0.025077360947516152,23,92.14876033057851,95.83333333333334
2025,IOL,OL,Big Ten,77.75,309,10.0,77.125,5.45,28.5,33,110.0,7.78,4.63,1,11.144,70.238,0,0,Rounds 6-7,0,0.024924549389368424,23,92.56198347107438,95.83333333333334
2024,C,OL,Big Ten,76.0,307,9.75,79.0,5.17,31.5,27,107.0,7.41,4.29,0,-3.512,38.745,0,0,Rounds 6-7,0,0.024867580372659893,23,92.97520661157024,95.83333333333334
2023,IOL,OL,NSIC,76.0,304,9.75,78.75,5.2,29.0,20,109.0,7.77,4.75,0,14.599,74.563,0,0,Undrafted,0,0.02430957756459889,23,93.38842975206612,95.83333333333334
2023,LS,Special Teams,AAC,76.0,240,9.625,78.375,5.06,30.0,12,114.0,7.27,4.46,1,6.904,61.732,0,0,Undrafted,0,0.02341680782282678,23,93.80165289256198,95.83333333333334
2023,WR,Skill,Big 12,73.875,203,9.375,74.875,4.53,36.0,17,116.0,6.91,4.35,1,6.28,57.494,0,0,Rounds 6-7,0,0.02276505914254226,23,94.21487603305785,95.83333333333334
2023,WR,Skill,Conference USA,74.0,201,9.5,77.875,4.57,35.0,17,125.0,6.89,4.32,1,-17.759,17.839,0,0,Rounds 6-7,0,0.022494458018369544,23,94.62809917355372,95.83333333333334
2025,IOL,OL,ACC,77.25,321,9.0,80.875,5.45,24.5,11,113.3,6.77,4.03,0,14.768,79.193,0,0,Undrafted,0,0.022489172439883503,23,95.0413223140496,95.83333333333334
2023,RB,Skill,SEC,72.0,217,8.625,73.625,4.55,34.5,20,122.0,6.92,4.4,0,5.824,59.284,0,0,Rounds 6-7,0,0.022296617988918046,23,95.45454545454545,95.83333333333334
2023,WR,Skill,Mountain West,71.125,172,8.875,74.75,4.4,34.5,12,121.0,6.91,4.29,1,3.726,61.671,0,0,Undrafted,0,0.02226214619185288,23,95.86776859504133,95.83333333333334
2024,C,OL,ACC,77.375,313,9.375,79.75,5.2,31.0,27,105.0,7.41,4.24,0,8.778,68.7,0,0,Round 1,1,0.02158151334992721,24,96.28099173553719,100.0
2024,K,Special Teams,SEC,73.0,172,9.25,73.625,4.29,39.0,13,130.0,6.69,4.06,0,2.225,47.846,0,0,Rounds 6-7,0,0.020195919306647547,24,96.69421487603306,100.0
2023,IOL,OL,Sun Belt,78.25,318,10.25,81.25,5.21,31.0,20,111.0,7.57,4.69,1,-10.538,30.819,0,0,Rounds 4-5,0,0.01870950705044986,24,97.10743801652893,100.0
2025,IOL,OL,Big 12,78.5,313,10.25,79.5,5.27,30.0,33,108.0,8.19,4.69,1,1.795,52.984,0,0,Rounds 2-3,0,0.017885869359578754,24,97.52066115702479,100.0
2025,WR,Skill,Mountain West,74.5,203,8.625,76.5,4.57,34.0,16,123.0,7.41,4.47,1,-5.133,42.709,0,0,Undrafted,0,0.01784991423702675,24,97.93388429752066,100.0
2024,C,OL,Big 12,76.0,314,10.0,78.75,5.42,24.5,24,95.0,7.41,4.33,1,22.492,84.142,0,0,Undrafted,0,0.01747175472651108,24,98.34710743801654,100.0
2024,IOL,OL,Conference USA,75.25,322,10.25,81.125,5.5,24.0,26,96.0,8.26,4.97,1,3.816,67.732,0,0,Undrafted,0,0.017433391002834853,24,98.7603305785124,100.0
2024,IOL,OL,SEC,77.25,304,9.5,77.875,5.31,29.0,26,110.0,7.57,4.47,1,2.225,47.846,0,0,Undrafted,0,0.016056957785877707,24,99.17355371900827,100.0
2024,P,Special Teams,Big 12,76.375,235,8.875,76.375,4.63,35.5,19,123.0,7.05,4.31,0,-1.805,52.478,0,0,Undrafted,0,0.01579550248739542,24,99.58677685950413,100.0
2025,LB,LB,Big 12,134.75,231,10.067,74.5,4.68,29.53,11,123.3,7.09,4.03,0,5.029,60.487,0,0,Undrafted,0,4.60389899949717e-06,24,100.0,100.0
