Season,Position,Position Group,School,Conference,Height (inches),Weight(lbs),Hand (inches),Arm (inches),Wingspan (inches),40-Yard Dash (seconds),Vertical (inches),Bench (reps),Broad Jump (inches),3-Cone (seconds),Shuttle (seconds),Combine Participation,ELO,FPI,Efficiencies Overall,Efficiencies Offense,Efficiencies Defense,Efficiencies SpecialTeams,Log Rank,CFP Appearance,National Award,Actual Draft Round,Actual Target,Predicted Probability,Cumulative Actual Captured,Percent of Players Reviewed,Percent of Actual Round Captured
2023,WR,Skill,BYU,FBS Independent,74.0,201,9.5,32.125,74.875,4.5,36.5,17,126.0,6.94,4.29,0,1526,0.819,50.481,70.378,34.793,40.904,4.4067,0,0,Round 6-7,1,0.3202707602596781,1,0.4132231404958678,2.564102564102564
2024,WR,Skill,Virginia,ACC,68.5,191,9.25,30.375,72.875,4.47,42.5,19,126.0,6.87,4.16,1,1216,-5.286,44.701,44.034,50.919,40.077,4.3175,0,0,Round 6-7,1,0.3078639801032768,2,0.8264462809917356,5.128205128205128
2023,RB,Skill,Northwestern,Big Ten,70.125,209,9.25,30.625,74.375,4.47,37.0,20,123.0,6.9,4.38,1,1257,-7.588,30.34,26.742,42.636,51.301,4.4188,0,0,Round 6-7,1,0.3005533857515947,3,1.2396694214876034,7.6923076923076925
2023,RB,Skill,Alabama-Birmingham,Conference USA,70.0,209,9.5,30.625,73.125,4.5,35.0,20,121.0,7.04,4.51,0,1515,0.176,50.057,50.562,50.551,46.781,3.6109,0,0,Round 6-7,1,0.29776249720874126,4,1.6528925619834711,10.256410256410255
2025,TE,Skill,Pittsburgh,ACC,76.625,246,9.75,31.375,78.375,4.7,24.5,33,115.5,8.19,4.97,1,1456,3.991,55.816,49.345,57.768,56.475,4.0431,0,0,Round 6-7,1,0.29246356155184416,5,2.066115702479339,12.82051282051282
2024,WR,Skill,Tulane,AAC,69.125,188,8.875,30.875,74.875,4.42,32.0,12,118.0,6.9,4.2,1,1598,3.05,60.759,46.835,66.943,59.144,4.3438,0,0,Round 6-7,1,0.2907932744023262,6,2.479338842975207,15.384615384615385
2023,WR,Skill,Princeton,Ivy League,75.125,205,8.75,32.0,76.75,4.43,39.0,19,128.0,6.85,4.12,1,1689,10.576,67.566,66.994,61.909,53.743,3.9703,0,0,Round 6-7,1,0.2903064677173959,7,2.8925619834710745,17.94871794871795
2023,TE,Skill,Miami,ACC,76.5,239,9.375,32.25,78.125,4.54,36.5,20,121.0,7.25,4.33,1,1316,-0.466,39.09,36.049,46.919,51.41,4.5747,0,0,Round 6-7,1,0.29009343448208963,8,3.3057851239669422,20.51282051282051
2024,CB,Secondary,Wake Forest,ACC,71.875,199,8.25,31.375,75.625,4.51,38.5,15,126.0,6.94,4.0,0,1397,-1.563,44.613,38.193,52.655,52.027,4.4427,0,0,Round 6-7,1,0.2876869438580458,9,3.71900826446281,23.076923076923077
2023,RB,Skill,Mississippi,SEC,71.0,202,10.25,31.625,73.25,4.47,36.0,20,122.0,7.14,4.6,0,1634,12.342,68.271,72.487,57.125,45.454,3.7842,0,0,Round 6-7,1,0.27645509190418777,10,4.132231404958678,25.64102564102564
2023,RB,Skill,Oklahoma,Big 12,69.5,207,9.75,29.625,71.375,4.5,37.5,20,118.0,7.06,4.52,1,1662,9.969,66.271,71.907,54.872,48.16,4.4659,0,0,Round 6-7,1,0.2706673118871058,11,4.545454545454546,28.205128205128204
2025,CB,Secondary,Rutgers,Big Ten,71.0,175,8.5,31.5,76.5,4.39,33.87,11,134.0,6.65,4.03,1,1533,3.857,55.405,64.09,40.753,58.771,3.8501,0,0,Round 6-7,1,0.26380660728853145,12,4.958677685950414,30.76923076923077
2024,C,OL,North Carolina St.,ACC,75.375,299,9.375,31.75,75.125,5.1,33.0,29,115.0,7.26,4.33,1,1660,6.943,65.952,47.142,75.741,57.991,4.2341,0,0,Round 6-7,1,0.2604152345557741,13,5.371900826446281,33.33333333333333
2025,C,OL,USC,Big Ten,76.125,302,9.25,30.125,77.0,4.84,32.0,33,112.0,7.56,4.03,0,1765,13.269,71.782,72.12,62.422,51.818,3.6376,0,0,Round 6-7,1,0.2590145681081651,14,5.785123966942149,35.8974358974359
2024,QB,Skill,Kentucky,SEC,73.25,215,9.5,30.875,74.375,4.78,32.0,18,112.0,7.07,4.29,0,1641,7.33,63.962,60.477,61.626,52.112,3.7136,0,0,Round 6-7,1,0.2580227398624777,15,6.198347107438017,38.46153846153847
2025,LB,LB,Minnesota,Big Ten,74.125,236,9.0,32.625,77.625,5.02,33.13,33,111.6,7.52,4.69,0,1674,9.315,68.599,55.808,75.809,45.723,3.6109,0,0,Round 6-7,1,0.2567885417758966,16,6.6115702479338845,41.02564102564102
2025,TE,Skill,Georgia Tech,ACC,76.5,253,9.125,32.125,79.0,4.82,34.5,16,121.0,6.65,4.4,1,1554,7.402,66.705,72.242,58.501,35.797,4.4543,0,0,Round 6-7,1,0.25649350044479124,17,7.024793388429752,43.58974358974359
2023,QB,Skill,BYU,FBS Independent,72.0,207,9.5,29.75,71.875,4.6,34.0,20,119.0,7.08,4.35,0,1526,0.819,50.481,70.378,34.793,40.904,4.5539,0,0,Round 6-7,1,0.2552274437390639,18,7.43801652892562,46.15384615384615
2024,C,OL,Arkansas,SEC,76.625,302,9.5,31.875,77.875,5.22,36.5,27,110.0,7.47,4.57,1,1431,2.225,47.846,34.458,61.741,53.372,3.7377,0,0,Round 6-7,1,0.254408570759305,19,7.851239669421488,48.717948717948715
2024,TE,Skill,Arizona,Pac-12,77.125,244,9.375,31.625,77.25,4.61,35.0,28,117.0,7.06,4.35,1,1822,11.44,73.172,77.614,56.651,58.122,4.1744,0,0,Round 6-7,1,0.24752831217769494,20,8.264462809917356,51.28205128205128
2025,RB,Skill,Michigan,Big Ten,73.5,226,10.0,31.625,78.0,4.28,33.08,15,122.9,7.26,4.97,0,1909,9.382,64.736,44.049,69.52,75.356,4.2627,0,0,Round 6-7,1,0.24719548853355613,21,8.677685950413224,53.84615384615385
2025,CB,Secondary,UTSA,AAC,74.875,186,8.25,32.75,80.125,4.36,36.5,12,126.0,7.0,4.26,1,1544,-5.581,40.078,38.259,46.39,49.382,4.4998,0,0,Round 6-7,1,0.24430005931507937,22,9.090909090909092,56.41025641025641
2025,OT,OL,Connecticut,FBS Independent,79.5,304,9.5,32.5,77.75,4.28,32.99,20,138.0,6.65,4.97,1,1432,-3.325,47.273,35.591,58.188,54.648,3.9703,0,0,Round 6-7,1,0.23964098245845702,23,9.50413223140496,58.97435897435898
2024,CB,Secondary,Texas,Big 12,74.875,208,9.375,34.5,81.75,4.53,40.5,15,125.0,6.82,4.13,1,2025,23.196,86.583,76.615,83.977,60.972,4.1589,1,0,Round 6-7,1,0.23785217486665813,24,9.917355371900827,61.53846153846154
2024,LB,LB,Texas,Big 12,74.375,240,9.5,31.75,74.375,4.62,33.5,18,121.0,7.44,4.44,1,2025,23.196,86.583,76.615,83.977,60.972,4.4308,1,0,Round 6-7,1,0.2377855412377488,25,10.330578512396695,64.1025641025641
2025,CB,Secondary,Ohio State,Big Ten,72.125,195,8.5,30.625,76.125,4.42,29.5,24,121.7,6.65,4.03,0,2211,24.823,87.333,80.443,83.601,49.523,4.4886,1,0,Round 6-7,1,0.23720070720670716,26,10.743801652892563,66.66666666666666
2024,RB,Skill,Monmouth,CAA,68.0,187,9.25,28.75,69.625,4.45,34.5,22,117.0,6.6,4.21,1,1750,11.347,69.843,69.473,63.234,45.477,0.0,0,0,Undrafted,0,0.23579030124939332,26,11.15702479338843,66.66666666666666
2024,QB,Skill,Tennessee,SEC,77.125,235,10.25,33.375,80.0,5.06,35.0,18,121.0,5.72,4.06,1,1877,14.091,72.034,66.494,68.45,54.522,4.1897,1,0,Round 6-7,1,0.22871363794034824,27,11.570247933884298,69.23076923076923
2023,C,OL,Notre Dame,FBS Independent,77.125,306,10.0,31.375,77.0,5.33,29.5,20,106.0,7.96,4.73,1,1850,12.6,69.601,59.985,66.897,66.833,4.0604,0,0,Round 6-7,1,0.2252926338187406,28,11.983471074380166,71.7948717948718
2023,WR,Skill,Virginia,ACC,73.375,206,10.0,32.375,79.875,4.62,39.0,18,130.0,6.95,4.29,1,1340,-3.957,36.753,28.59,56.938,29.806,4.6052,0,0,Round 5,0,0.22416446729877743,28,12.396694214876034,71.7948717948718
2025,DL,DL,Notre Dame,FBS Independent,77.375,291,9.75,32.5,79.75,4.46,28.47,33,93.0,8.19,4.03,0,2154,25.305,88.314,78.053,88.226,42.499,4.7622,0,0,Round 5,0,0.21945308821844853,28,12.8099173553719,71.7948717948718
2024,CB,Secondary,Penn St.,Big Ten,69.375,179,8.125,30.0,70.875,4.38,42.5,15,126.0,6.95,4.19,1,2000,25.618,85.731,66.931,89.424,64.921,3.6889,1,0,Round 6-7,1,0.21832257654609155,29,13.223140495867769,74.35897435897436
2023,WR,Skill,LSU,SEC,73.625,204,10.0,31.75,75.75,4.6,29.5,20,121.0,6.94,4.29,1,1871,17.436,78.295,78.649,74.431,26.438,0.0,0,0,Undrafted,0,0.21733485257853255,29,13.636363636363635,74.35897435897436
2025,RB,Skill,Cinncinnati,Big 12,68.625,209,7.625,30.5,75.5,4.57,38.06,19,110.5,6.72,4.97,1,1463,3.423,58.625,63.495,54.814,34.682,0.0,0,0,Undrafted,0,0.21560334813378929,29,14.049586776859504,74.35897435897436
2024,RB,Skill,Boise St.,Mountain West,70.375,208,9.75,29.75,72.375,4.52,39.0,24,127.0,6.77,4.33,1,1690,5.186,62.644,69.244,54.981,38.547,0.0,1,0,Undrafted,0,0.21524494068263456,29,14.46280991735537,74.35897435897436
2024,EDGE,DL,Mississippi,SEC,75.0,260,9.875,33.5,79.375,4.63,38.0,25,122.0,7.15,4.27,1,1737,15.302,75.391,76.693,64.536,49.591,3.8067,0,0,Round 6-7,1,0.21441399754610432,30,14.87603305785124,76.92307692307693
2023,C,OL,Ohio St.,Big Ten,75.0,303,9.625,31.625,77.125,5.14,30.5,20,106.0,7.64,4.53,1,2107,25.771,88.337,91.467,71.506,49.437,4.2341,0,0,Round 6-7,1,0.21230169039670754,31,15.289256198347106,79.48717948717949
2024,RB,Skill,Southern Mississippi,Sun Belt,67.625,201,8.25,29.625,72.0,4.51,35.0,12,121.0,6.89,4.23,1,1164,-14.169,26.935,32.097,33.556,37.572,0.0,0,0,Undrafted,0,0.2106302491074799,31,15.702479338842975,79.48717948717949
2023,CB,Secondary,California,Pac-12,72.875,208,10.0,30.25,74.375,4.45,39.5,22,128.0,6.75,4.17,1,1406,-1.39,44.902,38.449,54.726,43.407,4.6151,0,0,Round 5,0,0.21023280876933226,31,16.115702479338843,79.48717948717949
2024,S,Secondary,Mississippi,SEC,72.0,195,9.0,32.5,76.375,4.55,37.0,12,116.0,7.06,5.19,1,1737,15.302,75.391,76.693,64.536,49.591,3.5553,0,0,Round 6-7,1,0.20954870708626278,32,16.528925619834713,82.05128205128204
2025,WR,Skill,Stanford,ACC,73.75,206,10.0,32.375,78.375,4.44,38.5,33,127.0,6.7,4.31,1,1175,-5.299,38.36,36.975,39.874,65.408,4.8122,0,0,Round 5,0,0.20943349402844352,32,16.94214876033058,82.05128205128204
2023,RB,Skill,Kansas St.,Big 12,65.0,179,9.5,27.75,67.0,4.36,35.5,20,116.0,7.69,5.1,1,1861,14.823,77.392,70.169,73.461,57.448,3.8501,0,1,Round 6-7,1,0.20552713267342135,33,17.355371900826448,84.61538461538461
2024,RB,Skill,TCU,Big 12,67.375,202,9.75,29.875,70.75,4.61,33.5,22,116.0,6.87,4.23,1,1631,9.511,59.244,64.411,51.426,45.245,0.0,0,0,Undrafted,0,0.2054303426149686,33,17.768595041322314,84.61538461538461
2023,LB,LB,LSU,SEC,72.5,221,9.625,31.25,77.875,4.56,31.0,18,115.0,7.44,4.44,1,1871,17.436,78.295,78.649,74.431,26.438,0.0,0,0,Undrafted,0,0.20103950887865873,33,18.181818181818183,84.61538461538461
2023,RB,Skill,Louisville,ACC,69.5,225,8.5,30.375,74.375,4.52,30.5,20,119.0,6.99,4.47,1,1753,10.719,70.137,54.895,74.832,58.102,0.0,0,0,Undrafted,0,0.19936481409222245,33,18.59504132231405,84.61538461538461
2024,WR,Skill,USC,Pac-12,74.375,208,9.625,33.0,78.0,4.5,36.5,13,119.0,6.86,4.12,1,1723,13.091,69.753,82.697,42.068,66.367,3.5264,0,0,Undrafted,0,0.19675281861098945,33,19.00826446280992,84.61538461538461
2024,S,Secondary,Texas Tech,Big 12,74.375,216,9.125,33.375,79.125,4.51,41.0,24,146.0,6.81,4.04,1,1562,6.237,62.556,51.102,66.311,59.243,0.0,0,0,Undrafted,0,0.1959497715737768,33,19.421487603305785,84.61538461538461
2025,S,Secondary,California,ACC,72.125,200,8.625,30.5,75.25,4.45,36.0,13,127.0,6.65,4.97,1,1529,4.302,57.687,45.477,64.264,58.117,5.0304,0,0,Round 4,0,0.19566214782184024,33,19.834710743801654,84.61538461538461
2025,TE,Skill,Alabama,SEC,75.0,274,9.625,31.25,78.25,4.91,34.0,26,119.0,7.34,4.45,1,1986,23.933,85.057,77.281,79.955,59.628,4.4308,1,0,Round 6-7,1,0.19216528937646402,34,20.24793388429752,87.17948717948718
2024,WR,Skill,Holy Cross,Patriot League,73.375,208,9.875,32.875,76.75,4.57,42.5,19,128.0,6.84,4.1,1,1696,10.145,67.138,64.829,61.647,53.79,0.0,0,0,Undrafted,0,0.1921380374797424,34,20.66115702479339,87.17948717948718
2023,OT,OL,North Carolina,ACC,76.0,309,10.0,34.0,82.75,5.15,29.5,20,108.0,7.6,4.69,0,1559,6.195,60.099,78.452,30.968,61.95,4.4998,0,0,Round 6-7,1,0.1921273246380199,35,21.074380165289256,89.74358974358975
2023,WR,Skill,Penn St.,Big Ten,72.0,199,10.0,32.375,75.625,4.6,35.5,14,120.0,6.93,4.21,1,2000,19.477,82.964,71.335,83.462,50.595,0.0,0,0,Undrafted,0,0.1914972514022039,35,21.487603305785125,89.74358974358975
2024,CB,Secondary,Auburn,SEC,72.125,190,8.375,31.625,75.0,4.36,34.5,15,123.0,6.94,4.41,1,1585,8.916,67.536,49.076,72.965,65.063,4.8122,0,0,Round 5,0,0.19050376924590762,35,21.90082644628099,89.74358974358975
2023,RB,Skill,Syracuse,ACC,69.0,207,9.5,30.0,73.375,4.49,35.0,20,121.0,7.07,4.54,0,1464,5.084,59.708,56.419,61.005,44.497,0.0,0,0,Undrafted,0,0.18960456880576207,35,22.31404958677686,89.74358974358975
2024,RB,Skill,Clemson,ACC,71.0,206,9.625,30.25,74.125,4.51,35.0,22,122.0,6.82,4.23,0,1764,13.892,72.489,48.101,90.04,37.087,4.8828,1,0,Round 4,0,0.1889721765770979,35,22.727272727272727,89.74358974358975
2023,EDGE,DL,Nebraska,Big Ten,76.75,250,10.75,35.25,83.375,4.74,33.5,21,118.0,7.18,4.38,1,1532,-0.651,40.694,43.713,40.707,51.926,4.2485,0,0,Round 6-7,1,0.1878264733852476,36,23.140495867768596,92.3076923076923
2024,WR,Skill,Louisville,ACC,71.75,188,8.625,31.0,74.5,4.46,34.0,12,120.0,7.16,4.19,1,1688,11.36,72.759,63.856,75.697,45.123,4.6347,0,0,Round 5,0,0.18669466432001178,36,23.553719008264462,92.3076923076923
2023,CB,Secondary,Kentucky,SEC,72.0,193,9.25,32.25,76.0,4.44,39.0,9,128.0,6.98,4.29,1,1606,5.824,59.284,46.761,72.541,34.773,3.2958,0,0,Undrafted,0,0.18641754977176594,36,23.96694214876033,92.3076923076923
2024,IOL,OL,Michigan,Big Ten,76.5,306,9.875,33.375,81.25,5.21,29.5,27,111.0,7.83,4.7,1,2210,27.625,94.395,88.226,91.352,54.858,0.0,0,0,Undrafted,0,0.18482264088605277,36,24.380165289256198,92.3076923076923
2025,LB,LB,UNLV,Mountain West,74.0,234,9.0,31.0,77.625,4.57,37.41,21,114.5,7.37,4.08,1,1679,5.991,71.232,57.654,72.272,64.179,0.0,0,0,Undrafted,0,0.1843415201397147,36,24.793388429752067,92.3076923076923
2025,LB,LB,Utah,Big 12,134.75,231,10.067,31.482,74.5,4.68,29.53,11,123.3,7.09,4.03,0,1563,5.029,60.487,30.282,79.81,59.786,0.0,0,0,Undrafted,0,0.1829114944170904,36,25.206611570247933,92.3076923076923
2024,RB,Skill,Georgia,SEC,69.625,207,9.5,29.75,73.0,4.56,32.5,22,114.0,6.95,4.24,1,2273,24.777,87.417,88.149,74.455,48.128,0.0,1,0,Undrafted,0,0.1825111095158208,36,25.6198347107438,92.3076923076923
2023,LB,LB,Alabama,SEC,73.0,227,10.25,32.75,77.375,4.62,32.0,20,116.0,7.44,4.4,1,2181,27.296,89.526,85.539,81.093,61.676,4.5218,1,0,Round 6-7,1,0.1822803440346862,37,26.033057851239672,94.87179487179486
2023,CB,Secondary,South Alabama,Sun Belt,71.75,189,10.375,32.375,77.875,4.46,40.5,10,123.0,6.9,4.43,1,1485,-1.447,55.355,49.72,57.13,56.501,4.6444,0,0,Round 5,0,0.18190106836340053,37,26.446280991735538,94.87179487179486
2025,WR,Skill,Notre Dame,FBS Independent,75.0,201,9.5,31.5,79.5,4.49,38.37,19,123.0,7.02,4.42,0,2154,25.305,88.314,78.053,88.226,42.499,0.0,0,0,Undrafted,0,0.18175762209780585,37,26.859504132231404,94.87179487179486
2025,C,OL,Texas,SEC,75.375,306,9.75,30.375,76.0,4.84,32.0,25,112.0,7.56,4.97,1,2042,26.107,88.25,73.85,92.32,35.538,0.0,0,0,Undrafted,0,0.18165195487737146,37,27.27272727272727,94.87179487179486
2025,CB,Secondary,UCF,Big 12,70.25,191,8.375,29.75,72.625,4.41,43.0,15,123.2,6.9,4.03,1,1557,5.283,53.294,60.369,50.721,32.002,4.7362,0,0,Round 5,0,0.18161826960534835,37,27.685950413223143,94.87179487179486
2024,RB,Skill,Louisville,ACC,72.0,221,9.25,30.75,74.875,4.33,41.5,22,129.0,6.94,4.15,1,1688,11.36,72.759,63.856,75.697,45.123,4.8675,0,0,Round 5,0,0.1813889799505587,37,28.09917355371901,94.87179487179486
2025,CB,Secondary,East Carolina,AAC,73.875,194,9.5,32.5,79.75,4.67,30.46,13,112.0,8.19,4.03,0,1403,-5.922,41.022,32.234,48.38,64.194,5.2095,0,0,Round 3,0,0.18105744730403422,37,28.512396694214875,94.87179487179486
2025,DL,DL,Utah,Big 12,75.5,308,10.5,32.5,78.75,5.03,28.5,24,93.0,8.19,4.03,1,1563,5.029,60.487,30.282,79.81,59.786,0.0,0,0,Undrafted,0,0.1808429673042713,37,28.92561983471074,94.87179487179486
2024,IOL,OL,Michigan,Big Ten,76.125,309,10.625,35.0,84.75,5.15,29.5,28,109.0,7.7,4.61,0,2210,27.625,94.395,88.226,91.352,54.858,2.3026,0,0,Undrafted,0,0.18048080068388658,37,29.338842975206614,94.87179487179486
2024,RB,Skill,Arizona,Pac-12,70.5,210,9.25,30.0,74.125,4.51,33.5,22,119.0,6.93,4.43,1,1822,11.44,73.172,77.614,56.651,58.122,0.0,0,0,Undrafted,0,0.1801363815867254,37,29.75206611570248,94.87179487179486
2024,P,Special Teams,BYU,Big 12,76.375,235,8.875,31.25,76.375,4.63,35.5,19,123.0,7.05,4.31,0,1364,-1.805,52.478,36.286,62.31,60.603,0.0,0,0,Undrafted,0,0.1798553262796627,37,30.165289256198346,94.87179487179486
2025,S,Secondary,Maryland,Big Ten,70.875,196,8.75,31.25,75.125,4.61,31.0,12,117.0,7.09,4.32,1,1407,-0.535,43.23,46.603,47.026,35.755,4.6444,0,0,Round 5,0,0.17976526804672247,37,30.57851239669421,94.87179487179486
2024,IOL,OL,Ohio St.,Big Ten,75.5,316,9.0,32.625,80.5,5.21,28.0,27,103.0,8.19,4.74,1,2065,27.485,89.569,83.397,86.658,44.2,0.0,1,0,Undrafted,0,0.17778086201948798,37,30.991735537190085,94.87179487179486
2024,IOL,OL,Utah,Pac-12,76.5,321,10.0,32.5,79.5,5.38,29.5,27,101.0,7.95,4.9,1,1684,10.768,65.114,50.684,74.826,48.257,0.0,0,0,Undrafted,0,0.1769711724385396,37,31.40495867768595,94.87179487179486
2023,CB,Secondary,Stanford,Pac-12,72.0,191,9.75,32.0,76.625,4.52,36.0,15,131.0,6.51,4.27,1,1237,-3.917,38.149,36.614,44.176,50.17,4.625,0,0,Round 5,0,0.17684875660182667,37,31.818181818181817,94.87179487179486
2023,WR,Skill,Michigan,Big Ten,71.625,191,9.5,31.0,75.0,4.54,38.5,14,120.0,6.98,4.15,1,2124,23.62,85.085,79.485,79.2,57.128,1.7918,1,0,Undrafted,0,0.1761733371670508,37,32.231404958677686,94.87179487179486
2025,RB,Skill,Kansas State,Big 12,72.25,212,9.25,30.375,75.25,4.43,39.5,33,130.0,7.84,4.33,1,1754,11.098,70.634,61.856,71.635,49.804,4.6821,0,0,Round 5,0,0.1757021220222261,37,32.64462809917356,94.87179487179486
2024,IOL,OL,Boston Col.,ACC,75.375,314,10.5,33.5,81.625,5.13,32.5,29,109.0,7.81,4.53,1,1345,-5.102,38.527,51.282,29.636,49.017,3.8918,0,0,Round 6-7,1,0.17512521304944034,38,33.057851239669425,97.43589743589743
2025,OT,OL,Purdue,Big Ten,76.125,303,10.5,32.0,80.0,4.28,34.4,11,93.0,8.19,4.67,1,1061,-13.836,20.419,29.645,21.338,52.981,4.654,0,0,Round 5,0,0.17474150892686485,38,33.47107438016529,97.43589743589743
2025,CB,Secondary,Nebraska,Big Ten,72.5,213,9.0,32.75,79.5,4.38,30.44,11,116.6,8.12,4.97,0,1537,6.154,64.984,58.011,69.664,41.381,0.0,0,0,Undrafted,0,0.17444163295533294,38,33.88429752066116,97.43589743589743
2023,RB,Skill,Utah,Pac-12,72.375,237,9.25,31.125,76.0,4.74,30.0,20,118.0,6.84,4.32,1,1915,19.146,79.905,74.866,74.068,53.378,0.0,0,0,Undrafted,0,0.17421730399960922,38,34.29752066115703,97.43589743589743
2025,WR,Skill,Ole Miss,SEC,72.75,201,8.75,31.5,77.125,4.58,34.0,11,124.0,7.43,4.07,1,2007,20.608,84.235,76.596,81.866,47.73,0.0,1,0,Undrafted,0,0.17388394960106554,38,34.710743801652896,97.43589743589743
2023,LB,LB,Georgia Tech,ACC,75.0,216,8.5,31.5,77.25,4.52,32.5,18,124.0,7.09,4.34,1,1272,-3.476,46.573,34.944,66.413,25.201,0.0,0,0,Undrafted,0,0.17371928545656293,38,35.12396694214876,97.43589743589743
2024,RB,Skill,Missouri,SEC,68.5,202,9.125,28.125,68.625,4.61,33.0,22,118.0,6.84,4.23,1,1866,15.277,78.168,79.322,67.958,47.09,0.0,0,1,Undrafted,0,0.17322882624228864,38,35.53719008264463,97.43589743589743
2025,IOL,OL,Cincinnati,Big 12,76.75,319,10.0,31.75,80.5,5.45,34.01,33,104.9,8.19,4.97,1,1463,3.423,58.625,63.495,54.814,34.682,0.0,0,0,Undrafted,0,0.17235016663134672,38,35.9504132231405,97.43589743589743
2024,WR,Skill,Utah,Pac-12,76.0,203,9.75,33.5,79.125,4.47,36.0,13,126.0,6.86,4.14,1,1684,10.768,65.114,50.684,74.826,48.257,3.1781,0,0,Undrafted,0,0.17208222325625705,38,36.36363636363637,97.43589743589743
2024,OT,OL,South Dakota St.,MVFC,77.75,305,9.75,33.5,83.125,5.22,38.5,28,113.0,7.76,4.85,1,1641,8.574,64.355,63.524,60.613,46.247,0.0,0,0,Undrafted,0,0.1719198583209972,38,36.77685950413223,97.43589743589743
2025,DL,DL,Alabama,SEC,76.375,302,10.375,33.0,81.625,4.28,24.5,33,138.0,6.65,4.6,0,1986,23.933,85.057,77.281,79.955,59.628,4.2341,1,0,Round 6-7,1,0.17158769170539687,39,37.1900826446281,100.0
2024,WR,Skill,Oregon St.,Pac-12,68.375,174,8.875,29.625,69.875,4.39,39.5,18,129.0,6.9,4.16,1,1722,13.996,79.392,79.074,67.781,54.727,4.7622,0,0,Round 5,0,0.1709534016052922,39,37.60330578512397,100.0
2023,CB,Secondary,Florida St.,ACC,70.625,191,8.75,29.625,72.25,4.59,33.5,23,116.0,7.12,4.58,1,1848,15.503,78.613,83.024,62.6,47.133,4.7362,0,0,Round 5,0,0.16828832503903113,39,38.01652892561984,100.0
2025,WR,Skill,Tennessee,SEC,74.5,209,10.0,32.125,78.5,4.33,42.99,14,123.6,6.65,4.03,0,1915,20.786,83.706,67.16,87.119,52.677,0.0,0,0,Undrafted,0,0.1677425824764431,39,38.429752066115704,100.0
2024,TE,Skill,TCU,Big 12,78.125,249,9.5,33.25,79.25,4.62,37.0,28,118.0,7.19,4.33,1,1631,9.511,59.244,64.411,51.426,45.245,4.852,0,0,Round 5,0,0.16765591291150156,39,38.84297520661157,100.0
2025,DL,DL,North Carolina,ACC,76.25,294,10.25,33.25,81.125,4.28,35.5,26,114.0,8.19,4.03,1,1496,2.602,50.555,55.402,46.067,47.749,0.0,0,0,Undrafted,0,0.16684625481935908,39,39.25619834710744,100.0
2024,LB,LB,Notre Dame,FBS Independent,72.875,235,9.75,30.625,74.875,4.62,34.5,20,118.0,7.31,4.35,1,2077,20.776,83.947,78.304,77.941,57.082,4.7536,1,0,Round 5,0,0.16644136366416154,39,39.66942148760331,100.0
2025,WR,Skill,Memphis,AAC,73.875,213,9.0,32.25,78.25,4.49,30.5,14,122.0,6.85,4.14,1,1657,2.129,54.221,59.509,47.876,44.037,0.0,0,0,Undrafted,0,0.16586502556667893,39,40.082644628099175,100.0
2024,IOL,OL,Holy Cross,Patriot League,77.0,300,9.375,32.375,78.375,5.0,33.5,27,115.0,7.55,4.45,1,1769,12.25,68.878,67.253,62.758,55.279,2.3979,0,0,Undrafted,0,0.1651967920382705,39,40.49586776859504,100.0
2024,C,OL,Michigan,Big Ten,73.5,298,9.0,33.0,78.25,5.23,29.5,25,101.0,7.33,4.5,1,2210,27.625,94.395,88.226,91.352,54.858,0.0,0,0,Undrafted,0,0.16496560204035235,39,40.909090909090914,100.0
2023,CB,Secondary,LSU,SEC,74.0,212,10.125,32.25,78.0,4.55,38.0,15,128.0,7.21,4.27,1,1871,17.436,78.295,78.649,74.431,26.438,0.0,0,0,Undrafted,0,0.16427440451521708,39,41.32231404958678,100.0
2024,LB,LB,Florida St.,ACC,71.5,229,10.0,32.375,78.25,4.62,34.0,16,119.0,7.18,4.92,1,1789,19.915,83.68,70.051,84.429,58.266,2.0794,0,0,Undrafted,0,0.16407449080519937,39,41.735537190082646,100.0
2025,TE,Skill,Bowling Green,MAC,75.25,241,9.25,32.25,79.25,4.71,34.0,22,118.0,6.97,4.39,1,1442,-3.156,48.952,45.874,55.957,41.324,5.2575,0,0,Round 3,0,0.16276598284422872,39,42.14876033057851,100.0
2025,S,Secondary,Toledo,MAC,72.5,202,9.125,31.5,75.5,4.55,34.5,16,124.0,6.65,4.76,1,1431,-5.318,43.159,33.851,52.717,56.909,0.0,0,0,Undrafted,0,0.16219455135802743,39,42.561983471074385,100.0
2024,DL,DL,Duke,ACC,74.375,302,10.25,33.0,79.125,4.99,32.0,27,109.0,7.95,4.75,1,1654,8.778,68.7,63.774,63.667,60.347,5.0999,0,0,Round 3,0,0.16207475439131894,39,42.97520661157025,100.0
2024,CB,Secondary,Washington St.,Pac-12,69.75,184,9.125,30.25,72.375,4.54,34.5,18,125.0,7.05,4.32,1,1546,3.221,62.169,54.667,62.054,59.872,4.625,0,0,Round 5,0,0.16156701717460253,39,43.388429752066116,100.0
2024,OT,OL,Pittsburgh,ACC,78.25,327,9.0,33.25,81.25,5.19,29.0,29,108.0,7.78,4.61,0,1404,-0.369,43.622,32.282,60.013,38.896,5.193,0,0,Round 3,0,0.16155081714859534,39,43.80165289256198,100.0
2024,LB,LB,Temple,AAC,73.375,228,8.75,32.0,76.0,4.55,35.5,18,124.0,7.13,5.06,1,1017,-19.353,17.077,30.798,16.718,42.309,4.7875,0,0,Round 5,0,0.1613062412783307,39,44.214876033057855,100.0
2024,S,Secondary,Miami,ACC,71.25,203,9.75,31.25,75.0,4.65,35.0,13,110.0,6.98,4.83,1,1580,11.169,68.436,66.666,63.176,51.762,5.0752,0,1,Round 4,0,0.16105960371311795,39,44.62809917355372,100.0
2025,S,Secondary,Iowa,Big Ten,71.25,203,10.5,30.625,74.375,4.59,30.5,11,117.0,7.11,4.34,1,1774,11.144,70.238,48.063,74.759,71.573,0.0,0,0,Undrafted,0,0.16089285525093142,39,45.04132231404959,100.0
2025,LB,LB,Oklahoma,SEC,75.25,233,9.0,32.125,77.5,4.52,34.0,33,117.5,7.12,4.03,1,1725,10.943,65.083,38.944,80.167,57.918,4.9904,1,0,Round 4,0,0.16085703774756457,39,45.45454545454545,100.0
2025,OT,OL,Cincinnati,Big 12,76.125,322,11.0,33.75,81.5,5.17,43.0,29,89.8,7.93,4.72,1,1463,3.423,58.625,63.495,54.814,34.682,2.1972,0,0,Undrafted,0,0.1602980050837473,39,45.867768595041326,100.0
2023,EDGE,DL,Kansas,Big 12,74.375,244,9.25,32.375,75.375,4.55,35.0,31,124.0,7.4,4.46,1,1373,3.37,60.21,82.028,38.063,37.048,0.0,0,0,Undrafted,0,0.1600146248028751,39,46.28099173553719,100.0
2025,TE,Skill,Alabama,SEC,76.875,256,9.5,33.25,79.75,4.69,34.5,32,120.0,6.65,4.03,1,1986,23.933,85.057,77.281,79.955,59.628,0.0,1,0,Undrafted,0,0.15998884591794857,39,46.69421487603306,100.0
2025,S,Secondary,Oklahoma,SEC,69.875,192,8.5,28.5,70.75,4.42,35.5,17,123.0,6.65,4.03,1,1725,10.943,65.083,38.944,80.167,57.918,4.9488,1,0,Round 4,0,0.15944722045673412,39,47.107438016528924,100.0
2023,DL,DL,Texas,Big 12,74.625,292,10.375,34.5,83.375,5.04,33.0,29,112.0,7.53,4.75,1,1900,19.379,79.1,73.758,70.57,66.449,2.3026,1,0,Undrafted,0,0.1590130474429966,39,47.5206611570248,100.0
2025,RB,Skill,Rutgers,Big Ten,68.25,211,9.0,38.625,72.0,4.6,34.5,11,115.7,7.58,4.97,1,1533,3.857,55.405,64.09,40.753,58.771,3.2581,0,0,Undrafted,0,0.15872836900314502,39,47.93388429752066,100.0
2025,EDGE,DL,Alabama,SEC,76.25,243,9.5,33.5,80.125,5.05,43.0,23,138.0,8.19,4.97,0,1986,23.933,85.057,77.281,79.955,59.628,4.8283,1,0,Round 5,0,0.1586063112631414,39,48.34710743801653,100.0
2023,WR,Skill,TCU,Big 12,68.375,165,8.0,29.25,69.0,4.36,36.5,12,126.0,6.9,4.38,1,1729,14.378,80.5,80.39,69.518,54.974,4.8978,0,0,Round 4,0,0.15815731214045298,39,48.760330578512395,100.0
2025,DL,DL,Florida,SEC,78.25,328,9.5,34.125,81.875,5.17,24.5,11,93.0,6.65,4.03,1,1767,11.901,71.717,58.466,70.419,67.15,4.7791,0,0,Round 5,0,0.15810523650631442,39,49.17355371900827,100.0
2025,RB,Skill,Arkansas,SEC,73.5,229,9.5,33.0,79.375,4.61,32.0,33,119.0,7.19,4.36,1,1611,8.19,65.787,60.714,66.155,45.94,0.0,0,0,Undrafted,0,0.157724707628459,39,49.586776859504134,100.0
2023,DL,DL,LSU,SEC,75.0,305,10.125,32.75,78.125,5.01,31.0,30,112.0,8.01,5.0,1,1871,17.436,78.295,78.649,74.431,26.438,4.7707,0,0,Round 5,0,0.15721541860735236,39,50.0,100.0
2025,S,Secondary,Virginia,ACC,72.375,206,9.625,32.25,77.625,4.48,36.5,12,128.0,7.46,4.97,1,1356,-1.289,47.839,40.745,53.887,55.993,5.112,0,0,Round 3,0,0.15541671788211442,39,50.413223140495866,100.0
2023,IOL,OL,South Carolina,SEC,73.875,297,9.875,31.75,77.0,5.12,27.5,20,109.0,7.9,4.8,1,1620,4.416,61.258,58.008,49.932,79.756,3.5264,0,0,Undrafted,0,0.15512110611243435,39,50.82644628099173,100.0
2025,EDGE,DL,Syracruse,ACC,76.375,257,10.375,33.375,79.125,4.57,30.5,24,121.0,8.19,4.03,1,1499,3.99,59.911,72.144,44.673,32.891,1.6094,0,0,Undrafted,0,0.1546457363962711,39,51.2396694214876,100.0
2025,DL,DL,Indiana,Big Ten,73.125,316,9.625,31.5,79.125,4.95,33.0,28,138.0,6.65,4.03,1,1951,18.73,83.71,85.132,72.021,40.91,4.9836,1,0,Round 4,0,0.1542923187469805,39,51.652892561983464,100.0
2023,QB,Skill,Shepherd,PSAC,75.125,213,9.5,30.125,74.875,4.79,36.0,20,120.0,6.95,4.36,1,1759,10.267,67.94,57.957,72.715,49.834,0.0,0,0,Undrafted,0,0.1526746839557968,39,52.066115702479344,100.0
2025,TE,Skill,Iowa,Big Ten,77.75,251,10.0,32.125,78.375,5.42,35.0,11,120.0,7.18,4.47,1,1774,11.144,70.238,48.063,74.759,71.573,1.3863,0,0,Undrafted,0,0.1519384607895378,39,52.47933884297521,100.0
2025,CB,Secondary,Western Kentucky,Conference USA,73.0,181,9.0,30.0,74.375,4.44,37.5,21,128.0,8.19,4.29,1,1364,-7.663,43.781,43.864,42.926,60.821,5.0689,0,0,Round 4,0,0.15186071639032392,39,52.892561983471076,100.0
2025,S,Secondary,Penn State,Big Ten,73.5,215,9.5,32.5,80.875,4.44,38.11,12,103.8,6.72,4.97,0,2063,20.037,81.11,80.469,75.103,36.924,5.1761,0,0,Round 3,0,0.1506737119350942,39,53.30578512396694,100.0
2025,OT,OL,LSU,SEC,77.25,315,10.625,34.25,81.5,5.45,24.5,33,109.2,8.19,4.97,0,1827,13.515,71.849,75.763,61.497,39.011,5.124,0,0,Round 3,0,0.15063589301043334,39,53.71900826446281,100.0
2023,RB,Skill,Georgia,SEC,72.25,204,9.0,30.5,76.375,4.62,35.5,20,122.0,7.11,4.57,1,2300,29.908,93.511,90.791,87.647,45.406,3.091,0,0,Undrafted,0,0.150061031346194,39,54.132231404958674,100.0
2023,RB,Skill,Texas,Big 12,72.25,219,9.625,32.0,76.875,4.58,31.5,20,122.0,7.01,4.48,1,1900,19.379,79.1,73.758,70.57,66.449,4.9698,1,0,Round 4,0,0.14847515073584225,39,54.54545454545454,100.0
2023,EDGE,DL,Wisconsin,Big Ten,74.125,240,9.25,31.25,76.0,4.65,34.5,25,124.0,7.24,4.45,1,1706,8.148,60.996,54.436,68.136,36.997,4.8442,0,0,Round 5,0,0.1479037173546372,39,54.958677685950406,100.0
2024,RB,Skill,Ohio St.,Big Ten,68.5,229,9.0,28.625,69.625,4.56,36.0,22,119.0,7.25,4.26,0,2065,27.485,89.569,83.397,86.658,44.2,0.0,1,0,Undrafted,0,0.14748839055100146,39,55.371900826446286,100.0
2023,LB,LB,Purdue,Big Ten,73.875,220,9.875,33.0,78.75,4.64,30.5,17,112.0,7.32,4.45,1,1460,4.283,58.947,63.872,51.004,46.438,1.3863,0,0,Undrafted,0,0.14557860547463303,39,55.78512396694215,100.0
2025,WR,Skill,Illinois,Big Ten,74.25,204,9.5,31.125,78.0,4.61,37.5,17,124.0,6.65,4.03,1,1618,5.208,63.81,64.672,52.931,65.881,5.2204,0,0,Round 3,0,0.1445669178129403,39,56.19834710743802,100.0
2023,WR,Skill,Maryland,Big Ten,71.25,201,8.625,31.625,76.75,4.42,33.0,20,127.0,7.01,4.47,1,1645,7.842,61.934,61.039,57.849,51.968,0.0,0,0,Undrafted,0,0.144485478707855,39,56.611570247933884,100.0
2025,RB,Skill,North Carolina,ACC,71.75,221,9.375,30.5,74.75,4.46,38.0,18,130.0,6.75,4.4,1,1496,2.602,50.555,55.402,46.067,47.749,5.4681,0,0,Round 1,0,0.14418002793308865,39,57.02479338842975,100.0
2025,OT,OL,NC State,ACC,78.0,336,10.25,33.75,83.125,5.26,29.5,11,107.0,7.77,4.03,1,1502,0.43,43.632,41.325,49.036,47.981,5.323,0,0,Round 2,0,0.1438732907352782,39,57.438016528925615,100.0
2023,IOL,OL,LSU,SEC,76.0,332,9.5,33.5,80.375,5.08,30.0,20,106.0,7.84,4.8,1,1871,17.436,78.295,78.649,74.431,26.438,5.0173,0,0,Round 4,0,0.1438607457448871,39,57.85123966942148,100.0
2023,CB,Secondary,Syracuse,ACC,70.0,192,9.25,31.0,74.5,4.46,36.5,13,127.0,6.76,4.29,0,1464,5.084,59.708,56.419,61.005,44.497,5.2311,0,0,Round 3,0,0.14367858500194783,39,58.26446280991735,100.0
2024,LB,LB,North Carolina,ACC,73.5,234,9.0,32.5,78.375,4.64,35.5,17,120.0,7.31,4.71,1,1569,10.237,64.036,77.006,45.498,43.228,5.0304,0,0,Round 4,0,0.1435147837177315,39,58.67768595041323,100.0
2023,IOL,OL,Alabama,SEC,74.625,314,9.5,33.875,82.625,5.21,29.0,20,107.0,7.77,4.76,0,2181,27.296,89.526,85.539,81.093,61.676,0.0,1,0,Undrafted,0,0.14334877252854153,39,59.09090909090909,100.0
2023,IOL,OL,Mississippi,SEC,76.0,305,9.75,32.5,76.625,5.27,29.0,20,108.0,7.75,4.7,1,1634,12.342,68.271,72.487,57.125,45.454,3.3673,0,0,Undrafted,0,0.14270343623880047,39,59.50413223140496,100.0
2025,EDGE,DL,Ohio State,Big Ten,76.25,260,9.625,31.625,77.125,4.28,24.5,33,138.0,8.19,4.03,0,2211,24.823,87.333,80.443,83.601,49.523,4.9127,1,0,Round 4,0,0.14240060483394856,39,59.917355371900825,100.0
2024,S,Secondary,Minnesota,Big Ten,73.25,199,9.0,32.0,77.5,4.52,37.0,14,124.0,7.01,4.98,0,1488,-0.564,45.156,45.237,46.429,51.196,5.3566,0,1,Round 2,0,0.14229646080509292,39,60.33057851239669,100.0
2023,OT,OL,Georgia,SEC,77.375,311,10.625,34.75,82.75,4.97,30.0,20,108.0,7.6,4.69,1,2300,29.908,93.511,90.791,87.647,45.406,5.5013,0,0,Round 1,0,0.14189502488775307,39,60.74380165289256,100.0
2024,C,OL,Duke,ACC,77.375,313,9.375,32.875,79.75,5.2,31.0,27,105.0,7.41,4.24,0,1654,8.778,68.7,63.774,63.667,60.347,5.451,0,0,Round 1,0,0.1417530219529861,39,61.15702479338842,100.0
2023,WR,Skill,Arkansas,SEC,76.375,200,9.25,32.5,79.125,4.37,37.0,17,130.0,6.94,4.29,1,1686,6.93,62.299,69.2,48.112,56.255,0.0,0,0,Undrafted,0,0.140966775118393,39,61.57024793388429,100.0
2023,FB,Skill,North Dakota St.,MVFC,73.0,230,9.625,31.5,75.75,4.58,34.0,20,121.0,7.27,4.44,0,1746,11.417,68.377,64.602,65.17,51.016,0.0,0,0,Undrafted,0,0.14083027370280282,39,61.98347107438017,100.0
2024,IOL,OL,Kansas St.,Big 12,75.25,322,9.25,31.5,78.125,5.03,27.5,31,109.0,7.44,4.61,1,1942,18.789,79.849,77.7,71.656,49.809,5.2257,0,0,Round 3,0,0.1406899677519345,39,62.396694214876035,100.0
2024,WR,Skill,Michigan,Big Ten,74.75,212,8.625,31.875,77.25,4.44,37.5,15,127.0,6.85,4.1,1,2210,27.625,94.395,88.226,91.352,54.858,1.7918,0,0,Undrafted,0,0.14068516407392598,39,62.8099173553719,100.0
2024,C,OL,South Carolina,SEC,77.375,318,10.375,33.875,82.25,5.25,32.5,26,101.0,7.33,3.97,1,1594,6.054,55.105,53.866,54.724,48.937,1.0986,0,0,Undrafted,0,0.13926159351137132,39,63.22314049586777,100.0
2023,CB,Secondary,Illinois,Big Ten,69.75,211,10.25,31.5,76.0,4.47,40.5,23,130.0,6.68,4.07,1,1749,9.857,68.781,50.92,80.746,45.222,5.2627,0,0,Round 3,0,0.13894892836001022,39,63.63636363636363,100.0
2024,IOL,OL,Tulane,AAC,76.5,322,9.125,32.875,80.5,5.34,30.0,28,105.0,7.82,4.74,1,1598,3.05,60.759,46.835,66.943,59.144,0.0,0,0,Undrafted,0,0.13859639610661725,39,64.0495867768595,100.0
2025,IOL,OL,Georgia,SEC,78.5,308,10.375,32.25,79.25,4.97,32.0,11,113.0,7.38,4.03,1,1998,22.091,82.861,79.935,73.308,59.572,5.3083,1,0,Round 2,0,0.13759088555716995,39,64.46280991735537,100.0
2023,LB,LB,Cincinnati,AAC,70.5,231,9.5,30.25,72.0,4.55,33.5,22,119.0,7.44,4.41,0,1690,6.451,60.989,44.607,64.989,69.829,0.0,0,1,Undrafted,0,0.13695091320779257,39,64.87603305785123,100.0
2023,DL,DL,Oklahoma,Big 12,74.0,291,10.125,32.625,78.25,4.81,34.5,27,116.0,7.3,4.51,1,1662,9.969,66.271,71.907,54.872,48.16,0.0,0,0,Undrafted,0,0.1368651319609687,39,65.28925619834712,100.0
2024,DL,DL,Illinois,Big Ten,73.625,304,9.5,32.375,75.875,5.01,29.5,27,108.0,8.01,4.79,0,1504,0.543,45.217,52.138,44.335,38.615,5.4072,0,1,Round 2,0,0.13674217196574093,39,65.70247933884298,100.0
2025,RB,Skill,Arizona State,Big 12,69.5,219,9.375,29.75,73.875,4.65,39.5,17,123.0,7.37,4.97,1,1801,11.793,78.233,79.692,66.688,47.348,5.037,0,0,Round 4,0,0.1360544214618219,39,66.11570247933885,100.0
2025,RB,Skill,Iowa,Big Ten,73.0,224,9.5,33.0,78.5,4.57,37.78,33,109.6,6.97,4.03,1,1774,11.144,70.238,48.063,74.759,71.573,5.1705,0,0,Round 3,0,0.13565436724587132,39,66.52892561983471,100.0
2025,WR,Skill,Arizona,Big 12,76.125,219,10.0,31.5,77.875,4.68,32.15,15,121.5,6.94,4.19,0,1307,-3.385,38.477,43.057,38.791,48.852,5.5255,0,1,Round 1,0,0.13507922658871352,39,66.94214876033058,100.0
2023,OT,OL,Ohio St.,Big Ten,80.25,374,11.625,36.375,87.875,5.35,26.0,20,112.0,7.61,4.6,1,2107,25.771,88.337,91.467,71.506,49.437,4.9972,0,0,Round 4,0,0.13451916337842101,39,67.35537190082644,100.0
2025,OT,OL,Kansas,Big 12,78.375,311,10.0,33.75,84.0,5.18,32.0,26,111.0,7.75,4.51,1,1625,8.755,66.926,75.105,52.224,46.186,0.0,0,0,Undrafted,0,0.1343408508000412,39,67.76859504132231,100.0
2024,C,OL,North Dakota St.,MVFC,77.0,301,9.5,33.125,77.875,5.14,31.5,26,109.0,7.41,4.81,0,1801,14.582,71.615,66.979,66.914,51.221,0.0,0,0,Undrafted,0,0.1342444751200149,39,68.18181818181817,100.0
2023,OT,OL,Kansas,Big 12,77.75,309,9.5,34.125,80.75,5.05,31.0,20,111.0,7.6,4.69,1,1373,3.37,60.21,82.028,38.063,37.048,0.0,0,0,Undrafted,0,0.13400451097777652,39,68.59504132231406,100.0
2024,TE,Skill,South Carolina,SEC,75.0,240,9.375,34.25,78.75,4.64,32.5,28,121.0,7.09,4.54,1,1594,6.054,55.105,53.866,54.724,48.937,0.0,0,0,Undrafted,0,0.1331807523903279,39,69.00826446280992,100.0
2024,TE,Skill,Ohio St.,Big Ten,75.875,247,9.75,32.75,77.25,4.65,34.5,28,117.0,7.07,4.45,1,2065,27.485,89.569,83.397,86.658,44.2,4.9127,1,0,Round 4,0,0.13223920837043368,39,69.42148760330579,100.0
2025,TE,Skill,LSU,SEC,77.125,251,10.0,33.25,78.75,4.28,24.5,33,110.7,6.65,4.97,0,1827,13.515,71.849,75.763,61.497,39.011,5.3799,0,0,Round 2,0,0.13192140956547707,39,69.83471074380165,100.0
2023,CB,Secondary,Utah,Pac-12,69.0,184,9.125,29.125,70.375,4.51,33.0,18,133.0,6.51,4.32,1,1915,19.146,79.905,74.866,74.068,53.378,4.9836,0,0,Round 4,0,0.131891717085494,39,70.24793388429752,100.0
2025,DL,DL,Boston College,ACC,74.75,312,9.5,33.0,81.0,5.3,31.5,11,108.0,8.19,4.97,1,1513,4.829,61.35,56.657,64.403,40.228,0.0,0,0,Undrafted,0,0.1318780958750762,39,70.66115702479338,100.0
2024,OT,OL,Yale,Ivy League,77.375,323,9.625,36.125,85.5,5.17,29.5,29,109.0,7.93,4.64,0,1725,10.499,65.564,63.746,61.56,50.241,5.2149,0,0,Round 3,0,0.13178405717667677,39,71.07438016528926,100.0
2023,LB,LB,Texas,Big 12,74.625,229,9.5,32.25,78.125,4.56,34.0,15,124.0,6.62,4.33,1,1900,19.379,79.1,73.758,70.57,66.449,5.1299,1,0,Round 3,0,0.13174534161782026,39,71.48760330578511,100.0
2025,EDGE,DL,North Carolina,ACC,73.0,254,10.0,32.5,79.875,5.45,24.5,27,93.0,8.19,4.68,1,1496,2.602,50.555,55.402,46.067,47.749,0.0,0,0,Undrafted,0,0.1312163352045292,39,71.900826446281,100.0
2024,EDGE,DL,Arkansas,SEC,75.875,266,10.125,32.75,79.5,4.69,31.5,21,120.0,7.07,4.27,1,1431,2.225,47.846,34.458,61.741,53.372,0.0,0,0,Undrafted,0,0.1307604286091547,39,72.31404958677686,100.0
2023,IOL,OL,Washington,Pac-12,77.75,306,10.75,34.0,81.125,5.5,28.0,20,101.0,8.34,4.97,1,1760,11.472,73.944,84.016,49.984,45.242,0.0,1,0,Undrafted,0,0.13052905086312974,39,72.72727272727273,100.0
2023,WR,Skill,SMU,AAC,73.0,204,9.5,32.75,77.375,4.51,41.0,17,128.0,6.94,4.29,1,1504,2.267,56.034,67.613,41.499,46.125,5.3181,0,0,Round 2,0,0.12987494164171337,39,73.14049586776859,100.0
2023,WR,Skill,South Carolina,SEC,73.0,201,9.5,34.125,80.25,4.69,35.0,17,130.0,7.15,4.31,1,1620,4.416,61.258,58.008,49.932,79.756,2.7081,0,0,Undrafted,0,0.1281234255322892,39,73.55371900826447,100.0
2024,TE,Skill,Washington,Pac-12,75.125,231,9.25,32.875,78.5,4.47,35.0,28,121.0,6.99,4.39,1,1879,17.544,82.666,86.101,64.802,60.593,2.5649,0,0,Undrafted,0,0.1276251696335933,39,73.96694214876032,100.0
2024,OT,OL,Eastern Kentucky,UAC,77.75,329,10.75,35.75,85.125,5.21,29.0,29,108.0,7.86,4.59,0,1739,10.583,67.086,65.694,61.574,51.081,2.9957,0,0,Undrafted,0,0.12756383143722544,39,74.3801652892562,100.0
2023,RB,Skill,Texas A&M,SEC,68.5,188,8.5,29.0,69.125,4.32,33.0,20,120.0,7.57,4.99,1,1629,7.2,58.223,43.007,65.719,58.545,5.1648,0,0,Round 3,0,0.12588453976274697,39,74.79338842975206,100.0
2024,OT,OL,Howard,MEAC,79.75,353,9.75,35.125,85.5,5.35,27.5,31,105.0,7.5,4.41,1,1743,10.624,67.994,66.593,60.836,53.823,0.0,0,0,Undrafted,0,0.1244992337365996,39,75.20661157024794,100.0
2023,OT,OL,Syracuse,ACC,77.0,318,9.5,33.75,81.875,5.21,30.5,20,103.0,7.61,4.68,1,1464,5.084,59.708,56.419,61.005,44.497,5.3982,0,0,Round 2,0,0.12397103223068705,39,75.6198347107438,100.0
2024,S,Secondary,Oregon,Pac-12,71.25,200,10.125,30.125,72.875,4.6,40.5,17,126.0,6.99,4.88,1,2106,25.043,90.094,93.321,73.578,35.343,4.9972,1,0,Round 4,0,0.1234921807650293,39,76.03305785123968,100.0
2025,EDGE,DL,West Virginia,Big 12,77.5,293,10.5,35.0,84.5,4.88,28.5,28,112.0,7.38,4.03,1,1455,1.795,52.984,64.597,35.526,62.429,0.0,0,0,Undrafted,0,0.12334574297583291,39,76.44628099173553,100.0
2025,CB,Secondary,Kansas State,Big 12,69.75,191,9.0,30.75,75.875,4.35,37.5,12,129.0,8.19,4.93,1,1754,11.098,70.634,61.856,71.635,49.804,5.1648,0,0,Round 3,0,0.12320834868546414,39,76.85950413223141,100.0
2024,EDGE,DL,Charlotte,AAC,76.5,260,9.5,33.5,79.375,4.65,34.5,23,121.0,7.17,4.36,0,1055,-14.993,22.913,17.6,42.495,39.432,0.0,0,0,Undrafted,0,0.12297051630808664,39,77.27272727272727,100.0
2024,DL,DL,Ohio St.,Big Ten,74.75,290,10.0,33.5,81.125,4.97,31.0,27,111.0,7.65,4.61,0,2065,27.485,89.569,83.397,86.658,44.2,5.323,1,0,Round 2,0,0.12277105814211484,39,77.68595041322314,100.0
2025,CB,Secondary,Ole Miss,SEC,72.75,195,9.0,31.25,77.75,4.43,32.5,13,126.0,8.19,4.97,1,2007,20.608,84.235,76.596,81.866,47.73,5.2883,1,0,Round 2,0,0.1215344128834295,39,78.099173553719,100.0
2024,IOL,OL,Illinois,Big Ten,76.25,315,9.0,33.875,81.875,5.22,24.5,26,102.0,7.77,4.73,1,1504,0.543,45.217,52.138,44.335,38.615,5.2364,0,0,Round 3,0,0.12125104854799564,39,78.51239669421489,100.0
2024,DL,DL,Miami,ACC,75.5,303,9.0,33.875,80.625,5.12,30.0,27,109.0,7.81,4.75,1,1580,11.169,68.436,66.666,63.176,51.762,0.0,0,0,Undrafted,0,0.12101901184951157,39,78.92561983471074,100.0
2024,EDGE,DL,Oregon,Pac-12,75.0,283,9.375,33.25,80.875,4.85,30.5,21,111.0,7.43,4.85,1,2106,25.043,90.094,93.321,73.578,35.343,5.0106,1,0,Round 4,0,0.12089581459028961,39,79.33884297520662,100.0
2023,DL,DL,Florida,SEC,77.625,310,9.5,32.25,80.875,4.88,31.0,22,110.0,7.5,4.73,1,1581,7.555,60.994,69.396,49.078,49.533,5.3279,0,0,Round 2,0,0.12066585121350243,39,79.75206611570248,100.0
2023,LB,LB,Clemson,ACC,74.375,235,10.25,32.375,77.5,4.43,35.0,25,123.0,7.28,4.36,1,1843,17.553,74.958,64.744,77.07,48.641,5.1533,0,0,Round 3,0,0.12024225912094923,39,80.16528925619835,100.0
2023,EDGE,DL,Missouri,SEC,76.0,268,8.625,33.875,82.0,4.76,36.5,25,122.0,7.39,4.52,1,1470,2.559,59.03,42.751,69.711,55.263,4.8903,0,0,Round 4,0,0.12016881061540069,39,80.57851239669421,100.0
2025,EDGE,DL,LSU,SEC,77.375,280,10.0,33.5,82.375,5.45,33.0,19,119.0,6.65,4.97,1,1827,13.515,71.849,75.763,61.497,39.011,5.0626,0,0,Round 4,0,0.11943588074910116,39,80.99173553719008,100.0
2025,QB,Skill,Miami,ACC,73.625,219,9.0,30.5,75.75,4.28,43.0,22,138.0,8.19,4.97,0,1855,17.338,77.097,87.084,52.889,41.286,5.553,1,1,Round 1,0,0.11850893383056521,39,81.40495867768594,100.0
2023,DL,DL,Mississippi St.,SEC,75.0,304,10.0,34.5,82.0,5.1,29.5,24,109.0,7.6,4.79,1,1694,13.237,75.362,59.938,76.598,66.986,4.9127,0,0,Round 4,0,0.1179698078016228,39,81.81818181818183,100.0
2024,LB,LB,Notre Dame,FBS Independent,74.125,234,9.875,34.25,79.375,4.64,34.0,18,118.0,7.31,4.44,1,2077,20.776,83.947,78.304,77.941,57.082,5.1475,1,0,Round 3,0,0.11794687718229806,39,82.23140495867769,100.0
2025,EDGE,DL,Brigham Young,Big 12,77.625,271,9.375,33.125,81.0,4.78,34.0,27,120.0,7.21,4.54,1,1717,9.307,74.278,67.062,70.631,58.08,0.0,0,0,Undrafted,0,0.1174174794582305,39,82.64462809917356,100.0
2024,TE,Skill,Michigan,Big Ten,78.0,251,9.0,33.375,81.875,4.65,35.0,28,119.0,7.07,4.32,0,2210,27.625,94.395,88.226,91.352,54.858,4.9273,0,0,Round 4,0,0.11607050067365743,39,83.05785123966942,100.0
2024,WR,Skill,Texas,Big 12,73.25,205,9.0,32.375,77.625,4.34,39.5,19,136.0,6.84,4.11,1,2025,23.196,86.583,76.615,83.977,60.972,5.3327,1,0,Round 2,0,0.11522876235340826,39,83.47107438016529,100.0
2025,CB,Secondary,Tulane,AAC,71.375,197,9.625,30.625,75.625,4.33,39.77,16,129.0,6.65,4.91,1,1674,10.537,71.379,66.845,65.053,60.698,5.1417,1,0,Round 3,0,0.11448543573686149,39,83.88429752066115,100.0
2023,EDGE,DL,Louisiana,Sun Belt,76.5,248,10.0,34.25,81.25,4.67,29.0,23,116.0,7.35,4.44,1,1556,-2.136,45.745,34.883,52.541,66.931,3.2581,0,0,Undrafted,0,0.11445240669674585,39,84.29752066115702,100.0
2024,CB,Secondary,Florida St.,ACC,71.875,190,8.625,30.0,73.25,4.38,39.5,15,129.0,6.94,4.24,1,1789,19.915,83.68,70.051,84.429,58.266,5.0938,0,0,Round 3,0,0.11400485287432653,39,84.71074380165288,100.0
2024,IOL,OL,Texas A&M,SEC,75.5,302,10.5,34.625,81.5,5.13,26.5,27,111.0,7.67,4.58,1,1772,15.36,75.057,65.814,76.34,50.751,5.0499,0,0,Round 4,0,0.11181618594124455,39,85.12396694214877,100.0
2023,EDGE,DL,TCU,Big 12,76.0,257,9.5,33.125,78.5,4.63,34.0,18,120.0,6.97,4.44,1,1729,14.378,80.5,80.39,69.518,54.974,5.0106,0,0,Round 4,0,0.1112046463265634,39,85.53719008264463,100.0
2025,LB,LB,South Carolina,SEC,73.625,235,10.0,32.5,80.5,4.58,31.5,22,118.0,7.12,4.25,1,1810,14.834,76.206,60.762,80.864,51.02,5.3471,0,0,Round 2,0,0.11033312089356057,39,85.9504132231405,100.0
2023,RB,Skill,Texas,Big 12,71.0,215,9.75,31.125,74.75,4.46,37.0,20,124.0,6.77,4.26,1,1900,19.379,79.1,73.758,70.57,66.449,5.5255,1,1,Round 1,0,0.11025367760446936,39,86.36363636363636,100.0
2025,WR,Skill,Texas,SEC,71.0,191,9.5,30.5,76.375,4.29,27.78,11,115.1,6.65,4.03,1,2042,26.107,88.25,73.85,92.32,35.538,5.4638,0,0,Round 1,0,0.10736174929659478,39,86.77685950413223,100.0
2024,CB,Secondary,Michigan,Big Ten,69.375,182,8.5,30.875,74.5,4.47,40.0,14,131.0,6.99,4.01,1,2210,27.625,94.395,88.226,91.352,54.858,5.3423,0,0,Round 2,0,0.1055490536411592,39,87.19008264462809,100.0
2024,RB,Skill,Michigan,Big Ten,67.75,205,9.0,28.875,70.125,4.53,35.5,27,119.0,6.82,4.12,1,2210,27.625,94.395,88.226,91.352,54.858,5.1705,0,0,Round 3,0,0.10545354213944437,39,87.60330578512396,100.0
2023,EDGE,DL,Auburn,SEC,74.75,254,10.0,34.5,82.625,4.55,33.5,23,127.0,7.22,4.45,1,1596,6.205,55.022,47.067,62.103,45.36,5.4027,0,0,Round 2,0,0.10470585783671858,39,88.01652892561982,100.0
2024,WR,Skill,Washington,Pac-12,73.375,203,9.75,31.75,74.5,4.52,37.5,16,129.0,6.86,4.13,1,1879,17.544,82.666,86.101,64.802,60.593,5.4027,0,0,Round 2,0,0.10389879555520054,39,88.42975206611571,100.0
2023,EDGE,DL,LSU,SEC,74.0,248,10.5,34.25,81.875,4.59,32.5,23,126.0,7.2,4.45,1,1871,17.436,78.295,78.649,74.431,26.438,5.3845,0,0,Round 2,0,0.10281229066447595,39,88.84297520661157,100.0
2024,OT,OL,Georgia,SEC,79.75,340,11.25,36.125,86.75,5.07,25.5,30,111.0,7.46,4.41,1,2273,24.777,87.417,88.149,74.455,48.128,5.4848,1,0,Round 1,0,0.10274003345194513,39,89.25619834710744,100.0
2024,OT,OL,Arizona,Pac-12,77.0,311,10.875,32.875,81.375,5.04,28.0,27,110.0,8.02,4.72,1,1822,11.44,73.172,77.614,56.651,58.122,5.4553,0,0,Round 1,0,0.10232681129372806,39,89.6694214876033,100.0
2025,CB,Secondary,Colorado,Big 12,72.375,188,9.125,31.375,76.875,4.43,43.0,12,105.0,8.19,4.94,0,1701,12.691,74.938,72.644,69.84,45.06,5.5491,0,1,Round 1,0,0.1019762317420315,39,90.08264462809917,100.0
2023,CB,Secondary,Florida,SEC,71.625,193,10.0,32.0,77.625,4.72,33.5,20,119.0,7.08,4.54,1,1581,7.555,60.994,69.396,49.078,49.533,0.0,0,0,Undrafted,0,0.10036147422453683,39,90.49586776859503,100.0
2023,IOL,OL,Florida,SEC,77.0,330,11.25,33.875,83.875,5.31,23.5,20,101.0,7.99,4.81,1,1581,7.555,60.994,69.396,49.078,49.533,5.2983,0,0,Round 2,0,0.09680519226636503,39,90.9090909090909,100.0
2024,DL,DL,Texas,Big 12,76.5,366,10.125,33.25,81.25,5.27,26.0,27,98.0,8.74,5.46,1,2025,23.196,86.583,76.615,83.977,60.972,5.3982,1,1,Round 2,0,0.09599237343080066,39,91.32231404958677,100.0
2024,QB,Skill,Michigan,Big Ten,74.5,219,9.0,31.625,75.875,4.81,32.5,17,114.0,6.82,4.23,1,2210,27.625,94.395,88.226,91.352,54.858,5.5175,0,0,Round 1,0,0.094341037897615,39,91.73553719008265,100.0
2024,OT,OL,Houston,Big 12,79.5,331,9.375,36.25,86.25,5.13,29.0,28,108.0,7.65,4.58,1,1421,-2.113,42.491,51.077,36.881,53.212,5.3181,0,0,Round 2,0,0.09341007349138102,39,92.14876033057851,100.0
2025,S,Secondary,South Carolina,SEC,75.125,220,9.0,32.5,78.25,4.38,43.0,20,138.0,7.3,4.69,1,1810,14.834,76.206,60.762,80.864,51.02,5.4116,0,0,Round 2,0,0.09020561918619945,39,92.56198347107438,100.0
2023,EDGE,DL,USC,Pac-12,75.0,266,10.125,32.25,77.875,4.63,32.0,23,118.0,7.16,4.43,0,1745,13.164,77.414,90.693,44.38,43.862,5.323,0,1,Round 2,0,0.09010339159884409,39,92.97520661157024,100.0
2024,C,OL,Oregon,Pac-12,75.375,328,9.875,32.25,78.5,5.21,32.0,30,104.0,7.41,2.89,1,2106,25.043,90.094,93.321,73.578,35.343,5.3706,1,1,Round 2,0,0.08939460056023033,39,93.38842975206612,100.0
2025,WR,Skill,Ole Miss,SEC,74.375,205,9.5,31.75,78.25,4.54,38.5,15,125.0,6.93,4.05,1,2007,20.608,84.235,76.596,81.866,47.73,5.3181,1,1,Round 2,0,0.08882306730882539,39,93.80165289256198,100.0
2025,OT,OL,Texas,SEC,77.125,315,10.375,33.5,84.375,5.16,32.0,14,104.0,7.81,4.66,1,2042,26.107,88.25,73.85,92.32,35.538,5.5215,0,1,Round 1,0,0.08854034644017761,39,94.21487603305785,100.0
2023,DL,DL,Georgia,SEC,75.0,314,10.25,33.5,81.0,5.13,29.0,25,106.0,7.65,4.82,0,2300,29.908,93.511,90.791,87.647,45.406,5.5215,0,1,Round 1,0,0.08769418694217268,39,94.62809917355372,100.0
2023,CB,Secondary,Alabama,SEC,71.625,190,9.5,30.75,78.125,4.58,34.5,14,125.0,6.51,4.3,1,2181,27.296,89.526,85.539,81.093,61.676,5.366,1,1,Round 2,0,0.08444748806370476,39,95.0413223140496,100.0
2023,LB,LB,Iowa,Big Ten,76.625,249,10.25,31.875,78.25,4.65,37.5,29,128.0,6.74,4.24,1,1748,7.409,67.111,21.369,88.288,70.495,5.4848,0,1,Round 1,0,0.08137997672114647,39,95.45454545454545,100.0
2023,TE,Skill,Utah,Pac-12,76.0,246,10.25,32.625,78.375,4.67,35.0,21,120.0,7.37,4.3,0,1915,19.146,79.905,74.866,74.068,53.378,5.4553,0,0,Round 1,0,0.079304029411626,39,95.86776859504133,100.0
2024,OT,OL,Oregon St.,Pac-12,77.75,324,10.125,33.125,80.625,5.13,32.0,30,111.0,7.81,4.63,1,1722,13.996,79.392,79.074,67.781,54.727,5.5013,0,1,Round 1,0,0.07921302762279427,39,96.28099173553719,100.0
2023,QB,Skill,Tennessee,SEC,75.0,217,10.5,33.0,79.25,4.58,35.0,20,120.0,7.07,4.36,0,2000,22.728,84.959,90.062,58.984,68.61,5.2523,0,1,Round 3,0,0.07612583048042959,39,96.69421487603306,100.0
2024,EDGE,DL,Missouri,SEC,77.125,285,10.625,34.5,84.375,4.95,35.0,21,111.0,7.44,4.84,1,1866,15.277,78.168,79.322,67.958,47.09,5.4467,0,0,Round 1,0,0.07384151641093062,39,97.10743801652893,100.0
2025,IOL,OL,Ohio State,Big Ten,75.625,315,9.75,33.5,83.75,4.28,24.5,11,102.1,6.65,4.03,0,2211,24.823,87.333,80.443,83.601,49.523,5.4596,1,1,Round 1,0,0.06835174887541845,39,97.52066115702479,100.0
2025,LB,LB,Georgia,SEC,73.0,243,10.25,32.0,79.875,4.75,24.5,11,115.3,6.88,4.03,0,1998,22.091,82.861,79.935,73.308,59.572,5.4972,1,1,Round 1,0,0.06761750182694323,39,97.93388429752066,100.0
2023,CB,Secondary,Oregon,Pac-12,73.375,197,9.5,32.0,76.875,4.38,41.5,14,133.0,6.89,4.26,1,1724,14.225,78.17,81.614,63.631,42.699,5.4889,0,1,Round 1,0,0.06689067525591169,39,98.34710743801654,100.0
2025,WR,Skill,Ohio State,Big Ten,72.875,202,9.5,31.5,76.625,4.54,37.82,11,125.3,7.41,4.55,0,2211,24.823,87.333,80.443,83.601,49.523,5.4806,1,1,Round 1,0,0.06613944919227034,39,98.7603305785124,100.0
2024,QB,Skill,Washington,Pac-12,74.25,216,10.5,33.625,81.0,4.79,32.5,17,112.0,7.04,4.26,0,1879,17.544,82.666,86.101,64.802,60.593,5.5255,0,1,Round 1,0,0.06601648963639424,39,99.17355371900827,100.0
2023,EDGE,DL,Clemson,ACC,77.0,268,8.5,33.75,81.25,4.62,32.0,25,117.0,7.36,4.44,1,1843,17.553,74.958,64.744,77.07,48.641,5.4424,0,1,Round 1,0,0.05584589721368188,39,99.58677685950413,100.0
2024,EDGE,DL,Alabama,SEC,74.75,247,9.875,34.375,83.0,4.46,40.5,23,127.0,7.39,4.31,1,2032,24.925,84.968,76.211,80.844,61.941,5.4889,0,1,Round 1,0,0.043043436667532756,39,100.0,100.0
