Position,Metric,Drafted Mean,Undrafted Mean,Difference
C,Height (inches),75.80729166666667,75.69444444444444,0.11284722222222854
C,Weight(lbs),307.25,304.1111111111111,3.138888888888914
C,Hand (inches),9.864583333333334,9.555555555555555,0.30902777777777857
C,Wingspan (inches),78.859375,78.65277777777777,0.20659722222222854
C,40-Yard Dash (seconds),5.154166666666666,5.092222222222222,0.06194444444444347
C,Vertical (inches),30.604166666666668,30.11111111111111,0.49305555555555713
C,Bench (reps),23.791666666666668,25.444444444444443,-1.652777777777775
C,Broad Jump (inches),107.25,106.0,1.25
C,3-Cone (seconds),7.573333333333333,7.585555555555555,-0.012222222222221468
C,Shuttle (seconds),4.332916666666667,4.664444444444445,-0.33152777777777853
C,FPI,12.171375,17.99222222222222,-5.820847222222222
C,Efficiencies Overall,69.738375,77.90199999999999,-8.163624999999982
C,CFP Appearance,0.20833333333333334,0.1111111111111111,0.09722222222222224
C,National Award,0.08333333333333333,0.0,0.08333333333333333
CB,Height (inches),72.064609375,72.46153846153847,-0.3969290865384636
CB,Weight(lbs),191.6875,193.43589743589743,-1.7483974358974308
CB,Hand (inches),9.1343359375,9.096538461538461,0.03779747596153804
CB,Wingspan (inches),76.01,76.27089743589745,-0.26089743589744785
CB,40-Yard Dash (seconds),4.45515625,4.48923076923077,-0.03407451923076987
CB,Vertical (inches),36.978203125,35.884615384615394,1.0935877403846064
CB,Bench (reps),14.84375,15.692307692307692,-0.8485576923076916
CB,Broad Jump (inches),126.10421875,123.35076923076925,2.753449519230756
CB,3-Cone (seconds),6.972656249999999,7.0097435897435885,-0.037087339743589354
CB,Shuttle (seconds),4.336718749999999,4.389230769230769,-0.05251201923076998
CB,FPI,11.136265625,8.740205128205131,2.3960604967948687
CB,Efficiencies Overall,68.14792187500001,63.92871794871793,4.219203926282077
CB,CFP Appearance,0.171875,0.10256410256410256,0.06931089743589744
CB,National Award,0.125,0.0,0.125
DL,Height (inches),75.35818181818182,75.12038461538462,0.2377972027971964
DL,Weight(lbs),305.27272727272725,310.38461538461536,-5.111888111888106
DL,Hand (inches),9.855625,9.793461538461539,0.06216346153846075
DL,Wingspan (inches),80.09579545454545,80.75807692307693,-0.6622814685314751
DL,40-Yard Dash (seconds),4.977045454545455,5.153076923076923,-0.1760314685314679
DL,Vertical (inches),30.546931818181818,29.633076923076924,0.9138548951048939
DL,Bench (reps),26.613636363636363,26.0,0.6136363636363633
DL,Broad Jump (inches),109.95636363636363,107.59461538461538,2.361748251748253
DL,3-Cone (seconds),8.076931818181817,7.88923076923077,0.18770104895104733
DL,Shuttle (seconds),4.739204545454545,4.849615384615385,-0.11041083916084027
DL,FPI,14.400852272727274,11.162884615384614,3.2379676573426597
DL,Efficiencies Overall,72.73620454545454,67.2973846153846,5.43881993006994
DL,CFP Appearance,0.3409090909090909,0.19230769230769232,0.14860139860139857
DL,National Award,0.14772727272727273,0.0,0.14772727272727273
EDGE,Height (inches),75.64255,76.01575,-0.3731999999999971
EDGE,Weight(lbs),256.78,257.15,-0.37000000000000455
EDGE,Hand (inches),9.6465,9.656749999999999,-0.010249999999999204
EDGE,Wingspan (inches),79.95995,79.723625,0.2363250000000079
EDGE,40-Yard Dash (seconds),4.671500000000001,4.77325,-0.10174999999999912
EDGE,Vertical (inches),34.6194,33.30375,1.315649999999998
EDGE,Bench (reps),28.5,28.05,0.4499999999999993
EDGE,Broad Jump (inches),120.70190000000001,119.13874999999999,1.5631500000000216
EDGE,3-Cone (seconds),7.2187,7.2345,-0.015799999999999592
EDGE,Shuttle (seconds),4.4769000000000005,4.506749999999999,-0.029849999999998822
EDGE,FPI,13.218990000000002,6.2929,6.926090000000001
EDGE,Efficiencies Overall,71.44713,59.82585,11.621279999999999
EDGE,CFP Appearance,0.24,0.075,0.16499999999999998
EDGE,National Award,0.19,0.0,0.19
IOL,Height (inches),76.580390625,76.69,-0.1096093749999909
IOL,Weight(lbs),312.015625,315.4074074074074,-3.3917824074073906
IOL,Hand (inches),9.8715625,9.889074074074074,-0.017511574074074332
IOL,Wingspan (inches),79.001015625,80.86870370370369,-1.8676880787036936
IOL,40-Yard Dash (seconds),5.1117187500000005,5.263333333333334,-0.1516145833333331
IOL,Vertical (inches),30.04234375,28.8,1.2423437499999999
IOL,Bench (reps),26.03125,21.962962962962962,4.068287037037038
IOL,Broad Jump (inches),107.230625,105.34814814814816,1.8824768518518482
IOL,3-Cone (seconds),7.625937499999999,7.670370370370371,-0.0444328703703718
IOL,Shuttle (seconds),4.647343750000001,4.707407407407408,-0.060063657407407156
IOL,FPI,12.82628125,11.699111111111112,1.1271701388888875
IOL,Efficiencies Overall,70.524703125,69.32092592592592,1.2037771990740822
IOL,CFP Appearance,0.21875,0.2222222222222222,-0.00347222222222221
IOL,National Award,0.09375,0.0,0.09375
LB,Height (inches),73.61993150684931,75.26515151515152,-1.6452200083022035
LB,Weight(lbs),232.35616438356163,228.6060606060606,3.750103777501039
LB,Hand (inches),9.522739726027396,9.302727272727273,0.2200124533001233
LB,Wingspan (inches),78.22568493150685,76.70893939393939,1.5167455375674592
LB,40-Yard Dash (seconds),4.563424657534247,4.615454545454545,-0.05202988792029828
LB,Vertical (inches),36.15219178082192,35.05030303030303,1.1018887505188957
LB,Bench (reps),24.561643835616437,24.21212121212121,0.34952262349522556
LB,Broad Jump (inches),121.74438356164384,119.06757575757575,2.6768078040680905
LB,3-Cone (seconds),7.175342465753424,7.171515151515152,0.003827314238272095
LB,Shuttle (seconds),4.384383561643836,4.405757575757576,-0.02137401411374018
LB,FPI,13.00182191780822,9.525939393939396,3.4758825238688242
LB,Efficiencies Overall,71.41520547945206,66.06975757575758,5.3454479036944775
LB,CFP Appearance,0.3013698630136986,0.2727272727272727,0.028642590286425906
LB,National Award,0.0821917808219178,0.030303030303030304,0.0518887505188875
OT,Height (inches),77.80981707317073,78.2502380952381,-0.440421022067369
OT,Weight(lbs),318.1829268292683,315.3809523809524,2.801974448315889
OT,Hand (inches),10.007926829268293,9.988809523809524,0.019117305458768996
OT,Wingspan (inches),81.49567073170732,82.59595238095237,-1.1002816492450478
OT,40-Yard Dash (seconds),5.082804878048781,5.18904761904762,-0.10624274099883912
OT,Vertical (inches),31.12743902439024,29.666190476190476,1.461248548199766
OT,Bench (reps),26.146341463414632,28.142857142857142,-1.9965156794425098
OT,Broad Jump (inches),109.65853658536585,105.99,3.6685365853658567
OT,3-Cone (seconds),8.460609756097561,8.379999999999999,0.08060975609756227
OT,Shuttle (seconds),4.739756097560976,4.817619047619047,-0.07786295005807098
OT,FPI,12.916365853658537,6.80152380952381,6.114842044134726
OT,Efficiencies Overall,70.27796341463414,61.25780952380952,9.020153890824623
OT,CFP Appearance,0.18292682926829268,0.047619047619047616,0.13530778164924506
OT,National Award,0.18292682926829268,0.0,0.18292682926829268
QB,Height (inches),74.54568181818182,73.84892857142857,0.6967532467532465
QB,Weight(lbs),217.02272727272728,214.78571428571428,2.237012987013003
QB,Hand (inches),9.620909090909091,9.465714285714284,0.15519480519480666
QB,Wingspan (inches),76.36340909090909,75.53035714285714,0.8330519480519456
QB,40-Yard Dash (seconds),5.09318181818182,4.714999999999999,0.3781818181818206
QB,Vertical (inches),36.50181818181819,36.775,-0.2731818181818113
QB,Bench (reps),18.386363636363637,15.285714285714286,3.10064935064935
QB,Broad Jump (inches),122.80909090909094,123.515,-0.70590909090906
QB,3-Cone (seconds),7.337954545454547,7.502857142857144,-0.16490259740259638
QB,Shuttle (seconds),4.619090909090908,4.495714285714286,0.12337662337662181
QB,FPI,15.364704545454545,7.2836428571428575,8.081061688311689
QB,Efficiencies Overall,74.56238636363638,63.59421428571428,10.968172077922098
QB,CFP Appearance,0.2727272727272727,0.07142857142857142,0.20129870129870128
QB,National Award,0.25,0.0,0.25
RB,Height (inches),70.5977397260274,70.20220588235294,0.3955338436744569
RB,Weight(lbs),210.82191780821918,207.88235294117646,2.9395648670427192
RB,Hand (inches),9.320616438356163,9.14720588235294,0.17341055600322264
RB,Wingspan (inches),75.13561643835617,74.97014705882351,0.16546937953265228
RB,40-Yard Dash (seconds),4.489315068493151,4.5255882352941175,-0.03627316680096637
RB,Vertical (inches),36.01780821917808,35.37529411764706,0.6425141015310203
RB,Bench (reps),22.027397260273972,21.676470588235293,0.35092667203867833
RB,Broad Jump (inches),122.09479452054795,121.3085294117647,0.7862651087832546
RB,3-Cone (seconds),7.067945205479453,7.070588235294117,-0.002643029814664466
RB,Shuttle (seconds),4.440684931506849,4.375588235294117,0.06509669621273151
RB,FPI,12.651753424657533,11.928470588235294,0.7232828364222392
RB,Efficiencies Overall,70.47713698630137,70.01167647058823,0.46546051571314706
RB,CFP Appearance,0.2191780821917808,0.2647058823529412,-0.04552780016116037
RB,National Award,0.136986301369863,0.058823529411764705,0.0781627719580983
S,Height (inches),72.26041666666667,72.5875,-0.3270833333333343
S,Weight(lbs),203.97222222222223,202.1,1.8722222222222342
S,Hand (inches),9.253472222222221,9.475,-0.2215277777777782
S,Wingspan (inches),76.06944444444444,76.3125,-0.24305555555555713
S,40-Yard Dash (seconds),4.493611111111111,4.558999999999999,-0.06538888888888827
S,Vertical (inches),36.91138888888889,35.378,1.5333888888888865
S,Bench (reps),16.11111111111111,15.3,0.81111111111111
S,Broad Jump (inches),122.56666666666666,125.4,-2.833333333333343
S,3-Cone (seconds),6.9527777777777775,6.916000000000001,0.036777777777776244
S,Shuttle (seconds),4.554166666666667,4.639,-0.0848333333333331
S,FPI,12.539361111111111,10.7518,1.7875611111111116
S,Efficiencies Overall,70.22083333333335,67.41900000000001,2.8018333333333345
S,CFP Appearance,0.19444444444444445,0.1,0.09444444444444444
S,National Award,0.1111111111111111,0.0,0.1111111111111111
SAF,Height (inches),73.00823529411764,72.05,0.9582352941176424
SAF,Weight(lbs),200.7058823529412,200.2,0.5058823529411995
SAF,Hand (inches),9.428235294117648,9.352,0.07623529411764807
SAF,Wingspan (inches),77.44,74.484,2.956000000000003
SAF,40-Yard Dash (seconds),4.401764705882353,4.532000000000001,-0.13023529411764834
SAF,Vertical (inches),36.72176470588235,36.958,-0.2362352941176482
SAF,Bench (reps),23.88235294117647,27.0,-3.117647058823529
SAF,Broad Jump (inches),124.6870588235294,125.14000000000001,-0.4529411764706168
SAF,3-Cone (seconds),7.3,7.3,0.0
SAF,Shuttle (seconds),4.140588235294117,4.362,-0.2214117647058833
SAF,FPI,14.094470588235296,16.54,-2.445529411764703
SAF,Efficiencies Overall,74.04352941176471,76.6172,-2.573670588235288
SAF,CFP Appearance,0.29411764705882354,0.2,0.09411764705882353
SAF,National Award,0.11764705882352941,0.0,0.11764705882352941
TE,Height (inches),76.61122950819673,76.40804347826088,0.2031860299358499
TE,Weight(lbs),248.60655737704917,248.1304347826087,0.47612259444048277
TE,Hand (inches),9.769180327868852,9.625217391304348,0.14396293656450432
TE,Wingspan (inches),79.19270491803279,80.2345652173913,-1.0418602993585182
TE,40-Yard Dash (seconds),4.72016393442623,4.700434782608696,0.01972915181753443
TE,Vertical (inches),35.064590163934426,33.59391304347826,1.4706771204561662
TE,Bench (reps),24.34426229508197,23.956521739130434,0.38774055595153456
TE,Broad Jump (inches),120.40622950819672,117.67782608695651,2.728403421240202
TE,3-Cone (seconds),7.159016393442623,7.2321739130434795,-0.0731575196008567
TE,Shuttle (seconds),4.562622950819672,4.243478260869565,0.31914468995010736
TE,FPI,14.87522950819672,8.018434782608695,6.856794725588024
TE,Efficiencies Overall,73.94498360655739,62.657347826086955,11.287635780470431
TE,CFP Appearance,0.2786885245901639,0.13043478260869565,0.14825374198146826
TE,National Award,0.09836065573770492,0.0,0.09836065573770492
WR,Height (inches),72.59190476190474,73.2682142857143,-0.6763095238095502
WR,Weight(lbs),196.26190476190476,198.69642857142858,-2.4345238095238244
WR,Hand (inches),9.326746031746033,9.417017857142856,-0.09027182539682244
WR,Wingspan (inches),75.98158730158728,76.49,-0.5084126984127124
WR,40-Yard Dash (seconds),4.449603174603174,4.515178571428572,-0.06557539682539737
WR,Vertical (inches),36.97992063492064,36.07232142857143,0.9075992063492109
WR,Bench (reps),17.865079365079364,17.660714285714285,0.20436507936507908
WR,Broad Jump (inches),125.77992063492063,123.84803571428571,1.9318849206349142
WR,3-Cone (seconds),6.890158730158729,6.905357142857143,-0.01519841269841482
WR,Shuttle (seconds),4.231428571428572,4.31625,-0.08482142857142794
WR,FPI,11.575031746031748,10.598571428571429,0.9764603174603188
WR,Efficiencies Overall,68.78629365079365,67.5150357142857,1.2712579365079506
WR,CFP Appearance,0.1984126984126984,0.16071428571428573,0.037698412698412676
WR,National Award,0.16666666666666666,0.03571428571428571,0.13095238095238093
