Season,Position,Position Group,School,Conference,Height (inches),Weight(lbs),Hand (inches),Arm (inches),40-Yard Dash (seconds),Vertical (inches),Bench (reps),3-Cone (seconds),Combine Participation,ELO,Efficiencies Overall,CFP Appearance,National Award,Actual,Predicted Probability
2025,RB,Skill,Texas,SEC,69.0,196,8.25,29.75,4.38,33.8,33,6.65,1,2042,88.25,0,0,1,0.6650777665080664
2024,OT,OL,Alabama,SEC,77.75,342,11.0,35.125,5.29,27.5,31,7.85,0,2032,84.968,0,0,1,0.6776360584906737
2023,QB,Skill,Houston,AAC,74.5,220,9.375,31.375,4.64,37.5,20,6.89,1,1619,51.527,0,0,1,0.4274734024139278
2025,CB,Secondary,Notre Dame,FBS Independent,72.25,193,9.25,30.375,4.33,24.71,13,8.19,0,2154,88.314,0,1,1,0.6899368164570001
2023,C,OL,Penn St.,Big Ten,75.25,301,10.25,33.25,5.22,32.0,20,7.75,1,2000,82.964,0,0,1,0.5705962227417196
2025,IOL,OL,Sacramento State,Big Sky,75.0,311,10.0,32.0,5.01,28.5,31,6.65,1,1729,67.904,0,0,1,0.48491321492899236
2024,IOL,OL,Connecticut,FBS Independent,74.75,317,9.0,33.5,5.03,33.0,28,7.9,1,1096,25.161,0,0,1,0.42364650013932004
2024,S,Secondary,Oregon St.,Pac-12,74.0,216,9.25,32.375,4.58,36.0,15,6.83,1,1722,79.392,0,0,1,0.5026632271829147
2025,CB,Secondary,Ohio State,Big Ten,72.125,195,8.5,30.625,4.42,29.5,24,6.65,0,2211,87.333,1,0,1,0.6910432307295018
2023,CB,Secondary,Texas A&M,SEC,74.0,198,9.75,32.125,4.52,31.0,8,7.16,1,1629,58.223,0,0,1,0.47644717929371905
2025,WR,Skill,Colorado,Big 12,69.625,163,8.5,29.625,4.46,32.0,13,6.65,1,1701,74.938,0,0,1,0.6153183087166292
2024,OT,OL,Washington,Pac-12,77.375,308,9.625,33.5,4.92,30.0,28,7.92,1,1879,82.666,0,0,1,0.6299015614407146
2024,IOL,OL,Tulane,AAC,76.5,322,9.125,32.875,5.34,30.0,28,7.82,1,1598,60.759,0,0,0,0.3616070522218943
2025,RB,Skill,Syracuse,ACC,72.125,204,10.125,32.0,4.65,35.0,33,7.25,1,1499,59.911,0,0,1,0.47481549294691094
2025,WR,Skill,Florida,SEC,72.625,196,9.125,32.125,4.34,38.5,23,6.82,1,1767,71.717,0,0,1,0.6004347630134914
2025,C,OL,Ohio State,Big Ten,76.0,304,9.5,31.0,4.84,32.0,33,7.56,0,2211,87.333,1,0,0,0.7592753566666486
2024,WR,Skill,Georgia,SEC,71.625,186,8.625,30.25,4.39,36.0,13,6.89,1,2273,87.417,1,1,1,0.6409034747709252
2024,LB,LB,Florida St.,ACC,71.5,210,8.625,31.5,4.47,30.5,18,6.68,1,1789,83.68,0,0,0,0.6042335810581296
2025,IOL,OL,Texas,SEC,78.0,314,9.5,33.25,4.28,43.0,11,7.9,1,2042,88.25,0,0,1,0.7064648071415897
2024,WR,Skill,Michigan,Big Ten,74.75,212,8.625,31.875,4.44,37.5,15,6.85,1,2210,94.395,0,0,1,0.6280270023841044
2023,OT,OL,North Dakota St.,MVFC,77.0,302,9.75,32.375,5.08,29.0,20,7.33,1,1776,70.241,0,0,1,0.5008095590226853
2023,EDGE,DL,Pittsburgh,ACC,76.25,251,10.5,33.0,4.78,35.0,21,7.11,1,1687,61.732,0,0,0,0.5319506600550228
2024,K,Special Teams,Missouri,SEC,71.875,241,8.875,30.75,4.75,33.5,21,7.29,0,1866,78.168,0,0,0,0.46615336445538
2025,DL,DL,North Carolina,ACC,76.25,294,10.25,33.25,4.28,35.5,26,8.19,1,1496,50.555,0,0,0,0.5968666747862851
2023,QB,Skill,Stanford,Pac-12,78.0,231,9.375,32.875,4.57,33.0,20,7.22,1,1237,38.149,0,0,1,0.4464685529904217
2025,RB,Skill,Florida,SEC,71.375,212,9.25,30.625,4.41,35.5,33,7.02,1,1767,71.717,0,0,0,0.5612339348204575
2025,CB,Secondary,Colorado,Big 12,72.375,188,9.125,31.375,4.43,43.0,12,8.19,0,1701,74.938,0,1,1,0.7022101292954473
2025,DL,DL,Ole Miss,SEC,75.75,296,9.5,32.5,5.45,24.5,33,6.65,0,2007,84.235,1,1,1,0.7569874281430253
2024,DL,DL,Mississippi St.,SEC,75.875,301,9.5,33.0,4.97,29.5,27,7.32,1,1421,45.573,0,0,1,0.4009277131664106
2025,OT,OL,Florida,SEC,79.25,316,10.5,34.0,5.33,24.5,11,8.15,1,1767,71.717,0,0,0,0.5736859997844252
2024,IOL,OL,TCU,Big 12,76.5,313,10.75,34.625,4.99,34.0,30,7.58,1,1631,59.244,0,0,1,0.5332279011041458
2023,CB,Secondary,Georgia,SEC,70.625,192,9.625,31.125,4.62,33.0,15,7.17,1,2300,93.511,0,0,1,0.5024754568845923
2024,WR,Skill,Colorado,Pac-12,72.25,169,8.875,31.125,4.39,37.5,13,6.91,0,1237,44.305,0,0,0,0.5773798815146137
2025,S,Secondary,Wisconsin,Big Ten,74.0,213,9.25,30.5,4.57,37.0,11,6.72,1,1554,55.118,0,0,1,0.5288846054985785
2025,RB,Skill,UCF,Big 12,68.0,205,9.0,29.0,4.4,38.0,16,7.34,1,1557,53.294,0,1,1,0.6071049761580214
2025,RB,Skill,Ohio State,Big Ten,71.625,221,9.25,30.25,4.48,38.5,33,6.89,1,2211,87.333,1,0,1,0.7479001131763708
2024,OT,OL,Georgia,SEC,79.75,340,11.25,36.125,5.07,25.5,30,7.46,1,2273,87.417,1,0,1,0.7366640515865233
2025,IOL,OL,Jacksonville State,Conference USA,75.25,312,10.0,32.0,5.11,31.0,29,6.65,1,1744,69.69,0,0,0,0.5300747336792038
2025,DL,DL,Arkansas,SEC,75.25,319,9.5,33.0,5.14,27.0,28,7.68,1,1611,65.787,0,0,0,0.42750230936096834
2025,RB,Skill,SMU,ACC,69.875,194,8.625,30.5,4.39,32.5,33,7.45,1,1826,78.712,0,0,1,0.6355765037528398
2023,EDGE,DL,TCU,Big 12,76.0,257,9.5,33.125,4.63,34.0,18,6.97,1,1729,80.5,0,0,1,0.49765341063689206
2024,QB,Skill,Notre Dame,FBS Independent,73.125,211,9.75,31.375,4.8,28.5,12,7.19,1,2077,83.947,1,0,0,0.5692452146622282
2025,RB,Skill,Rutgers,Big Ten,68.25,211,9.0,38.625,4.6,34.5,11,7.58,1,1533,55.405,0,0,1,0.5168438425532509
2025,S,Secondary,Clemson,ACC,72.0,199,8.75,32.25,4.49,41.5,21,7.23,1,1807,79.193,0,0,1,0.6639390561551031
2025,DL,DL,Georgia,SEC,75.375,290,9.125,33.0,4.86,32.0,33,7.38,1,1998,82.861,1,0,0,0.6702913275051822
2025,RB,Skill,South Carolina,SEC,72.0,217,9.25,31.5,4.46,36.5,33,7.28,1,1810,76.206,0,0,0,0.5532729211808819
2024,CB,Secondary,Boston Col.,ACC,73.5,185,9.25,31.5,4.44,42.5,15,6.95,1,1345,38.527,0,0,1,0.6447660164568694
2023,LB,LB,Alabama,SEC,73.0,227,10.25,32.75,4.62,32.0,20,7.44,1,2181,89.526,1,0,1,0.5773567291534261
2025,WR,Skill,Virginia Tech,ACC,76.25,213,9.0,32.25,4.5,32.5,18,7.1,1,1647,70.514,0,0,0,0.5153665535603039
2024,TE,Skill,Arizona,Pac-12,77.125,244,9.375,31.625,4.61,35.0,28,7.06,1,1822,73.172,0,0,1,0.534880878428478
2023,WR,Skill,Penn St.,Big Ten,70.0,204,10.125,29.0,4.52,35.5,16,6.94,1,2000,82.964,0,0,1,0.5701608170439352
2025,CB,Secondary,California,ACC,72.375,199,9.0,30.625,4.5,41.09,19,6.65,1,1529,57.687,0,0,1,0.6477371405036464
2024,EDGE,DL,Colorado St.,Mountain West,73.375,248,8.625,32.375,4.57,34.5,23,7.4,1,1276,30.563,0,0,1,0.40699298009748147
2025,OT,OL,Rutgers,Big Ten,80.375,341,9.75,36.0,4.28,29.5,33,6.65,0,1533,55.405,0,0,0,0.62399821098997
2023,OT,OL,Georgia,SEC,77.375,311,10.625,34.75,4.97,30.0,20,7.6,1,2300,93.511,0,0,1,0.6906542904355643
2023,EDGE,DL,Tennessee,SEC,74.375,250,9.25,32.5,4.43,38.0,22,7.19,1,2000,84.959,0,0,1,0.6599893909117373
2023,CB,Secondary,Oregon,Pac-12,73.375,197,9.5,32.0,4.38,41.5,14,6.89,1,1724,78.17,0,1,1,0.7267589558850791
2024,S,Secondary,Auburn,SEC,71.625,179,9.875,32.375,4.45,39.5,13,7.22,1,1585,67.536,0,0,1,0.700547349466719
2023,LB,LB,Clemson,ACC,74.375,235,10.25,32.375,4.43,35.0,25,7.28,1,1843,74.958,0,0,1,0.6417604539471363
2024,EDGE,DL,Missouri,SEC,77.125,285,10.625,34.5,4.95,35.0,21,7.44,1,1866,78.168,0,0,1,0.6409810580733247
2023,WR,Skill,USC,Pac-12,71.125,173,8.75,30.875,4.49,34.0,13,6.91,1,1745,77.414,0,1,1,0.6508540096897374
2025,OT,OL,Arizona,Big 12,76.125,324,10.25,33.75,4.95,29.0,18,7.28,1,1307,38.477,0,1,1,0.6234751575707866
2025,WR,Skill,UCF,Big 12,72.75,193,9.0,30.5,4.57,35.0,17,6.85,1,1557,53.294,0,0,0,0.4324910337827347
2024,TE,Skill,Colorado St.,Mountain West,75.375,241,10.25,33.625,4.78,32.5,28,6.83,1,1276,30.563,0,0,0,0.39202904478583045
2025,EDGE,DL,Boston College,ACC,74.5,248,9.25,34.0,4.28,35.5,22,6.94,1,1513,61.35,0,0,1,0.6121000532413274
2024,OT,OL,Houston,Big 12,79.5,331,9.375,36.25,5.13,29.0,28,7.65,1,1421,42.491,0,0,1,0.4876309702372306
2023,WR,Skill,Penn St.,Big Ten,72.0,199,10.0,32.375,4.6,35.5,14,6.93,1,2000,82.964,0,0,0,0.5207502538821741
2024,S,Secondary,LSU,SEC,70.875,191,9.25,30.0,4.59,36.0,15,7.11,1,1985,81.345,0,0,0,0.5732442994246676
2023,CB,Secondary,Florida,SEC,71.625,193,10.0,32.0,4.72,33.5,20,7.08,1,1581,60.994,0,0,0,0.4662475577102217
2025,OT,OL,Wisconsin,Big Ten,79.0,314,10.0,33.5,5.27,36.57,33,8.19,0,1554,55.118,0,0,1,0.5655743966062821
2025,DL,DL,Virginia Tech,ACC,72.5,282,9.625,31.375,4.94,32.5,11,6.65,1,1647,70.514,0,0,1,0.5133071803001353
2023,DL,DL,LSU,SEC,75.0,305,10.125,32.75,5.01,31.0,30,8.01,1,1871,78.295,0,0,1,0.5660722571272132
2023,CB,Secondary,Pittsburgh,ACC,70.375,193,9.5,30.75,4.43,35.5,15,7.04,1,1687,61.732,0,0,1,0.6351972592564662
2025,CB,Secondary,Flordia State,ACC,73.5,197,10.0,32.375,4.63,36.57,12,6.65,1,1363,35.518,0,0,1,0.5298084041739666
2025,DL,DL,Notre Dame,FBS Independent,77.375,291,9.75,32.5,4.46,28.47,33,8.19,0,2154,88.314,0,0,1,0.6579803003066611
2025,TE,Skill,Clemson,ACC,77.625,241,8.5,31.375,4.75,31.0,33,8.19,1,1807,79.193,0,0,0,0.5746327143188347
2023,TE,Skill,Georgia,SEC,78.625,264,11.0,34.375,4.64,31.0,21,6.75,1,2300,93.511,0,0,1,0.6394795985202103
2023,CB,Secondary,Coastal Carolina,Sun Belt,74.0,200,9.75,32.375,4.48,37.0,13,6.83,1,1344,40.095,0,0,0,0.5034684966063311
2024,CB,Secondary,Pittsburgh,ACC,70.75,186,8.75,32.875,4.45,38.5,15,7.12,1,1404,43.622,0,0,1,0.6327422433176717
2025,DL,DL,Iowa,Big Ten,77.75,336,10.25,35.0,5.39,25.5,11,7.63,1,1774,70.238,0,0,1,0.6208940573881756
2023,CB,Secondary,Stanford,Pac-12,72.0,191,9.75,32.0,4.52,36.0,15,6.51,1,1237,38.149,0,0,1,0.5714925295598252
2024,DL,DL,Baylor,Big 12,78.0,291,9.5,34.5,5.03,31.5,27,7.65,1,1384,30.445,0,0,0,0.42821346878302063
2025,DL,DL,South Carolina,SEC,75.875,297,10.25,33.125,4.28,31.5,31,7.7,1,1810,76.206,0,0,1,0.612714516089629
2023,WR,Skill,Florida,SEC,76.0,229,10.0,33.75,4.55,35.5,18,6.97,1,1581,60.994,0,0,1,0.4008433226505483
2023,TE,Skill,Michigan,Big Ten,77.25,251,9.0,32.875,4.63,33.5,21,6.75,1,2124,85.085,1,0,1,0.6845845421878449
2025,WR,Skill,Utah State,Mountain West,72.0,205,9.5,30.125,4.42,35.58,13,7.24,1,1362,26.445,0,0,1,0.48299953669550366
2023,RB,Skill,Georgia,SEC,72.25,204,9.0,30.5,4.62,35.5,20,7.11,1,2300,93.511,0,0,1,0.431554483984867
2025,EDGE,DL,Texas,SEC,75.25,256,9.25,33.25,4.68,34.0,28,7.06,1,2042,88.25,0,0,1,0.6184732585006741
2024,RB,Skill,Florida St.,ACC,72.25,216,9.25,31.5,4.39,33.5,22,6.98,1,1789,83.68,0,0,1,0.6133315980005016
2023,LB,LB,North Carolina St.,ACC,74.0,233,9.125,31.75,4.52,35.0,26,7.4,1,1586,61.626,0,0,0,0.5018283502832943
2025,DL,DL,South Carolina,SEC,74.875,284,9.0,33.0,5.45,32.0,33,7.36,1,1810,76.206,0,0,1,0.4389432625523495
2025,DL,DL,Boston College,ACC,74.75,312,9.5,33.0,5.3,31.5,11,8.19,1,1513,61.35,0,0,0,0.4563169020005758
2024,S,Secondary,Washington,Pac-12,74.375,215,10.0,33.25,4.51,39.0,16,6.83,1,1879,82.666,0,0,1,0.6112395386248589
2025,C,OL,Kentucky,SEC,76.25,306,9.25,31.0,4.84,32.5,22,7.63,1,1498,54.684,0,0,0,0.4825124238451559
2023,EDGE,DL,Florida A&M,SWAC,75.5,236,9.25,32.5,4.62,34.5,21,7.2,1,1675,63.765,0,0,0,0.4160854125107476
2023,OT,OL,Arkansas,SEC,80.0,320,10.5,34.375,5.24,24.5,20,7.61,1,1686,62.299,0,0,0,0.49656353141210013
2025,QB,Skill,Notre Dame,FBS Independent,75.75,216,9.5,31.5,4.28,43.0,22,8.19,0,2154,88.314,0,0,1,0.6917181345270108
2023,IOL,OL,Mississippi,SEC,76.0,305,9.75,32.5,5.27,29.0,20,7.75,1,1634,68.271,0,0,1,0.3748704519837337
2024,S,Secondary,Wake Forest,ACC,70.125,209,9.0,30.125,4.53,37.5,22,6.9,1,1397,44.613,0,0,1,0.5399479750798339
2024,OT,OL,BYU,Big 12,76.625,326,10.625,34.25,5.04,28.0,30,8.03,1,1364,52.478,0,1,1,0.649726900209806
2024,S,Secondary,Washington St.,Pac-12,73.875,211,9.375,31.5,4.55,37.5,16,6.88,1,1546,62.169,0,0,1,0.4821839315157693
2023,P,Special Teams,Tennessee,SEC,77.25,201,9.75,31.5,4.83,34.0,20,7.27,0,2000,84.959,0,0,0,0.5232063571277006
2024,CB,Secondary,Oregon St.,Pac-12,71.25,184,8.75,30.5,4.44,37.0,15,6.94,0,1722,79.392,0,0,0,0.593869790100625
2025,RB,Skill,Boise State,Mountain West,68.5,211,9.25,29.25,4.58,34.92,11,7.11,0,1764,75.687,0,1,1,0.508977566995169
2025,CB,Secondary,Ole Miss,SEC,72.75,195,9.0,31.25,4.43,32.5,13,8.19,1,2007,84.235,1,0,1,0.5954429631189423
2024,TE,Skill,TCU,Big 12,78.125,249,9.5,33.25,4.62,37.0,28,7.19,1,1631,59.244,0,0,1,0.41207800264832556
2023,WR,Skill,Oklahoma,Big 12,70.875,183,9.0,31.625,4.38,39.5,14,6.9,1,1662,66.271,0,0,1,0.642183765819472
2025,IOL,OL,West Virginia,Big 12,78.5,313,10.25,32.125,5.27,30.0,33,8.19,1,1455,52.984,0,0,1,0.41692554199698584
2025,WR,Skill,UNLV,Mountain West,73.125,184,9.25,31.625,4.61,36.0,11,6.66,1,1679,71.232,0,0,1,0.4333728371267613
2025,WR,Skill,Ole Miss,SEC,74.375,205,9.5,31.75,4.54,38.5,15,6.93,1,2007,84.235,1,1,1,0.6803557238067397
2025,DL,DL,Texas A&M,SEC,75.125,290,10.25,33.5,5.45,43.0,33,6.65,0,1762,76.763,1,0,1,0.6113077210278937
2024,LB,LB,Ohio St.,Big Ten,72.75,226,9.25,30.5,4.64,33.5,18,7.13,1,2065,89.569,1,0,0,0.5750902598418615
2023,WR,Skill,Clemson,ACC,75.125,217,10.25,31.5,4.54,34.5,19,6.96,1,1843,74.958,0,0,0,0.5221774952488097
2023,WR,Skill,South Carolina,SEC,73.0,201,9.5,34.125,4.69,35.0,17,7.15,1,1620,61.258,0,0,1,0.402343533433869
2025,EDGE,DL,Ole Miss,SEC,77.875,274,9.125,33.5,5.45,24.5,30,8.19,0,2007,84.235,1,0,0,0.6827096546858903
2024,WR,Skill,Illinois,Big Ten,69.25,182,9.125,30.125,4.63,38.0,17,6.75,1,1504,45.217,0,0,0,0.5749731229349723
2024,IOL,OL,Utah,Pac-12,76.25,319,9.875,32.875,5.28,26.0,27,7.85,1,1684,65.114,0,0,1,0.37147984550144403
2024,CB,Secondary,Alabama,SEC,71.75,189,8.875,31.625,4.5,37.0,15,6.94,1,2032,84.968,0,1,1,0.7053680875666971
2023,K,Special Teams,Clemson,ACC,70.0,185,8.875,30.375,4.58,34.0,20,7.27,0,1843,74.958,0,0,0,0.4871588762904597
2023,CB,Secondary,California,Pac-12,72.875,208,10.0,30.25,4.45,39.5,22,6.75,1,1406,44.902,0,0,1,0.6227872282639547
2024,CB,Secondary,Mississippi,SEC,72.0,183,8.5,30.75,4.38,34.5,15,6.94,1,1737,75.391,0,0,1,0.6597196349902469
2023,CB,Secondary,USC,Pac-12,71.0,178,9.25,31.0,4.47,36.0,11,6.51,1,1745,77.414,0,0,1,0.6449595249975477
2023,EDGE,DL,Auburn,SEC,75.0,252,9.5,33.5,4.62,33.5,23,7.17,0,1596,55.022,0,0,0,0.4922947872629652
2023,CB,Secondary,South Carolina,SEC,74.0,198,9.5,33.375,4.36,35.0,13,6.58,1,1620,61.258,0,0,1,0.5998491411030022
2023,RB,Skill,TCU,Big 12,71.0,215,9.375,32.375,4.54,34.5,20,6.96,0,1729,80.5,0,0,1,0.4590436177008871
2024,TE,Skill,Iowa,Big Ten,76.375,252,10.125,33.0,4.65,35.0,28,7.07,0,1575,61.244,0,0,1,0.5171091854910913
2023,K,Special Teams,Michigan,Big Ten,73.0,209,9.5,30.875,4.58,34.0,20,7.27,0,2124,85.085,1,0,1,0.5968087202906875
2023,IOL,OL,Kentucky,SEC,75.125,327,9.75,34.5,5.34,27.5,20,7.9,1,1606,59.284,0,0,0,0.4315359594503931
2025,TE,Skill,Alabama,SEC,75.0,274,9.625,31.25,4.91,34.0,26,7.34,1,1986,85.057,1,0,1,0.5804370216757317
2023,CB,Secondary,Iowa,Big Ten,72.0,205,9.25,31.875,4.62,35.5,18,6.99,1,1748,67.111,0,0,0,0.5271617650266427
2023,WR,Skill,Maryland,Big Ten,75.0,212,9.75,34.25,4.57,35.5,19,6.95,1,1645,61.934,0,0,0,0.4903055482097905
2025,OT,OL,Texas,SEC,77.125,315,10.375,33.5,5.16,32.0,14,7.81,1,2042,88.25,0,1,1,0.7865068006276873
2024,LB,LB,Kentucky,SEC,73.125,237,9.125,32.625,4.51,37.5,18,7.35,1,1641,63.962,0,0,1,0.5004208646644122
2023,IOL,OL,Alabama,SEC,74.625,314,9.5,33.875,5.21,29.0,20,7.77,0,2181,89.526,1,0,0,0.5773966408029084
2025,WR,Skill,Arizona,Big 12,76.125,219,10.0,31.5,4.68,32.15,15,6.94,0,1307,38.477,0,1,1,0.5311767800556433
2024,DL,DL,Florida St.,ACC,75.625,292,9.375,31.0,4.78,33.5,26,8.12,1,1789,83.68,0,0,1,0.5509977671592338
2024,CB,Secondary,Penn St.,Big Ten,71.25,191,8.75,30.875,4.61,37.0,15,6.94,1,2000,85.731,1,0,1,0.5612209997189473
2024,EDGE,DL,Kansas,Big 12,76.5,240,9.25,33.875,4.79,32.5,23,7.55,1,1679,72.867,0,0,1,0.480694834684676
2023,WR,Skill,Maryland,Big Ten,71.875,192,9.375,31.375,4.44,35.5,13,6.93,1,1645,61.934,0,0,0,0.5615977690885592
2023,WR,Skill,Cincinnati,AAC,70.0,177,9.0,30.875,4.44,39.5,14,6.92,1,1690,60.989,0,0,1,0.6310035912011069
2025,DL,DL,Toldeo,MAC,75.875,305,10.0,34.0,4.95,31.5,28,7.6,1,1431,43.159,0,0,1,0.44516390142427537
2024,S,Secondary,Georgia,SEC,70.0,202,9.25,31.625,4.46,36.0,18,6.99,1,2273,87.417,1,0,1,0.619626953835602
2024,LB,LB,North Carolina St.,ACC,75.875,233,9.0,30.5,4.43,34.5,18,7.29,1,1660,65.952,0,1,1,0.6493453113108331
2024,RB,Skill,Notre Dame,FBS Independent,71.375,221,10.25,32.375,4.71,38.0,23,7.0,1,2077,83.947,1,0,1,0.6090035930475
2024,CB,Secondary,Louisville,ACC,70.375,194,9.0,31.25,4.49,38.0,15,6.94,0,1688,72.759,0,0,1,0.6170283397415717
2023,EDGE,DL,Missouri,SEC,76.0,268,8.625,33.875,4.76,36.5,25,7.39,1,1470,59.03,0,0,1,0.42987859118004945
2023,P,Special Teams,Rutgers,Big Ten,73.0,187,8.75,29.375,4.83,34.0,20,7.27,0,1182,37.79,0,0,0,0.471319048439627
2023,DL,DL,Wisconsin,Big Ten,75.75,309,9.75,33.875,5.08,29.5,25,7.34,1,1706,60.996,0,0,1,0.5535120063797793
2025,RB,Skill,Kansas,Big 12,71.125,213,8.5,29.5,4.58,37.5,11,6.65,1,1625,66.926,0,0,1,0.4750569097617548
2023,QB,Skill,TCU,Big 12,73.5,207,9.875,31.375,4.52,30.5,20,7.26,1,1729,80.5,0,1,1,0.6450541339991692
2025,IOL,OL,Georgia,SEC,79.125,309,10.5,33.0,5.24,26.0,11,8.19,1,1998,82.861,1,0,0,0.5984095710910333
2023,TE,Skill,Purdue,Big Ten,77.625,253,9.75,33.375,4.87,34.5,21,7.42,1,1460,58.947,0,0,1,0.4883799952149917
2023,RB,Skill,East Carolina,AAC,67.875,179,9.25,30.75,4.37,38.0,20,7.33,1,1509,54.675,0,0,0,0.5973173862827886
2023,IOL,OL,Eastern Michigan,MAC,76.75,323,10.375,33.625,5.07,32.0,20,7.62,1,1400,38.544,0,0,1,0.45348801591241855
2023,WR,Skill,Nebraska,Big Ten,72.0,192,9.625,31.875,4.33,36.5,16,6.93,1,1532,40.694,0,0,1,0.6135703055668734
2023,TE,Skill,Clemson,ACC,77.875,245,10.0,32.25,4.84,38.5,21,6.92,1,1843,74.958,0,0,1,0.5914698975790135
2023,QB,Skill,Ohio St.,Big Ten,75.0,214,10.0,32.625,4.59,34.5,20,7.09,0,2107,88.337,0,1,1,0.7329542777298654
2023,OT,OL,Tennessee,SEC,77.0,333,9.0,33.75,5.01,29.0,20,7.6,1,2000,84.959,0,1,1,0.7505680470594334
2023,RB,Skill,UCLA,Pac-12,72.375,214,9.875,32.0,4.53,37.0,20,6.87,1,1684,65.594,0,0,1,0.4880306349676515
2024,RB,Skill,South Dakota St.,MVFC,72.25,218,10.25,31.125,4.57,34.5,23,7.02,1,1750,68.684,0,0,1,0.4445722106913192
2024,EDGE,DL,Michigan,Big Ten,75.75,250,9.75,33.25,4.68,37.0,23,7.33,1,2210,94.395,0,0,1,0.6671431593740306
2023,OT,OL,Utah,Pac-12,76.0,294,9.375,33.0,4.99,30.5,20,7.53,1,1915,79.905,0,0,1,0.5609854458987926
2024,WR,Skill,Washington,Pac-12,74.875,212,9.25,32.25,4.45,39.0,15,6.88,1,1879,82.666,0,1,1,0.7313520967494442
2023,IOL,OL,Florida,SEC,77.0,330,11.25,33.875,5.31,23.5,20,7.99,1,1581,60.994,0,0,1,0.4402732431312586
2023,C,OL,Oregon,Pac-12,76.0,303,10.25,32.75,5.24,20.5,20,8.08,1,1724,78.17,0,0,1,0.49623114002579877
2023,QB,Skill,UCLA,Pac-12,73.625,203,9.875,30.625,4.56,32.5,20,7.28,1,1684,65.594,0,0,1,0.47043946057210734
2023,OT,OL,Alabama,SEC,78.0,321,10.5,32.75,5.16,29.5,20,7.6,1,2181,89.526,1,0,1,0.6696452211025521
2023,LS,Special Teams,Central Florida,AAC,76.0,240,9.625,30.375,5.06,30.0,12,7.27,1,1551,61.732,0,0,0,0.4008942637226259
2025,QB,Skill,Lousiville,ACC,76.875,219,9.675,30.625,4.63,32.0,22,6.65,1,1809,79.476,0,0,1,0.5535982413720055
2025,QB,Skill,Florida,SEC,75.375,212,9.625,31.25,4.28,43.0,22,7.41,0,1767,71.717,0,0,1,0.6205621385150641
2025,IOL,OL,Alabama,SEC,76.625,321,11.0,34.5,5.38,27.0,21,7.96,1,1986,85.057,1,0,1,0.5923901164172849
2024,EDGE,DL,Alabama,SEC,75.375,251,9.375,33.25,4.6,33.5,23,7.33,1,2032,84.968,0,0,1,0.6135332276755237
2025,DL,DL,Texas,SEC,77.0,311,9.25,35.0,5.45,43.0,33,8.19,0,2042,88.25,0,0,1,0.6703315738090888
2025,LB,LB,Penn State,Big Ten,72.625,236,9.5,31.25,4.35,41.58,33,7.43,0,2063,81.11,0,0,1,0.6928478541631069
2023,DL,DL,Baylor,Big 12,74.875,335,10.25,32.375,5.39,28.0,26,7.8,1,1672,61.65,0,0,1,0.38019912428848485
2024,LB,LB,Indiana,Big Ten,72.875,231,9.375,32.75,4.75,30.0,16,7.24,1,1343,41.79,1,0,0,0.4677196138652359
2023,WR,Skill,SMU,AAC,73.0,204,9.5,32.75,4.51,41.0,17,6.94,1,1504,56.034,0,0,1,0.4818618293729741
2025,OT,OL,Purdue,Big Ten,76.125,303,10.5,32.0,4.28,34.4,11,8.19,1,1061,20.419,0,0,1,0.6024313962418532
2025,CB,Secondary,Rutgers,Big Ten,71.0,175,8.5,31.5,4.39,33.87,11,6.65,1,1533,55.405,0,0,1,0.6029025240029181
2023,QB,Skill,Alabama,SEC,70.125,204,9.75,30.125,4.6,33.5,20,7.07,0,2181,89.526,1,0,1,0.5390766719290739
2025,CB,Secondary,Florida,SEC,72.375,194,9.25,30.25,4.49,34.86,11,6.65,1,1767,71.717,0,0,1,0.5483000088093296
2025,OT,OL,Texas,SEC,77.75,317,11.375,34.5,4.28,43.0,33,8.19,0,2042,88.25,0,0,1,0.7437233130865158
2025,CB,Secondary,Kansas,Big 12,72.625,192,8.5,31.5,4.59,34.5,18,7.27,1,1625,66.926,0,0,0,0.4204198602552315
2023,QB,Skill,BYU,FBS Independent,72.0,207,9.5,29.75,4.6,34.0,20,7.08,0,1526,50.481,0,0,1,0.436610657044722
2025,DL,DL,Georgia Tech,ACC,77.5,321,10.25,34.75,5.14,34.5,11,6.65,1,1554,66.705,0,0,1,0.5564096165722688
2025,TE,Skill,Pittsburgh,ACC,76.625,246,9.75,31.375,4.7,24.5,33,8.19,1,1456,55.816,0,0,1,0.5056915807034392
2023,IOL,OL,LSU,SEC,76.0,332,9.5,33.5,5.08,30.0,20,7.84,1,1871,78.295,0,0,1,0.4988842432837517
2023,LB,LB,Texas,Big 12,74.625,229,9.5,32.25,4.56,34.0,15,6.62,1,1900,79.1,1,0,1,0.6160111177679316
2024,EDGE,DL,Mississippi,SEC,75.0,260,9.875,33.5,4.63,38.0,25,7.15,1,1737,75.391,0,0,1,0.5673892225414268
2025,LB,LB,North Carolina,ACC,71.125,237,9.125,30.5,4.73,37.0,27,7.6,1,1496,50.555,0,0,0,0.500141479807045
2024,IOL,OL,Ohio St.,Big Ten,75.5,316,9.0,32.625,5.21,28.0,27,8.19,1,2065,89.569,1,0,0,0.5862603584693318
2024,LB,LB,Wyoming,Mountain West,72.375,232,9.25,30.375,4.73,31.5,18,7.28,1,1494,52.814,0,0,0,0.3652364306803151
2023,EDGE,DL,Iowa St.,Big 12,74.5,269,9.25,33.75,4.68,33.0,20,7.43,1,1554,57.494,0,0,0,0.40402062659415683
2025,EDGE,DL,South Carolina,SEC,76.0,254,9.625,34.0,4.73,30.43,23,6.65,1,1810,76.206,0,0,1,0.511814305881236
2023,TE,Skill,Oregon St.,Pac-12,77.875,253,10.375,32.625,4.61,36.0,21,6.75,1,1793,76.446,0,0,1,0.5246052656510002
2024,TE,Skill,Michigan,Big Ten,78.0,251,9.0,33.375,4.65,35.0,28,7.07,0,2210,94.395,0,0,1,0.6246976483275068
2023,DL,DL,Texas,Big 12,73.625,332,9.125,31.5,5.22,27.5,24,7.75,1,1900,79.1,1,0,1,0.5760152728925159
2024,RB,Skill,Alabama,SEC,70.375,221,10.25,31.125,4.54,36.0,20,7.09,1,2032,84.968,0,0,1,0.548574027784138
2025,CB,Secondary,Oregon,Big Ten,69.125,182,9.0,28.5,4.41,35.37,13,7.01,1,2040,85.854,1,0,0,0.6552438978799222
2024,IOL,OL,Michigan,Big Ten,75.875,305,10.125,33.0,5.17,27.0,27,7.78,1,2210,94.395,0,0,0,0.5664300980666686
2025,QB,Skill,Miami,ACC,73.625,219,9.0,30.5,4.28,43.0,22,8.19,0,1855,77.097,1,1,1,0.7293548553865625
2023,OT,OL,Kansas,Big 12,77.75,309,9.5,34.125,5.05,31.0,20,7.6,1,1373,60.21,0,0,0,0.4700318489251461
2024,CB,Secondary,Michigan,Big Ten,69.375,182,8.5,30.875,4.47,40.0,14,6.99,1,2210,94.395,0,0,1,0.6694245993558295
2023,LB,LB,Louisville,ACC,72.625,237,9.25,32.375,4.47,36.5,26,7.38,1,1753,70.137,0,0,1,0.6209946911916763
2024,EDGE,DL,Clemson,ACC,74.25,244,9.125,32.875,4.62,32.5,26,7.48,1,1764,72.489,1,0,1,0.6042260900443609
2023,EDGE,DL,Oklahoma St.,Big 12,76.0,279,10.875,33.25,5.11,28.5,30,7.6,1,1545,60.448,0,0,1,0.4586961933308526
2023,RB,Skill,Kansas St.,Big 12,65.0,179,9.5,27.75,4.36,35.5,20,7.69,1,1861,77.392,0,1,1,0.6399555122079381
2025,OT,OL,Kansas,Big 12,78.375,311,10.0,33.75,5.18,32.0,26,7.75,1,1625,66.926,0,0,0,0.5175370792159635
2024,C,OL,Michigan St.,Big Ten,76.0,307,9.75,32.75,5.17,31.5,27,7.41,0,1338,38.745,0,0,1,0.46570793637466507
2025,OT,OL,Oregon,Big Ten,76.625,311,10.375,33.5,5.05,34.5,33,6.65,1,2040,85.854,1,1,1,0.8659017489420529
2024,CB,Secondary,Mississippi St.,SEC,74.25,188,8.875,32.375,4.34,35.0,15,6.94,1,1421,45.573,0,0,1,0.5613587011481942
2023,QB,Skill,Louisville,ACC,71.75,192,9.5,31.375,4.53,32.5,20,7.18,1,1753,70.137,0,0,0,0.5315285838010141
2024,IOL,OL,Michigan,Big Ten,77.375,310,10.0,32.375,5.24,30.5,26,7.76,1,2210,94.395,0,0,1,0.5859241793588638
2024,IOL,OL,Boston Col.,ACC,75.375,314,10.5,33.5,5.13,32.5,29,7.81,1,1345,38.527,0,0,1,0.5066344563275097
2025,WR,Skill,Miami,ACC,74.25,200,9.38,31.5,4.44,41.5,14,6.65,1,1855,77.097,1,0,0,0.6302486985515954
2023,RB,Skill,Pittsburgh,ACC,70.0,216,8.25,32.0,4.54,34.5,20,6.94,0,1687,61.732,0,0,1,0.4654122039776227
2023,CB,Secondary,Illinois,Big Ten,71.0,194,9.625,31.125,4.46,44.0,15,6.79,1,1749,68.781,0,0,1,0.6986203645570387
2024,LB,LB,Missouri,SEC,73.75,231,8.875,31.375,4.62,34.0,18,7.23,0,1866,78.168,0,0,1,0.4538474668703593
2025,EDGE,DL,Minnesota,Big Ten,76.25,262,9.375,34.0,4.6,30.0,33,7.33,1,1674,68.599,0,0,0,0.6028668509555775
2025,S,Secondary,Iowa,Big Ten,71.25,203,10.5,30.625,4.59,30.5,11,7.11,1,1774,70.238,0,0,0,0.5271721711758264
2023,C,OL,Troy,Sun Belt,74.75,305,10.0,32.875,5.15,26.0,20,8.06,1,1585,59.594,0,0,1,0.45317814116524024
2024,DL,DL,Clemson,ACC,74.0,301,9.25,31.375,5.02,28.5,29,7.93,1,1764,72.489,1,0,1,0.5980358606247006
2024,WR,Skill,Tulane,AAC,69.125,188,8.875,30.875,4.42,32.0,12,6.9,1,1598,60.759,0,0,1,0.5421086520594968
2023,CB,Secondary,Kansas St.,Big 12,74.75,198,9.625,34.0,4.53,41.5,15,6.63,1,1861,77.392,0,1,1,0.6797105610325332
2024,EDGE,DL,Michigan,Big Ten,77.25,257,10.0,33.125,4.66,34.5,23,7.22,0,2210,94.395,0,0,0,0.6598731051405369
2025,EDGE,DL,Ole Miss,SEC,76.375,244,9.625,33.875,4.72,38.0,29,7.33,1,2007,84.235,1,1,1,0.8192274839748704
2023,RB,Skill,Alabama,SEC,69.125,199,9.25,30.5,4.36,33.5,20,7.32,1,2181,89.526,1,0,1,0.6266252112990219
2024,DL,DL,Duke,ACC,74.375,302,10.25,33.0,4.99,32.0,27,7.95,1,1654,68.7,0,0,1,0.515986959761697
2023,DL,DL,Florida,SEC,77.625,310,9.5,32.25,4.88,31.0,22,7.5,1,1581,60.994,0,0,1,0.46480970345564543
2025,EDGE,DL,Central Arkansas,UAC,72.875,263,9.25,31.875,4.69,35.0,26,7.15,1,1742,70.585,0,0,1,0.5072965116270174
2023,CB,Secondary,Penn St.,Big Ten,74.5,193,10.0,34.0,4.46,35.0,17,6.51,1,2000,82.964,0,1,1,0.7424173498658131
2024,RB,Skill,Arizona,Pac-12,70.5,210,9.25,30.0,4.51,33.5,22,6.93,1,1822,73.172,0,0,0,0.5144437772417635
2024,K,Special Teams,Stanford,Pac-12,73.875,207,9.125,31.5,4.5,37.0,17,6.93,0,1180,32.24,0,0,1,0.4678875216499821
2023,EDGE,DL,Mississippi St.,SEC,74.0,263,9.0,32.875,4.65,28.5,23,7.12,1,1694,75.362,0,0,0,0.44987983036290374
2024,TE,Skill,Florida St.,ACC,74.0,241,10.0,33.0,4.61,35.0,28,7.01,1,1789,83.68,0,0,1,0.5755654063010871
2023,CB,Secondary,Boise St.,Mountain West,74.0,195,9.625,33.75,4.52,32.0,18,7.1,1,1712,52.954,0,0,0,0.4270023386630594
2024,OT,OL,TCU,Big 12,78.875,315,9.5,34.0,5.36,25.5,21,7.95,1,1631,59.244,0,0,0,0.4753226458575559
2025,CB,Secondary,Minnesota,Big Ten,70.125,190,10.0,30.625,4.4,33.33,11,6.65,1,1674,68.599,0,0,1,0.6288663076632897
2025,EDGE,DL,Syracruse,ACC,76.375,257,10.375,33.375,4.57,30.5,24,8.19,1,1499,59.911,0,0,1,0.4645074857613764
2024,DL,DL,Auburn,SEC,74.375,286,9.625,32.0,5.06,29.5,27,6.81,1,1585,67.536,0,0,1,0.5168106703492735
2023,WR,Skill,BYU,FBS Independent,74.0,201,9.5,32.125,4.5,36.5,17,6.94,0,1526,50.481,0,0,1,0.3965390435891877
2024,RB,Skill,Monmouth,CAA,68.0,187,9.25,28.75,4.45,34.5,22,6.6,1,1750,69.843,0,0,0,0.6156936332103607
